Facility Name,District,Amount Paid,Claim Month,Payment Date
1 MEDICAL RECEPTION STATION,TEMA,7993.89,PAYMENT OF CLAIMS FOR FEB.-26,01-Jul-2026
37 MILITARY HOSPITAL,ACCRA,878642.64,PAYMENT OF CLAIMS FOR FEB-26,01-Jul-2026
4 MEDICAL RECEPTION STATION,BANTAMA,26187.17,PAYMENT OF CLAIMS FOR MAR-26,01-Jul-2026
7 MEDICAL RECEPTION STATION,HO,25421.06,PAYMENT OF CLAIMS FOR FEB-26,01-Jul-2026
7 MEDICAL RECEPTION STATION,HO,18855.10,PAYMENT OF CLAIMS FOR JAN-26,01-Jul-2026
A-LANG CHPS COMPOUND,AHANTAMAN MHIS,1183.08,PAYMENT OF CLAIMS FOR APR. 2026,01-Jul-2026
A. K. DEBISO CHPS COMPOUND,GOMOAMAN,622.74,PAYMENT OF CLAIMS FOR APR. 2026,01-Jul-2026
ABAAM HEALTH CENTRE,KWAEBIBIREM,25988.76,PAYMENT OF CLAIMS FOR JAN-26,01-Jul-2026
ABAKOASE CHPS,ATIWA,6964.15,PAYMENT OF CLAIMS FOR MAR-26,01-Jul-2026
ABAKOASE CHPS,ATIWA,8592.32,PAYMENT OF CLAIMS FOR MAR-26,01-Jul-2026
ABANDZE HEALTH CENTRE,MFANTSIMAN,12263.55,PAYMENT OF CLAIMS FOR FEB-26,01-Jul-2026
ABEHENEASE (AKAWANI) CHPS COMPOUND,KWAEBIBIREM,7846.99,PAYMENT OF CLAIMS FOR FEB.-26,01-Jul-2026
ABENASE CHPS COMPOUND,BIRIM NORTH,7638.73,PAYMENT OF CLAIMS FOR MAR-26,01-Jul-2026
ABENE CHPS COMPOUND,OKWAWUMAN S,966.32,PAYMENT OF CLAIMS FOR APR. 2026,01-Jul-2026
ABEPOTIA HEALTH CENTRE,OKWAWUMAN WEST,3902.89,PAYMENT OF CLAIMS FOR APR-26,01-Jul-2026
ABESIM HEALTH CENTRE,SUNYANI MUNICIP,24067.62,PAYMENT OF CLAIMS FOR MAR-26,01-Jul-2026
ABESRE CHPS COMPOUND,MANYA KROBO,1029.71,PAYMENT OF CLAIMS FOR MAR. 2026,01-Jul-2026
ABESRE CHPS COMPOUND,MANYA KROBO,854.46,PAYMENT OF CLAIMS FOR APR. 2026,01-Jul-2026
ABETIFI PRESBYTERIAN HEALTH CENTRE,OKWAWUMAN S,20998.08,PAYMENT OF CLAIMS FOR MAR-26,01-Jul-2026
ABETIFI PRESBYTERIAN HEALTH CENTRE,OKWAWUMAN S,21422.48,PAYMENT OF CLAIMS FOR APR-26,01-Jul-2026
ABEYEE CHPS ZONE,KOMENDA-EDINA-,2346.80,PAYMENT OF CLAIMS FOR JAN-26,01-Jul-2026
ABIRIW CHPS ZONE,AKUAPEM NORTH,27011.75,PAYMENT OF CLAIMS FOR MAR-26,01-Jul-2026
ABLEKUMA-FANMILK HEALTH CENTRE,GA,3327.43,PAYMENT OF CLAIMS FOR JAN-26,01-Jul-2026
ABOABO CHPS (DENKYEMBOUR),DENKYEMBOUR,656.82,PAYMENT OF CLAIMS FOR APR-26,01-Jul-2026
ABOABO CHPS COMPOUND,SUHUM KRA C,814.77,PAYMENT OF CLAIMS FOR APR-26,01-Jul-2026
ABOABO CHPS COMPOUND,SUHUM KRA C,1188.47,PAYMENT OF CLAIMS FOR MAR. 2026,01-Jul-2026
ABOABO HEALTH CENTER (BIRIM SOUTH),BIRIM SOUTH,23127.52,PAYMENT OF CLAIMS FOR APR-26,01-Jul-2026
ABOABOGYA HEALTH CENTRE,KWABRE,10149.16,PAYMENT OF CLAIMS FOR FEB-26,01-Jul-2026
ABOABOGYA HEALTH CENTRE,KWABRE,12046.77,PAYMENT OF CLAIMS FOR MAR-26,01-Jul-2026
ABOABOSO CHPS COMPOUND,MPOHOR WASSA EA,888.09,PAYMENT OF CLAIMS FOR JAN-26,01-Jul-2026
ABOABOSO CHPS COMPOUND,MPOHOR WASSA EA,3130.91,PAYMENT OF CLAIMS FOR NOV-25,01-Jul-2026
ABOABOSO CHPS COMPOUND,MPOHOR WASSA EA,2725.64,PAYMENT OF CLAIM FOR FEB-26,01-Jul-2026
ABOABOSO CHPS COMPOUND,MPOHOR WASSA EA,3258.67,PAYMENT OF CLAIMS FOR DEC-25,01-Jul-2026
ABODOM CHPS COMPOUND (BIRIM NORTH),BIRIM NORTH,1141.31,PAYMENT OF CLAIMS FOR APR. 2026,01-Jul-2026
ABODOM HEALTH CENTRE,AGONA,25998.22,PAYMENT OF CLAIMS FOR MAR-26,01-Jul-2026
ABODUAM CHPS COMPOUND,SEFWI WIAWSO,7120.39,PAYMENT OF CLAIMS FOR MAR-26,01-Jul-2026
ABOFUOR HEALTH CENTRE,OFFINSOMAN,44270.28,PAYMENT OF CLAIMS FOR MAR-26,01-Jul-2026
ABOKOBI HEALTH CENTRE,GA,47658.98,PAYMENT OF CLAIMS FOR FEB-26,01-Jul-2026
ABOKYIKROM CHPS COMPOUND,BIRIM NORTH,1412.92,PAYMENT OF CLAIMS FOR APR. 2026,01-Jul-2026
ABOMASAREFO CHPS COMPOUND,AFRAM PLAINS,1754.35,PAYMENT OF CLAIMS FOR APR. 2026,01-Jul-2026
ABOMOSU HEALTH CENTRE,ATIWA DHIS,52922.61,PAYMENT OF CLAIMS FOR DEC-25,01-Jul-2026
ABONO CHPS COMPOUND,BOSOMTWE-ATWIM,3650.28,PAYMENT OF CLAIM FOR APR-26,01-Jul-2026
ABONSE CHPS,AKUAPEM N,1883.72,PAYMENT OF CLAIMS FOR APR-26,01-Jul-2026
ABONSRAKROM CHPS COMPOUND,DORMAA,1603.24,PAYMENT OF CLAIMS FOR MAR-26,01-Jul-2026
ABONSUASO CHPS COMPOUND,AHAFO-ANO SOUTH,3571.74,PAYMENT OF CLAIMS FOR MAR-26,01-Jul-2026
ABORAH SIKA CATHOLIC CLINIC,MAMPONTENG,18769.51,PAYMENT OF CLAIMS FOR FEB-26,01-Jul-2026
ABORLOVE/NOLOPI CHPS,KETA,1317.40,PAYMENT OF CLAIMS FOR APR. 2026,01-Jul-2026
ABORLOVE/NOLOPI CHPS,KETA,1187.72,PAYMENT OF CLAIMS FOR MAR. 2026,01-Jul-2026
ABOTANSO CHPS COMPOUND,AFRAM PLAINS,5620.28,PAYMENT OF CLAIMS FOR APR-26,01-Jul-2026
ABOTOASE HEALTH CENTRE,JASIKAN,18211.90,PAYMENT OF CLAIMS FOR MAR-26,01-Jul-2026
ABOUNTEM CHPS COMPOUND,BOSOMTWE-ATWIMA,1881.30,PAYMENT OF CLAIMS FOR MAR-26,01-Jul-2026
ABOUNTEM CHPS COMPOUND,BOSOMTWE-ATWIMA,2028.37,PAYMENT OF CLAIMS FOR FEB-26,01-Jul-2026
ABOURSO CHPS,FANTEAKWA,1365.78,PAYMENT OF CLAIMS FOR MAR. 2026,01-Jul-2026
ABRAFI MEMORIAL HOSPITAL,MANHYIA,67417.94,PAYMENT OF CLAIMS FOR DEC-25,01-Jul-2026
ABREM ESSIAM CHPS COMPOUND,KEEA,15596.79,PAYMENT OF CLAIMS FOR FEB-26,01-Jul-2026
ABROKYIRE KROBO CHPS ZONE,WASSA AMENFI E,427.89,PAYMENT OF CLAIMS FOR MAY-26,01-Jul-2026
ABRONYE CHPS,SUNYANI W,4315.38,PAYMENT OF CLAIMS FOR MAR-26,01-Jul-2026
ABUAKWAA HEALTH CENTRE,AMANSIE CENT,59448.81,PAYMENT OF CLAIMS FOR JAN-26,01-Jul-2026
ABUENU CHPS ZONE,ABURA-ASEBU-KWA,2641.31,PAYMENT OF CLAIM FOR MAR-26,01-Jul-2026
ABUOKROM CHPS,JAMAN S,11707.71,PAYMENT OF CLAIMS FOR FEB-26,01-Jul-2026
ABUOKROM CHPS,JAMAN S,9866.49,PAYMENT OF CLAIMS FOR JAN-26,01-Jul-2026
ABUOM HEALTH CENTRE,ASUNAFO SOUTH,26492.31,PAYMENT OF CLAIMS FOR MAR-26,01-Jul-2026
ABURA HEALTH CENTRE,AHANTAMAN,15730.20,PAYMENT OF CLAIMS FOR APR-26,01-Jul-2026
ABURANSA CHPS ZONE,KEEA,7001.53,PAYMENT OF CLAIMS FOR MAR-26,01-Jul-2026
ABUTIA AGOVE HEALTH CENTRE,HO,7899.91,PAYMENT OF CLAIMS FOR MAR-26,01-Jul-2026
ABUTIA KISSIFLUI,HO,5484.24,PAYMENT OF CLAIMS FOR MAR-26,01-Jul-2026
ABUTIA KISSIFLUI,HO,5556.01,PAYMENT OF CLAIMS FOR APR-26,01-Jul-2026
ABUTIA KLOE HEALTH CENTRE,HO,14372.52,PAYMENT OF CLAIMS FOR APR-26,01-Jul-2026
ABUTIA KLOE HEALTH CENTRE,HO,14348.57,PAYMENT OF CLAIMS FOR MAR-26,01-Jul-2026
ABUTIA KLOE HEALTH CENTRE,HO,12485.03,PAYMENT OF CLAIMS FOR FEB-26,01-Jul-2026
ACHANYIRI-GOAYIE CHPS,BUILSA,801.19,PAYMENT OF CLAIMS FOR JAN-26,01-Jul-2026
ACHANYIRI-GOAYIE CHPS,BUILSA,596.76,PAYMENT OF CLAIMS FOR FEB-26,01-Jul-2026
ACHIANSAH CHPS,SUHUM KRA C,2978.83,PAYMENT OF CLAIM FOR MAR-26,01-Jul-2026
ACHIASE CHPS,UPPER DENKYIRA,1756.64,PAYMENT OF CLAIMS FOR APR. 2026,01-Jul-2026
ACHIASE HEALTH CENTRE (EASTERN),BIRIM SOUTH,40123.04,PAYMENT OF CLAIMS FOR FEB-26,01-Jul-2026
ACHIATO CHPS COMPOUND,GA,30327.04,PAYMENT OF CLAIMS FOR FEB-26,01-Jul-2026
ACHUBUNYOR CHPS,WEST GONJA,1855.79,PAYMENT OF CLAIMS FOR APR. 2026,01-Jul-2026
ADA HEALTH CENTRE,DANGME E,11524.35,PAYMENT OF CLAIMS FOR JAN-26,01-Jul-2026
ADAA CHPS COMPOUND,TANO SOUTH,2637.11,PAYMENT OF CLAIMS FOR JAN-26,01-Jul-2026
ADAASE CHPS COMPOUND,OBUASI MUNICIPA,1527.46,PAYMENT OF CLAIMS FOR APR. 2026,01-Jul-2026
ADABOKROM HEALTH CENTRE,BIA,1545.01,PAYMENT OF CLAIMS FOR FEB-26,01-Jul-2026
ADABOKROM HEALTH CENTRE,BIA,2183.39,PAYMENT OF CLAIMS FOR DEC-25,01-Jul-2026
ADABOYA CHPS,BONGO,4727.37,PAYMENT OF CLAIMS FOR MAR-26,01-Jul-2026
ADABRAKA POLYCLINIC,OSU-KLOTTEY,44752.14,PAYMENT OF CLAIMS FOR JAN-26,01-Jul-2026
ADABRAKA POLYCLINIC,OSU-KLOTTEY,45656.77,PAYMENT OF CLAIMS FOR FEB-26,01-Jul-2026
ADADIEM HEALTH CENTRE,JAMAN N,23363.84,PAYMENT OF CLAIMS FOR APR-26,01-Jul-2026
ADAGYA CHPS COMPOUND,BOSOMTWE ATWIMA,912.73,PAYMENT OF CLAIMS FOR JAN-26,01-Jul-2026
ADAGYA CHPS COMPOUND,BOSOMTWE ATWIMA,840.20,PAYMENT OF CLAIMS FOR FEB-26,01-Jul-2026
"ADAKLU WAYA HEALTH CENTRE,",ADAKLU-ANY,12492.64,PAYMENT OF CLAIMS FOR FEB-26,01-Jul-2026
"ADAKLU WAYA HEALTH CENTRE,",ADAKLU-ANY,13467.27,PAYMENT OF CLAIMS FOR MAR-26,01-Jul-2026
ADALEKPOE CHPS COMPOUND,NORTH TONGU,1732.56,PAYMENT OF CLAIMS FOR APR. 2026,01-Jul-2026
ADAMROBE CHPS COMPOUND,AKUAPEM S,7580.34,PAYMENT OF CLAIMS FOR MAR-26,01-Jul-2026
ADAMSU HEALTH CENTRE,JAMAN S,34269.87,PAYMENT OF CLAIMS FOR APR-26,01-Jul-2026
ADANKRANGYA CHPS COMPOUND,AMANSIE EAST,656.71,PAYMENT OF CLAIMS FOR APR. 2026,01-Jul-2026
ADANKRONO CHPS,KWAEBIBIREM,2048.31,PAYMENT OF CLAIMS FOR MAR-26,01-Jul-2026
ADANKRONO CHPS,KWAEBIBIREM,2485.59,PAYMENT OF CLAIMS FOR APR-26,01-Jul-2026
ADANKWAME CHPS COMPOUND,ATWIMA NWABIAGY,9642.25,PAYMENT OF CLAIMS FOR FEB.-26,01-Jul-2026
ADANSI BONAH HEALTH CENTER,OBUASI,10920.61,PAYMENT OF CLAIMS FOR MAR-26,01-Jul-2026
ADANSI NORTH DISTRICT HOSPITAL,BEKWAI,203302.64,PAYMENT OF CLAIMS FOR JAN-26,01-Jul-2026
ADANSI NORTH DISTRICT HOSPITAL,BEKWAI,241407.78,PAYMENT OF CLAIMS FOR MAR-26,01-Jul-2026
ADANSI NORTH DISTRICT HOSPITAL,BEKWAI,205693.90,PAYMENT OF CLAIMS FOR FEB-26,01-Jul-2026
ADANSI TWEAPEASE,ADANSI SOUTH MH,1685.64,PAYMENT OF CLAIMS FOR FEB. 2026,01-Jul-2026
ADASAWASE CHPS,ATIWA,1836.94,PAYMENT OF CLAIMS FOR APR-26,01-Jul-2026
ADAUSENA HEALTH CENTRE,BIRIM NORTH,27978.69,PAYMENT OF CLAIMS FOR MAR-26,01-Jul-2026
ADAWSO HEALTH CENTRE,AKUAPEM N,46431.52,PAYMENT OF CLAIMS FOR JUN 2025,01-Jul-2026
ADAWSO HEALTH CENTRE,AKUAPEM N,49279.80,PAYMENT OF CLAIMS FOR APR-26,01-Jul-2026
ADAWUKWAO CHPS,AWUTU-EFF-SEN,2174.30,PAYMENT OF CLAIM FOR APR-26,01-Jul-2026
ADAWUKWAO CHPS,AWUTU-EFF-SEN,2565.26,PAYMENT OF CLAIM FOR MAR-26,01-Jul-2026
ADDO-NKWANTA CHPS,AKUAPEM N,1775.18,CLAIMS PAYMENT FOR JUN 2025,01-Jul-2026
ADDO-NKWANTA CHPS,AKUAPEM N,2155.13,CLAIMS PAYMENT FOR APR 2025,01-Jul-2026
ADDONKWANTA CHPS COMPOUND,EAST AKIM,21211.35,PAYMENT OF CLAIMS FOR APR-26,01-Jul-2026
ADEISO HEALTH CENTRE,WEST AKIM,78774.39,PAYMENT OF CLAIMS FOR DEC-25,01-Jul-2026
ADEISO HEALTH CENTRE,WEST AKIM,66626.25,PAYMENT OF CLAIMS FOR MARCH-26,01-Jul-2026
ADENSU CHPS COMPOUND,MANYA KROBO,298.76,PAYMENT OF CLAIMS FOR APR-26,01-Jul-2026
ADENSU CHPS COMPOUND,MANYA KROBO,276.71,PAYMENT OF CLAIMS FOR MAR-26,01-Jul-2026
ADENTA CHPS,SUNYANI WEST,951.82,PAYMENT OF CLAIMS FOR JAN-26,01-Jul-2026
ADENYIME CHPS COMPOUND,NORTH TONGU,698.98,PAYMENT OF CLAIMS FOR APR. 2026,01-Jul-2026
ADENYIME CHPS COMPOUND,NORTH TONGU,122.88,PAYMENT OF CLAIMS FOR MAR-26,01-Jul-2026
ADIBO HEALTH CENTRE,YENDI,9839.04,PAYMENT OF CLAIMS FOR APR-26,01-Jul-2026
ADIDAASE CHPS,AMENFIMAN,191.53,PAYMENT OF CLAIMS FOR DEC. 2025,01-Jul-2026
ADIDAASE CHPS,AMENFIMAN,446.77,PAYMENT OF CLAIMS FOR OCT. 2025,01-Jul-2026
ADIDAASE CHPS,AMENFIMAN,514.42,PAYMENT OF CLAIMS FOR MAY 2025,01-Jul-2026
ADIDAASE CHPS,AMENFIMAN,310.27,PAYMENT OF CLAIMS FOR MAR. 2025,01-Jul-2026
ADIDAASE CHPS,AMENFIMAN,254.47,PAYMENT OF CLAIMS FOR FEB. 2026,01-Jul-2026
ADIDAASE CHPS,AMENFIMAN,336.26,PAYMENT OF CLAIMS FOR NOV. 2025,01-Jul-2026
ADIDAASE CHPS,AMENFIMAN,207.12,PAYMENT OF CLAIMS FOR JUN. 2025,01-Jul-2026
ADIDAASE CHPS,AMENFIMAN,878.10,PAYMENT OF CLAIMS FOR JAN. 2026,01-Jul-2026
ADIDAASE CHPS,AMENFIMAN,371.58,PAYMENT OF CLAIMS FOR APR. 2025,01-Jul-2026
ADIDAASE CHPS,AMENFIMAN,806.11,PAYMENT OF CLAIMS FOR JUL. 2025,01-Jul-2026
ADIDAASE CHPS,AMENFIMAN,421.49,PAYMENT OF CLAIMS FOR SEP. 2025,01-Jul-2026
ADIDAASE CHPS,AMENFIMAN,149.13,PAYMENT OF CLAIMS FOR AUG. 2025,01-Jul-2026
ADIDOME ZONGO CHPS COMPOUND,NORTH TONGU,3450.59,PAYMENT OF CLAIMS FOR AUG-24,01-Jul-2026
ADIDOME ZONGO CHPS COMPOUND,NORTH TONGU,12883.64,PAYMENT OF CLAIMS FOR FEB-26,01-Jul-2026
ADIDOME ZONGO CHPS COMPOUND,NORTH TONGU,10704.47,PAYMENT OF CLAIMS FOR MAR-26,01-Jul-2026
ADIEMBRA CHPS MPOHOR WASSA EAST,MPOHOR WASS E,3078.24,PAYMENT OF CLAIMS FOR MAR-2025,01-Jul-2026
ADIEMBRA CHPS MPOHOR WASSA EAST,MPOHOR WASS E,1908.82,PAYMENT OF CLAIMS FOR FEB-2025,01-Jul-2026
ADIEMBRA CHPS MPOHOR WASSA EAST,MPOHOR WASS E,3352.01,PAYMENT OF CLAIMS FOR DEC-25,01-Jul-2026
ADIEMBRA CHPS(BIRIM SOUTH),BIRIM SOUTH,2357.52,PAYMENT OF CLAIMS FOR APR-26,01-Jul-2026
ADIMPOSO II CHPS,AMANSIE WEST,3177.21,PAYMENT OF CLAIMS FOR JAN-26,01-Jul-2026
ADINA HEALTH CENTRE,KETU,14499.18,PAYMENT OF CLAIMS FOR APR-26,01-Jul-2026
ADJAKAA MANSO HEALTH CENTRE,AMENFIMAN,16275.00,PAYMENT OF CLAIMS FOR JAN. 2026,01-Jul-2026
ADJAKAA MANSO HEALTH CENTRE,AMENFIMAN,17338.30,PAYMENT OF CLAIMS FOR APR-26,01-Jul-2026
ADJENA HEALTH CENTRE,ASUOGYAMAN,18546.21,PAYMENT OF CLAIMS FOR FEB-26,01-Jul-2026
ADJENA HEALTH CENTRE,ASUOGYAMAN,13441.74,PAYMENT OF CLAIMS FOR MAR-26,01-Jul-2026
ADJIKPO CHPS,YILO KROBO,2064.40,PAYMENT OF CLAIM FOR APR-26,01-Jul-2026
ADJOUM CHPS COMPOUND,AOWIN-SU,5014.47,PAYMENT OF CLAIMS FOR FEB.-26,01-Jul-2026
ADJOUM CHPS COMPOUND,AOWIN-SU,3492.91,PAYMENT OF CLAIMS FOR MAR-26,01-Jul-2026
ADJUAH CHPS COMPOUND,AHANTAMAN,3590.12,PAYMENT OF CLAIM FOR APR-26,01-Jul-2026
ADJUMAKO-MPATASE CHPS,AHANTAMAN,1264.41,PAYMENT OF CLAIMS FOR APR. 2026,01-Jul-2026
ADOAGYIRI HEALTH CENTRE (AKUAPEM SOUTH),AKUAPEM SOUTH,26294.24,PAYMENT OF CLAIMS FOR MAR-26,01-Jul-2026
ADOAGYIRI HEALTH CENTRE (AKUAPEM SOUTH),AKUAPEM SOUTH,25645.11,PAYMENT OF CLAIMS FOR FEB-26,01-Jul-2026
ADOAGYIRI HEALTH CENTRE (AKUAPEM SOUTH),AKUAPEM SOUTH,32469.44,PAYMENT OF CLAIMS FOR APR-26,01-Jul-2026
ADOLESCENT HEALTH CENTRE,WA MUN,7724.01,PAYMENT OF CLAIMS FOR MAR-26,01-Jul-2026
ADOM ESTATE HEALTH CENTER,CENTRAL,9070.02,PAYMENT OF CLAIMS FOR JAN-26,01-Jul-2026
ADONNIKROM CHPS COMPOUND,AOWIN-SU,2806.54,PAYMENT OF CLAIM FOR MAR-26,01-Jul-2026
ADROBAA HEALTH CENTER,TANO N,24171.89,PAYMENT OF CLAIMS FOR FEB-26,01-Jul-2026
ADROBAA HEALTH CENTER,TANO N,27740.00,PAYMENT OF CLAIMS FOR MAR-26,01-Jul-2026
ADROBAA HEALTH CENTER,TANO N,31500.11,PAYMENT OF CLAIMS FOR APR-26,01-Jul-2026
ADUAMOA CHPS,OKWAWUMAN HIS S,3030.76,PAYMENT OF CLAIMS FOR APR-26,01-Jul-2026
ADUBENSASO CHPS,ADANSI AKROFUOM,153.81,PAYMENT OF CLAIMS FOR DEC-25,01-Jul-2026
ADUBIASE CHPS ZONE,BIRIM NORTH DMH,3440.96,PAYMENT OF CLAIM FOR APR-26,01-Jul-2026
ADUBINSU HEALTH CENTRE,KWABRE,3452.73,PAYMENT OF CLAIMS FOR MAR-26,01-Jul-2026
ADUBINSU HEALTH CENTRE,KWABRE,4416.83,PAYMENT OF CLAIMS FOR FEB-26,01-Jul-2026
ADUBINSU HEALTH CENTRE,KWABRE,7001.72,PAYMENT OF CLAIMS FOR JAN-26,01-Jul-2026
ADUHIMA CHPS COMPOUND,OKWAWUMAN S,6861.54,PAYMENT OF CLAIMS FOR FEB.-26,01-Jul-2026
ADUHIMA CHPS COMPOUND,OKWAWUMAN S,7547.18,PAYMENT OF CLAIMS FOR MAR-26,01-Jul-2026
ADUHIMA CHPS COMPOUND,OKWAWUMAN S,8473.02,ACCRUAL OF UNVETTED CLAIMS FOR DEC-25,01-Jul-2026
ADUKROM HEALTH CENTRE,AKUAPEM N,27867.04,PAYMENT OF CLAIMS FOR APR-26,01-Jul-2026
ADUM BANSO COMMUNITY CLINIC,MPOHOR WASS E,206.68,PAYMENT OF CLAIMS FOR APR-26,01-Jul-2026
ADUM DOMINASE CHPS,MPOHOR WASS E,1559.73,PAYMENT OF CLAIMS FOR APR-26,01-Jul-2026
ADUMAN CHPS COMPOUND,KWABRE,3262.33,PAYMENT OF CLAIM FOR FEB-26,01-Jul-2026
ADUMASA CHPS COMPOUND,AMANSIE EAST,328.77,PAYMENT OF CLAIMS FOR APR-26,01-Jul-2026
ADUONYA CHPS COMPOUND,SUNYANI W,5962.59,PAYMENT OF CLAIMS FOR MAR-26,01-Jul-2026
ADUSUAZO CHPS COMPOUND,JOMORO,1655.55,PAYMENT OF CLAIMS FOR MAY-26,01-Jul-2026
ADUTOR HEALTH CENTRE,SOUTH TONGU,9383.90,PAYMENT OF CLAIMS FOR JAN.-26,01-Jul-2026
ADUTOR HEALTH CENTRE,SOUTH TONGU,15373.54,PAYMENT OF CLAIMS FOR FEB-26,01-Jul-2026
ADWESO HEALTH CENTRE,NEW JUABEN MHIS,10437.65,PAYMENT OF CLAIMS FOR JAN-26,01-Jul-2026
ADWUMAKASEKESE HEALTH CENTRE,KWABRE,5899.34,PAYMENT OF CLAIMS FOR APR-25,01-Jul-2026
ADWUMAKASEKESE HEALTH CENTRE,KWABRE,8415.61,PAYMENT OF CLAIMS FOR DEC-24,01-Jul-2026
ADWUMAKASEKESE HEALTH CENTRE,KWABRE,14484.19,PAYMENT OF CLAIMS FOR OCT-25,01-Jul-2026
ADWUMAM CHPS COMPOUND,ASUNAFO,5354.45,PAYMENT OF CLAIMS FOR MAR-26,01-Jul-2026
ADWUMAMU CHPS,JUABOSO,758.53,PAYMENT OF CLAIMS FOR APR. 2026,01-Jul-2026
ADZOATSI CHPS COMPOUND,KETU NORTH,1365.59,PAYMENT OF CLAIMS FOR FEB. 2026,01-Jul-2026
ADZOKOE HEALTH CENTRE,SOUTH DAYI,4512.77,PAYMENT OF CLAIMS FOR MAR-26,01-Jul-2026
ADZOKOE HEALTH CENTRE,SOUTH DAYI,4232.80,PAYMENT OF CLAIMS FOR MAR-26,01-Jul-2026
AFAODE CHPS ZONE,NORTH TONGU,362.98,PAYMENT OF CLAIMS FOR APR-26,01-Jul-2026
AFAODE CHPS ZONE,NORTH TONGU,734.60,PAYMENT OF CLAIMS FOR MAR. 2026,01-Jul-2026
AFEGAME CHPS,ADAKLU-ANY,2135.33,PAYMENT OF CLAIM FOR MAR-26,01-Jul-2026
AFFIENA CHPS COMPOUND,AMENFIMAN,1217.12,PAYMENT OF CLAIMS FOR APR. 2026,01-Jul-2026
AFIENYA CHPS COMPOUND,DAGME WEST,1122.94,PAYMENT OF CLAIMS FOR APR-26,01-Jul-2026
AFIFE HEALTH CENTRE,KETU NORTH,12817.85,PAYMENT OF CLAIMS FOR APR-26,01-Jul-2026
AFIFE HEALTH CENTRE,KETU NORTH,10408.13,PAYMENT OF CLAIMS FOR FEB-26,01-Jul-2026
AFIFE HEALTH CENTRE,KETU NORTH,14491.67,PAYMENT OF CLAIMS FOR MAR-26,01-Jul-2026
AFOFOSU CHPS COMPOUND,ASIKUMA ODOBEN,1724.88,PAYMENT OF CLAIMS FOR APR. 2026,01-Jul-2026
AFOSU HEALTH CENTRE,BIRIM NORTH DMH,11228.43,PAYMENT OF CLAIMS FOR MAR-26,01-Jul-2026
AFOSU HEALTH CENTRE,BIRIM NORTH DMH,11456.85,PAYMENT OF CLAIMS FOR APR-26,01-Jul-2026
AFRANCHO HEALTH CENTER,KWABRE,218389.27,PAYMENT OF CLAIMS FOR JAN-26,01-Jul-2026
AFRICA LIBERA CLINIC,NKORANZA,26119.87,PAYMENT OF CLAIMS FOR FEB-26,01-Jul-2026
AFRICA LIBERA CLINIC,NKORANZA,31225.04,PAYMENT OF CLAIMS FOR MAR-26,01-Jul-2026
AGANDAA CHPS,KASENA-NANKANA,827.96,PAYMENT OF CLAIMS FOR FEB-26,01-Jul-2026
AGANDAA CHPS,KASENA-NANKANA,1347.48,ACCRUAL OF UNVETTED CLAIMS FOR NOV-25,01-Jul-2026
AGATUSI CHPS (BAWKU WEST),BAWKU WEST,5532.71,PAYMENT OF CLAIMS FOR DEC-25,01-Jul-2026
AGAVEDZI HEALTH CENTER,KETU,16936.42,PAYMENT OF CLAIMS FOR APR-26,01-Jul-2026
AGAVEDZI HEALTH CENTER,KETU,15206.61,PAYMENT OF CLAIMS FOR MAR-26,01-Jul-2026
AGAVENYA CHPS COMPOUND,NEW JUABEN,2982.29,PAYMENT OF CLAIMS FOR FEB-26,01-Jul-2026
AGBATEH CHPS COMPOUND,SOUTH DAYI,1197.44,PAYMENT OF CLAIMS FOR APR. 2026,01-Jul-2026
AGBENOXOE HEALTH CENTRE,KPANDO,2289.40,PAYMENT OF CLAIM FOR MAR-26,01-Jul-2026
AGBESIA CHPS,ADAKLU,10058.51,PAYMENT OF CLAIMS FOR MAR-26,01-Jul-2026
AGBESIA CHPS,ADAKLU,7066.05,PAYMENT OF CLAIMS FOR JAN-26,01-Jul-2026
AGBEVE CHPS COMPOUND,SOUTH TONGU,278.92,PAYMENT OF CLAIMS FOR APR-26,01-Jul-2026
AGGRESSO CHPS,AMENFIMAN,1136.28,PAYMENT OF CLAIMS FOR APR. 2026,01-Jul-2026
AGOGO PRESBYTERIAN HOSPITAL,ASANTE AKIM NOR,937709.12,PAYMENT OF CLAIMS FOR JAN-26,01-Jul-2026
AGOMEDA HEALTH CENTRE (AGOMEDA),DANGME WEST,13222.89,PAYMENT OF CLAIMS FOR JAN-26,01-Jul-2026
AGOMEDA HEALTH CENTRE (AGOMEDA),DANGME WEST,22308.09,PAYMENT OF CLAIMS FOR MAR-26,01-Jul-2026
AGOMEDA HEALTH CENTRE (AGOMEDA),DANGME WEST,16817.17,PAYMENT OF CLAIMS FOR FEB-26,01-Jul-2026
AGOMEDA HEALTH CENTRE (AGOMEDA),DANGME WEST,21990.86,PAYMENT OF CLAIMS FOR APR-26,01-Jul-2026
"AGONA AMENFI HEALTH CENTRE,",AMENFIMAN,9547.22,PAYMENT OF CLAIMS FOR FEB-26,01-Jul-2026
AGONA CAMP CHPS,AMENFIMAN,2545.74,PAYMENT OF CLAIMS FOR MAY-23,01-Jul-2026
AGONA CAMP CHPS,AMENFIMAN,1496.41,PAYMENT OF CLAIMS FOR JAN-23,01-Jul-2026
AGONA CAMP CHPS,AMENFIMAN,2291.55,PAYMENT OF CLAIMS FOR FEB-23,01-Jul-2026
AGONA CAMP CHPS,AMENFIMAN,1732.77,PAYMENT OF CLAIMS FOR DEC-25,01-Jul-2026
AGONA CAMP CHPS,AMENFIMAN,2782.42,PAYMENT OF CLAIMS FOR MAR-23,01-Jul-2026
AGONA CAMP CHPS,AMENFIMAN,3790.52,PAYMENT OF CLAIMS FOR APR-23,01-Jul-2026
AGONA GOVERNMENT HOSPITAL,AFIGYA SEK,170527.52,PAYMENT OF CLAIMS FOR JAN-26,01-Jul-2026
AGONA NINTA/NAMPONG CHPS,AGONA,886.15,PAYMENT OF CLAIMS FOR FEB-26,01-Jul-2026
AGONAFIE CHPS COMPOUND,AHANTA WEST,497.28,PAYMENT OF CLAIMS FOR APR-26,01-Jul-2026
AGORDEKE CHPS COMPOUND,AFRAM PLAINS,1950.10,PAYMENT OF CLAIMS FOR APR-26,01-Jul-2026
AGORMANYA CHPS COMPOUND,MANYA KROBO,1643.55,PAYMENT OF CLAIMS FOR APR. 2026,01-Jul-2026
AGORMANYA CHPS COMPOUND,MANYA KROBO,2763.48,PAYMENT OF CLAIM FOR JAN-26,01-Jul-2026
AGORTA CHPS COMPOUND,SOUTH TONGU,2007.45,PAYMENT OF CLAIMS FOR MAR-26,01-Jul-2026
AGORTA CHPS COMPOUND,SOUTH TONGU,2241.38,PAYMENT OF CLAIMS FOR FEB-26,01-Jul-2026
AGORTIME CHPS COMPOUND,AFRAM PLAINS,2154.29,PAYMENT OF CLAIMS FOR APR-26,01-Jul-2026
AGORTIME CHPS COMPOUND,AFRAM PLAINS,2002.06,PAYMENT OF CLAIM FOR MAR-26,01-Jul-2026
AGORTOE CHPS (KETA),KETA,3683.21,PAYMENT OF CLAIM FOR MAR-26,01-Jul-2026
AGUBIE CHPS COMPOUND,WENCHI,3724.79,PAYMENT OF CLAIMS FOR MAR-26,01-Jul-2026
AGUUSI CHPS COMPOUND,BOLGA,1502.40,PAYMENT OF CLAIMS FOR APR. 2026,01-Jul-2026
AGUUSI CHPS COMPOUND,BOLGA,2131.85,PAYMENT OF CLAIMS FOR DEC-25,01-Jul-2026
AGYAPOMAA CHPS,EAST AKIM,4355.87,PAYMENT OF CLAIMS FOR APR-26,01-Jul-2026
AGYAPOMAA CHPS,EAST AKIM,4932.76,PAYMENT OF CLAIMS FOR MAR-26,01-Jul-2026
AGYATA CHPS ZONE,AFRAM PLAINS,1643.67,PAYMENT OF CLAIMS FOR MAR. 2026,01-Jul-2026
AGYATA CHPS ZONE,AFRAM PLAINS,1515.29,PAYMENT OF CLAIMS FOR APR-26,01-Jul-2026
AGYEMANTI CHPS,AKUAPEM SOUTH,2163.44,ACCRUAL OF UNVETTED CLAIMS FOR OCT-25,01-Jul-2026
AHAFO ANO NORTH MUNICIPAL HOSPITAL (TEPA DISTRICT HOSPITAL),AHAFO ANO N,291028.75,PAYMENT OF CLAIMS FOR DEC-25,01-Jul-2026
AHAMAKORAMBUA CHPS COMPOUND,AJUMAKO ENYAN,3786.85,PAYMENT OF CLAIM FOR APR-26,01-Jul-2026
AHAMANSU HEALTH CENTRE,KADJEBI,14087.55,PAYMENT OF CLAIMS FOR JUN-25,01-Jul-2026
AHENEMA KOKOBEN HEALTH CENTRE,BOSOMTWE-A_K,21159.12,PAYMENT OF CLAIMS FOR MAR-26,01-Jul-2026
AHENKRASU CHPS,EAST AKIM,1557.67,PAYMENT OF CLAIMS FOR APR-26,01-Jul-2026
AHENKRASU CHPS,EAST AKIM,1802.08,PAYMENT OF CLAIMS FOR MAY-26,01-Jul-2026
AHENSAN CHPS COMPOUND,SEKYERE EAST-EF,1564.32,PAYMENT OF CLAIMS FOR MAR. 2026,01-Jul-2026
AHENSAN CHPS COMPOUND,SEKYERE EAST-EF,1742.01,PAYMENT OF CLAIMS FOR FEB. 2026,01-Jul-2026
AHINKWA CHPS,YILO KROBO,1700.63,PAYMENT OF CLAIMS FOR APR. 2026,01-Jul-2026
"AHMADIYYA MISSION HOSPITAL, MIM",ASUNAFO N,102047.91,PAYMENT OF CLAIMS FOR FEB-26,01-Jul-2026
AHMADIYYA MUSLIM MISSION (AGONA),AGONA NHIS,118685.39,PAYMENT OF CLAIMS FOR FEB-26,01-Jul-2026
AHODJO OKOBEYEYE CHPS COMPOUND,AKUAPEM NORTH,1805.45,PAYMENT OF CLAIMS FOR MAR. 2026,01-Jul-2026
AHODJO OKOBEYEYE CHPS COMPOUND,AKUAPEM NORTH,1889.25,PAYMENT OF CLAIMS FOR APR. 2026,01-Jul-2026
AHOMAHOMASO CHPS ZONE,FANTEAKWA,10096.30,PAYMENT OF CLAIMS FOR MAR-26,01-Jul-2026
AHWERASE CHPS COMPOUND,AKUAPEM S,4126.72,PAYMENT OF CLAIMS FOR MAR-26,01-Jul-2026
AHWEREWA CHPS COMPOUND,SEKYERE EAST,4172.35,PAYMENT OF CLAIMS FOR MAR-26,01-Jul-2026
AIDOOSUAZO CHPS COMPOUND,ELEMBELLE,9344.89,PAYMENT OF CLAIMS FOR MAR-26,01-Jul-2026
AIDOOSUAZO CHPS COMPOUND,ELEMBELLE,10003.67,PAYMENT OF CLAIMS FOR APR-26,01-Jul-2026
AIRBORNE MEDICAL CENTRE,SAGNARIGU,4264.69,PAYMENT OF CLAIMS FOR JAN-26,01-Jul-2026
AIRPORT CHPS ZONE,ASUNAFO NORTH,4501.33,PAYMENT OF CLAIMS FOR MAR-26,01-Jul-2026
AIRPORT CHPS ZONE,ASUNAFO NORTH,4046.67,PAYMENT OF CLAIMS FOR MAR-26,01-Jul-2026
AJALAJA CHPS COMPOUND,PRU,2053.85,PAYMENT OF CLAIMS FOR APR-26,01-Jul-2026
AJUMAKO DISTRICT HOSPITAL,AJUMAKO ENYAN,282782.59,PAYMENT OF CLAIMS FOR FEB-26,01-Jul-2026
AJUMAKO DISTRICT HOSPITAL,AJUMAKO ENYAN,178635.06,PAYMENT OF CLAIMS FOR DEC 25,01-Jul-2026
AKAATISO CHPS (BIA),BIA,8349.68,PAYMENT OF CLAIMS FOR MAR-26,01-Jul-2026
AKAKOM CHPS,ATIWA,3722.45,PAYMENT OF CLAIM FOR APR-26,01-Jul-2026
AKAMAKOPE CHPS COMPOUND,AFRAM PLAINS HI,653.24,PAYMENT OF CLAIMS FOR MAY-26,01-Jul-2026
AKAMAKOPE CHPS COMPOUND,AFRAM PLAINS HI,547.63,PAYMENT OF CLAIMS FOR APR. 2026,01-Jul-2026
AKAME CHPS ZONE,KETU,3306.60,PAYMENT OF CLAIM FOR APR-26,01-Jul-2026
AKANIEM CHPS (KRACHI WEST),KRACHI WEST D,4916.01,PAYMENT OF CLAIMS FOR MAR-26,01-Jul-2026
AKANTENG CHPS COMPOUND,WEST AKIM,13653.72,PAYMENT OF CLAIMS FOR APR-26,01-Jul-2026
AKARA CHPS COMPOUND,GARU,1450.98,PAYMENT OF CLAIMS FOR APR-26,01-Jul-2026
AKATAWIA CHPS COMPOUND,MANYA KROBO,1430.17,PAYMENT OF CLAIMS FOR APR. 2026,01-Jul-2026
AKATAWIA CHPS COMPOUND,MANYA KROBO,1564.21,PAYMENT OF CLAIMS FOR MAR. 2026,01-Jul-2026
AKATENCHIE CHPS COMPOUND,AHANTAMAN,2283.94,PAYMENT OF CLAIMS FOR APR-26,01-Jul-2026
AKATENG HEALTH CENTRE- UPPER MANYA KROBO,MANYA KROBO,15123.28,PAYMENT OF CLAIMS FOR MAR-26,01-Jul-2026
AKATENG HEALTH CENTRE- UPPER MANYA KROBO,MANYA KROBO,17463.54,PAYMENT OF CLAIMS FOR APR-26,01-Jul-2026
AKENTEN APPIAH-MENKA UNIVERSITY OF SKILLS TRAINING AND ENTERPRENEURIAL DEVELOPMENT - AAMUSTED CLINIC,SEKYERE WEST,5672.10,PAYMENT OF CLAIMS FOR DEC-25,01-Jul-2026
AKENTEN APPIAH-MENKA UNIVERSITY OF SKILLS TRAINING AND ENTERPRENEURIAL DEVELOPMENT - AAMUSTED CLINIC,SEKYERE WEST,7945.62,PAYMENT OF CLAIMS FOR FEB.-26,01-Jul-2026
AKETEBUOR CHPS COMPOUND,MANYA KROBO,720.62,PAYMENT OF CLAIMS FOR APR. 2026,01-Jul-2026
AKETEKYI CHPS COMPOUND,AHANTAMAN,1443.71,PAYMENT OF CLAIMS FOR APR-26,01-Jul-2026
AKIM STATE CHPS COMPOUND,BIRIM SOUTH,814.39,PAYMENT OF CLAIMS FOR APR. 2026,01-Jul-2026
AKIM STATE CHPS COMPOUND,BIRIM SOUTH,736.60,PAYMENT OF CLAIMS FOR MAR. 2026,01-Jul-2026
AKIM TAKYI CHPS COMPOUND,BIRIM SOUTH,2040.91,PAYMENT OF CLAIM FOR APR-26,01-Jul-2026
AKOASE RCH,BIRIM NORTH DMH,19007.28,PAYMENT OF CLAIMS FOR APR-26,01-Jul-2026
AKOBIMA CHPS,MFANTSIMAN,1241.02,PAYMENT OF CLAIMS FOR JAN. 2026,01-Jul-2026
HOHOE KITIKPA HEALTH CENTRE,HOEHOE,3646.30,PAYMENT OF CLAIM FOR MAR-26,01-Jul-2026
HOHOE MUNICIPAL HOSPITAL,HOHOE,381581.19,PAYMENT OF CLAIMS FOR FEB-26,01-Jul-2026
HOHOE MUNICIPAL HOSPITAL,HOHOE,500292.72,PAYMENT OF CLAIMS FOR JAN-26,01-Jul-2026
HOHOE MUNICIPAL HOSPITAL,HOHOE,606164.18,PAYMENT OF CLAIMS FOR AUG-25,01-Jul-2026
HOLUTA CHPS COMPOUND,HO,2531.33,PAYMENT OF CLAIM FOR MAR-26,01-Jul-2026
HOLUTA CHPS COMPOUND,HO,1036.80,PAYMENT OF CLAIMS FOR APR. 2026,01-Jul-2026
HOLY BRIDGE CLINIC AND MATERNITY HOME,ADENTA,7109.98,PAYMENT OF CLAIMS FOR JAN.-26,01-Jul-2026
HOLY CHILD HEALTH CENTRE (EGYAM),AMENFI WEST,4313.14,PAYMENT OF CLAIMS FOR MAR-26,01-Jul-2026
HOLY CHILD HEALTH CENTRE (FIJAI),SEKONDI SM,141980.18,PAYMENT OF CLAIMS FOR FEB-26,01-Jul-2026
HOLY ROSARY HEALTH CENTRE (AMANKWA HEALTH CENTRE),AFRAM PLAINS,17170.83,PAYMENT OF CLAIMS FOR APR-26,01-Jul-2026
HOLY ROSARY HEALTH CENTRE (AMANKWA HEALTH CENTRE),AFRAM PLAINS,19306.57,PAYMENT OF CLAIMS FOR MAR-26,01-Jul-2026
HOLY ROSARY HEALTH CENTRE (AMANKWA HEALTH CENTRE),AFRAM PLAINS,17644.39,PAYMENT OF CLAIMS FOR FEB-26,01-Jul-2026
HON. SAMUEL OWUSU AGYEI HEALTH CENTER,EWUTU EFFUTU SE,10945.82,PAYMENT OF CLAIMS FOR FEB-26,01-Jul-2026
HOPE CENTRE CLINIC,HO,1307.92,PAYMENT OF CLAIMS FOR MAR. 2026,01-Jul-2026
HOPE CENTRE CLINIC,HO,1396.06,PAYMENT OF CLAIMS FOR APR. 2026,01-Jul-2026
HOPE CHRISTIAN HOSPITAL/ANDREA BROWNING CLINIC,GOMOAMAN,66391.19,PAYMENT OF CLAIMS FOR MARCH-26,01-Jul-2026
HORME-KEKPO CHPS,NORTH TONGU,845.35,PAYMENT OF CLAIMS FOR MAR. 2026,01-Jul-2026
HORME-KEKPO CHPS,NORTH TONGU,1096.70,PAYMENT OF CLAIMS FOR APR. 2026,01-Jul-2026
HOVIEFE CHPS ZONE,HO,626.33,PAYMENT OF CLAIMS FOR APR. 2026,01-Jul-2026
HUNI VALLEY HEALTH CENTRE,WASSA-WEST,20251.67,PAYMENT OF CLAIMS FOR FEB-26,01-Jul-2026
HWEEHWEE CLINIC,OKWAWUMAN S,5701.04,PAYMENT OF CLAIMS FOR APR-26,01-Jul-2026
HWIDIEM CHPS COMPOUND,ADANSI SOUTH,1597.48,PAYMENT OF CLAIMS FOR JAN-26,01-Jul-2026
Ho Technical University,HO,112109.60,PAYMENT OF CLAIMS FOR JAN-26,01-Jul-2026
Ho Technical University,HO,94070.78,PAYMENT FOR CLAIMS- FEB 26,01-Jul-2026
IDUAPRIEM HEALTH CENTRE,WASSA-WEST,8613.60,PAYMENT OF CLAIMS FOR FEB.-26,01-Jul-2026
IMMACULATE CONCEPTION HEALTH CENTRE,NADOWLI MHIS,37743.98,PAYMENT OF CLAIMS FOR APR-26,01-Jul-2026
"INCHABAN HEALTH CENTRE,.",SHAMA,23145.16,PAYMENT OF CLAIMS FOR APR-26,01-Jul-2026
INFANT JESUS CATHOLIC CLINIC,AWUTU,3566.77,PAYMENT OF CLAIMS FOR FEB-26,01-Jul-2026
INTERNATIONAL MARITIME HOSPITAL GHANA LIMITED,TEMA,4101.44,PAYMENT OF CLAIMS FOR MAR-26,01-Jul-2026
ISRAEL HEALTH CENTRE,GA,2159.33,PAYMENT OF CLAIMS FOR APR-26,01-Jul-2026
ISSA HEALTH CENTRE (ISSA POLYCLINIC),NADOWLI,89766.45,PAYMENT OF CLAIMS FOR APR-26,01-Jul-2026
JAGSA CHPS COMPOUND,BUILSA,714.58,PAYMENT OF CLAIMS FOR FEB-26,01-Jul-2026
JAGSA CHPS COMPOUND,BUILSA,533.18,PAYMENT OF CLAIMS FOR MAR-26,01-Jul-2026
JAKAI HEALTH CENTRE,ASSIN SOUTH,11503.70,PAYMENT OF CLAIMS FOR MAR-26,01-Jul-2026
JAMA HEALTH CENTRE,BOLE DMHIS,10052.44,PAYMENT OF CLAIMS FOR APR-26,01-Jul-2026
JAMAICA CHPS,BIRIM SOUTH,3169.79,PAYMENT OF CLAIM FOR APR-26,01-Jul-2026
JAMASI HEALTH CENTRE,AFIGYA SEK,22076.49,PAYMENT OF CLAIMS FOR MAR-26,01-Jul-2026
JAMASI NO 2 CHPS,OKWAHUMAN W,1621.69,PAYMENT OF CLAIMS FOR FEB. 2026,01-Jul-2026
JAMBUSI CHPS,WA WEST,5506.14,PAYMENT OF CLAIMS FOR MAY-26,01-Jul-2026
JAMERA CHPS,JAMAN N,14378.88,PAYMENT OF CLAIMS FOR APR-26,01-Jul-2026
JAMRA POLYCLINIC,A.O.B,23491.78,PAYMENT OF CLAIMS FOR FEB-26,01-Jul-2026
JANGA HOSPITAL,W MAMPRUSI,124524.94,PAYMENT OF CLAIMS FOR APR-25,01-Jul-2026
JANJORI-KUKUO H/ CENTRE,SAVE/NANTONG,8158.47,PAYMENT OF CLAIMS FOR APR-26,01-Jul-2026
JANTONG CHPS,EAST GONJA,5967.00,PAYMENT OF CLAIMS FOR APR-26,01-Jul-2026
JAPEKROM CHPS,JAMAN SOUTH,29487.22,PAYMENT OF CLAIMS FOR FEB-26,01-Jul-2026
JASICO COLLEGE CLINIC,JASIKAN,1070.21,PAYMENT OF CLAIMS FOR MAR. 2026,01-Jul-2026
JEDUA KESSE CHPS,AMENFIMAN,835.40,PAYMENT OF CLAIMS FOR MAR. 2025,01-Jul-2026
JEDUA KESSE CHPS,AMENFIMAN,950.39,PAYMENT OF CLAIMS FOR AUG. 2025,01-Jul-2026
JEDUA KESSE CHPS,AMENFIMAN,874.40,PAYMENT OF CLAIMS FOR FEB. 2025,01-Jul-2026
JEDUA KESSE CHPS,AMENFIMAN,709.61,PAYMENT OF CLAIMS FOR OCT. 2025,01-Jul-2026
JEDUA KESSE CHPS,AMENFIMAN,495.64,PAYMENT OF CLAIMS FOR FEB-26,01-Jul-2026
JEDUA KESSE CHPS,AMENFIMAN,623.95,PAYMENT OF CLAIMS FOR SEP. 2025,01-Jul-2026
JEDUA KESSE CHPS,AMENFIMAN,657.64,PAYMENT OF CLAIMS FOR DEC. 2024,01-Jul-2026
JEDUA KESSE CHPS,AMENFIMAN,395.18,PAYMENT OF CLAIMS FOR MAY 2025,01-Jul-2026
JEDUA KESSE CHPS,AMENFIMAN,496.04,PAYMENT OF CLAIMS FOR JAN. 2025,01-Jul-2026
JEDUA KESSE CHPS,AMENFIMAN,628.33,PAYMENT OF CLAIMS FOR JUN. 2025,01-Jul-2026
JEDUA KESSE CHPS,AMENFIMAN,575.32,PAYMENT OF CLAIMS FOR JUL. 2025,01-Jul-2026
JEDUA KESSE CHPS,AMENFIMAN,670.55,PAYMENT OF CLAIMS FOR APR. 2025,01-Jul-2026
JEDUA KESSE CHPS,AMENFIMAN,782.23,PAYMENT OF CLAIMS FOR NOV. 2024,01-Jul-2026
JEDUA KESSE CHPS,AMENFIMAN,726.27,PAYMENT OF CLAIMS FOR NOV. 2025,01-Jul-2026
JEDUA KESSE CHPS,AMENFIMAN,560.09,PAYMENT OF CLAIMS FOR DEC. 2025,01-Jul-2026
JEDUA KESSE CHPS,AMENFIMAN,228.75,PAYMENT OF CLAIMS FOR JAN. 2026,01-Jul-2026
JENINI CHPS,JAMAN N,22203.93,PAYMENT OF CLAIMS FOR APR-26,01-Jul-2026
JENTILPE HEALTH CENTRE,SAWLA TUNA K,2593.35,PAYMENT OF CLAIMS FOR FEB 2026,01-Jul-2026
JERICHO HEALTH CENTER,ASHAIMAN,7140.12,PAYMENT OF CLAIMS FOR FEB-26,01-Jul-2026
JETIASE CHPS COMPOUND,SEKYERE WEST,3261.15,PAYMENT OF CLAIM FOR FEB-26,01-Jul-2026
JIMLE HEALTH CENTRE,YENDI DIST HIS,3668.60,PAYMENT OF CLAIM FOR MAR-26,01-Jul-2026
JOMA HEALTH CENTER,GA CENTRAL DIST,7787.06,PAYMENT OF CLAIMS FOR FEB-26,01-Jul-2026
JONGA CHPS,WA MUN,5188.74,PAYMENT OF CLAIMS FOR MAR-26,01-Jul-2026
JONGA CHPS,WA MUN,4369.00,PAYMENT OF CLAIMS FOR FEB-26,01-Jul-2026
JONGFIAN CHPS,WA EAST,1497.41,PAYMENT OF CLAIMS FOR FEB-26,01-Jul-2026
JORDAN-NU CHPS,KPANDO,3682.62,PAYMENT OF CLAIMS FOR APR-26,01-Jul-2026
JUANAYILI CHPS,NANUMBA NORTH,12217.02,PAYMENT OF CLAIMS FOR APR-26,01-Jul-2026
JUANSA HEALTH CENTRE,ASANTE AKIM N,164636.52,PAYMENT OF CLAIMS FOR FEB 2026,01-Jul-2026
JUAPONG HEALTH CENTRE,NORTH TONGU,60029.98,PAYMENT OF CLAIMS FOR FEB-26,01-Jul-2026
JUDICIAL SERVICES CLINIC,ASHIEDU KE,989.38,PAYMENT OF CLAIMS FOR APR. 2026,01-Jul-2026
JUDICIAL SERVICES CLINIC,ASHIEDU KE,818.78,PAYMENT OF CLAIMS FOR JAN-26,01-Jul-2026
JUDICIAL SERVICES CLINIC,ASHIEDU KE,1019.49,PAYMENT OF CLAIMS FOR MAR. 2026,01-Jul-2026
JUKWA HEALTH CENTRE,TLD,17412.68,PAYMENT OF CLAIMS FOR APR-26,01-Jul-2026
JUKWA HEALTH CENTRE,TLD,18296.10,PAYMENT OF CLAIMS FOR MAR-26,01-Jul-2026
JUMAPO HEALTH CENTRE,NEW JUABEN,17857.79,PAYMENT OF CLAIMS FOR APR-26,01-Jul-2026
JUMBO CHPS ZONE,NKWANTA,1633.00,PAYMENT OF CLAIMS FOR JAN. 2026,01-Jul-2026
KABAMPE HEALTH CENTRE,WEST GONJA,1092.77,PAYMENT OF CLAIMS FOR APR. 2026,01-Jul-2026
KABILE CHPS,JAMAN N,16965.85,PAYMENT OF CLAIMS FOR APR-26,01-Jul-2026
KABISAYOR CHPS COMPOUND,JASIKAN,1375.81,PAYMENT OF CLAIMS FOR MAR. 2026,01-Jul-2026
KABONWULE CHPS,EAST GONJA,4171.65,PAYMENT OF CLAIMS FOR MAR-26,01-Jul-2026
KABONWULE CHPS COMPOUND,NKWANTA,1819.43,PAYMENT OF CLAIMS FOR MAR. 2026,01-Jul-2026
KABONWULE CHPS COMPOUND,NKWANTA,1822.38,PAYMENT OF CLAIMS FOR FEB-26,01-Jul-2026
KABRE CHPS-BONGO,BONGO MHIS,727.49,PAYMENT OF CLAIMS FOR JAN-26,01-Jul-2026
KABRE CHPS-BONGO,BONGO MHIS,484.16,PAYMENT OF CLAIMS FOR FEB-26,01-Jul-2026
KABRE CHPS-BONGO,BONGO MHIS,700.60,PAYMENT OF CLAIMS FOR MAR-26,01-Jul-2026
KADARE CHPS,BONGO,1917.04,PAYMENT OF CLAIMS FOR MAR. 2026,01-Jul-2026
KADARE CHPS,BONGO,2383.83,PAYMENT OF CLAIMS FOR APR-26,01-Jul-2026
KADELSO CHPS COMPOUND,KINTAMPO NORTH,33940.43,PAYMENT OF CLAIMS FOR APR-26,01-Jul-2026
KADELSO CHPS COMPOUND,KINTAMPO NORTH,34449.26,PAYMENT OF CLAIMS FOR MAR-26,01-Jul-2026
KADEMA CHPS COMPOUND,BUILSA,6530.65,PAYMENT OF CLAIMS FOR MAR-26,01-Jul-2026
KADENTWE CHPS,KRACHI WEST,1424.12,PAYMENT OF CLAIMS FOR JAN-26,01-Jul-2026
KADENTWE CHPS,KRACHI WEST,1822.46,PAYMENT OF CLAIMS FOR MAR. 2026,01-Jul-2026
KAGBAL CHPS COMPOUND,WEST GONJA,1841.46,PAYMENT OF CLAIMS FOR APR-26,01-Jul-2026
KAGBAL CHPS COMPOUND,WEST GONJA,1748.57,PAYMENT OF CLAIMS FOR JAN-26,01-Jul-2026
KAGBAL CHPS COMPOUND,WEST GONJA,1850.05,PAYMENT OF CLAIMS FOR MAR-26,01-Jul-2026
KAJAI CHPS COMPOUND,PRU,1452.59,PAYMENT OF CLAIMS FOR APR. 2026,01-Jul-2026
KAKUMDO CHPS COMPOUND,OGUAMAN,3092.64,PAYMENT OF CLAIM FOR APR-26,01-Jul-2026
KALANDE CHPS,EAST GONJA,2616.37,PAYMENT OF CLAIM FOR APR-26,01-Jul-2026
KALIDU CHPS COMPOUND,BOLE,3475.18,PAYMENT OF CLAIM FOR APR-26,01-Jul-2026
KALIJIISA CHPS COMPOUND,BUILSA,1272.31,PAYMENT OF CLAIMS FOR JAN-26,01-Jul-2026
KALSEGRA HEALTH CENTRE,NADOWLI,5935.67,ACCRUAL OF UNVETTED CLAIMS FOR NOV-25,01-Jul-2026
KALVIO GUGORO,KASSENA NANKANA,681.65,PAYMENT OF CLAIMS FOR MAR-26,01-Jul-2026
KAMA CHPS COMPOUND,PRU,4261.61,PAYMENT OF CLAIMS FOR MAR-26,01-Jul-2026
KAMAHEGU CHPS COMPOUND,NADOWLI,1360.13,PAYMENT OF CLAIMS FOR MAY-26,01-Jul-2026
KAMAHEGU CHPS COMPOUND,NADOWLI,1052.74,PAYMENT OF CLAIMS FOR APR-26,01-Jul-2026
KAMBALI HEALTH CENTRE,WA MUN,38985.87,PAYMENT OF CLAIMS FOR MAR-26,01-Jul-2026
KAMSHEGU CHPS COMPOUND,YENDI,2558.24,PAYMENT OF CLAIMS FOR APR-26,01-Jul-2026
KAMSHEGU CHPS COMPOUND,YENDI,2206.97,PAYMENT OF CLAIMS FOR MAR-26,01-Jul-2026
KANDEMA CHPS COMPOUND,BUILSA DMHIS,409.29,PAYMENT OF CLAIMS FOR FEB-26,01-Jul-2026
KANDEMA CHPS COMPOUND,BUILSA DMHIS,133.68,PAYMENT OF CLAIMS FOR APR-26,01-Jul-2026
KANDEMA CHPS COMPOUND,BUILSA DMHIS,239.60,PAYMENT OF CLAIMS FOR MAR-26,01-Jul-2026
KANESHIE POLYCLINIC,OKAIKOI,69264.69,PAYMENT OF CLAIMS FOR MARCH-26,01-Jul-2026
KANJARGA HEALTH CENTRE,BUILSA,22628.70,PAYMENT OF CLAIMS FOR APR-26,01-Jul-2026
KANJARGA HEALTH CENTRE,BUILSA,24050.62,PAYMENT OF CLAIMS FOR MAR-26,01-Jul-2026
KANJO CHPS COMPOUND,NKWANTA,1799.33,PAYMENT OF CLAIMS FOR FEB-26,01-Jul-2026
KANKANDUALE CHPS,SISSALA WEST MH,3021.84,PAYMENT OF CLAIMS FOR APR-26,01-Jul-2026
KARLO HEALTH CENTRE,AOWIN-SU,3482.45,PAYMENT OF CLAIMS FOR FEB-26,01-Jul-2026
KARNI HEALTH CENTRE(ST STELLA'S CLINIC),JIRAPA LAMB,14164.73,PAYMENT OF CLAIMS FOR APR-26,01-Jul-2026
KASHEGU CHPS,SAVELUGU-NANTON,2665.03,PAYMENT OF CLAIM FOR APR-26,01-Jul-2026
KASHEGU CHPS,SAVELUGU-NANTON,1939.18,PAYMENT OF CLAIMS FOR MAR. 2026,01-Jul-2026
KASIESA CHPS,BUILSA DMHIS,2799.77,PAYMENT OF CLAIMS FOR FEB-26,01-Jul-2026
KASIESA CHPS,BUILSA DMHIS,1073.75,PAYMENT OF CLAIMS FOR MAR-26,01-Jul-2026
KASOA POLYCLINIC,AWUTU-EFF-SEN,170649.44,PAYMENT OF CLAIMS FOR JAN-26,01-Jul-2026
KASSANA CHPS,SISSALA E,1427.14,PAYMENT OF CLAIMS FOR APR-26,01-Jul-2026
KASSEH HEALTH CENTRE,DANGME EAST,23936.63,PAYMENT OF CLAIMS FOR APR-26,01-Jul-2026
KASSENA NANKANA CHPS COMPOUND,UPPER EAST,7893.55,PAYMENT OF CLAIMS FOR FEB-26,01-Jul-2026
KATAKYIEKROM CHPS COMPOUND,JAMAN SOUTH,7429.56,PAYMENT OF CLAIMS FOR MAR-26,01-Jul-2026
KATAKYIEKROM CHPS COMPOUND,JAMAN SOUTH,5725.85,PAYMENT OF CLAIMS FOR MAR-26,01-Jul-2026
KATAMANSO CHPS,TEMA,29272.19,PAYMENT OF CLAIMS FOR JAN-26,01-Jul-2026
KATANGA HEALTH CENTRE (KRACHI EAST),KRACHI EAST,8599.63,PAYMENT OF CLAIMS FOR FEB.-26,01-Jul-2026
KATANI HEALTH CENTRE,GUSHEGU,20434.07,PAYMENT OF CLAIMS FOR APR-26,01-Jul-2026
KATAPEI CHPS COMPOUND,AHAFO ANO SOUTH,3814.59,PAYMENT OF CLAIMS FOR APR-26,01-Jul-2026
KATIEJELI CHPS COMPOUND,GONJA EAST,11635.16,PAYMENT OF CLAIMS FOR JAN-26,01-Jul-2026
KATIU CHPS COMPOUND,KASENA-NAN,4892.43,PAYMENT OF CLAIMS FOR FEB.-26,01-Jul-2026
KAWAMPE CHPS,KINTAMPO N,11673.54,PAYMENT OF CLAIMS FOR APR-26,01-Jul-2026
KAWANOPADO CHPS,ASIKUMA ODO BRA,3296.75,PAYMENT OF CLAIMS FOR APR-26,01-Jul-2026
KAWU CHPS,WA WEST,750.44,PAYMENT OF CLAIMS FOR APR. 2026,01-Jul-2026
KECHEIBI CHPS ZONE,NKWANTA,7362.11,PAYMENT OF CLAIMS FOR FEB-26,01-Jul-2026
KEDZI HEALTH CENTRE (KETA),KETA,18552.72,PAYMENT OF CLAIMS FOR FEB-26,01-Jul-2026
KEGYINA CHPS COMPOUND,NZEMA EAST,3294.56,PAYMENT OF CLAIM FOR FEB-26,01-Jul-2026
KENYANKOR CHPS COMPOUND,AGONA,5105.12,PAYMENT OF CLAIMS FOR APR-26,01-Jul-2026
KENYASI HEALTH CENTER (ASUTIFI),ASUTIFI,242722.33,PAYMENT OF CLAIMS FOR JAN- 26,01-Jul-2026
KENYASI HEALTH CENTER (ASUTIFI),ASUTIFI,270099.46,CLAIMS PAYMENT FOR DEC-25,01-Jul-2026
KETA MUNICIPAL HOSPITAL,KETA,438873.40,ACCRUAL OF UNVETTED CLAIMS FOR OCT-25,01-Jul-2026
KETA MUNICIPAL HOSPITAL,KETA,352395.16,PAYMENT OF CLAIMS FOR JAN-26,01-Jul-2026
KETSI CHPS COMPOUND,JASIKAN,1907.80,ACCRUAL OF UNVETTED CLAIMS FOR DEC-25,01-Jul-2026
KETU NORTH MUNICIPAL HOSPITAL,KETU NORTH,89762.14,PAYMENT OF CLAIMS FOR JAN-26,01-Jul-2026
KETU NORTH MUNICIPAL HOSPITAL,KETU NORTH,81986.14,PAYMENT OF CLAIMS FOR SEP 2024,01-Jul-2026
KEYIME CHPS COMPOUND,ADAKLU-ANYIGBE,1397.87,PAYMENT OF CLAIMS FOR FEB. 2026,01-Jul-2026
KIA GREEN LIGHT HEALTH CENTRE (SAAMANG CHPS),FANTEAKWA DMHIS,10318.29,PAYMENT OF CLAIMS FOR MAR-26,01-Jul-2026
KIA GREEN LIGHT HEALTH CENTRE (SAAMANG CHPS),FANTEAKWA DMHIS,9447.21,PAYMENT OF CLAIMS FOR APR-26,01-Jul-2026
KIA GREEN LIGHT HEALTH CENTRE (SAAMANG CHPS),FANTEAKWA DMHIS,10024.79,PAYMENT OF CLAIMS FOR FEB-26,01-Jul-2026
KIBI NEWTOWN CHPS,EAST AKIM DMHIS,724.13,PAYMENT OF CLAIMS FOR APR. 2026,01-Jul-2026
"KING'S MEDICAL CENTRE,BONTANGA",TOLON/KUMBUNGU,275172.19,PAYMENT OF CLAIMS FOR MARCH-26,01-Jul-2026
"KING'S MEDICAL CENTRE,BONTANGA",TOLON/KUMBUNGU,183020.80,PAYMENT OF CLAIMS FOR FEB 2026,01-Jul-2026
KINKANGO CHPS COMPOUND,BUNKPRUGU,2255.20,PAYMENT OF CLAIMS FOR MAR-26,01-Jul-2026
KISSI HEALTH CENTRE,KOM-ED-EGUA-ABI,23810.87,PAYMENT OF CLAIMS FOR APR-26,01-Jul-2026
KISSI HEALTH CENTRE,KOM-ED-EGUA-ABI,24511.27,PAYMENT OF CLAIMS FOR MAR-26,01-Jul-2026
KLEFE HEALTH CENTRE,HO,7176.22,PAYMENT OF CLAIMS FOR APRIL-26,01-Jul-2026
KLEFE HEALTH CENTRE,HO,6036.31,PAYMENT OF CLAIMS FOR FEB.-26,01-Jul-2026
KLIKOR HEALTH CENTRE,KETU,23071.04,PAYMENT OF CLAIMS FOR APR-26,01-Jul-2026
KLIKOR HEALTH CENTRE,KETU,20150.66,PAYMENT OF CLAIMS FOR JAN-26,01-Jul-2026
KLO AGOGO HEALTH CENTRE,YILO KROBO,33638.46,PAYMENT OF CLAIMS FOR MAR-26,01-Jul-2026
KLO AGOGO HEALTH CENTRE,YILO KROBO,30314.05,PAYMENT OF CLAIMS FOR FEB-26,01-Jul-2026
KO HEALTH CENTRE (NATIVITY OF OUR LADY CLINIC),LAWRA,39664.82,PAYMENT OF CLAIMS FOR FEB-26,01-Jul-2026
KOBEDA CHPS COMPOUND,KINTAMPO NORTH,2593.48,PAYMENT OF CLAIMS FOR APR-26,01-Jul-2026
KOBEDI CHPS COMPOUND,SUNYANI W,7028.62,PAYMENT OF CLAIMS FOR MAR-26,01-Jul-2026
KOBINA ANSAH CHPS,MFANTSEMAN,421.80,PAYMENT OF CLAIMS FOR FEB-26,01-Jul-2026
KOBRE CHPS COMPOUND,PRU,1682.03,PAYMENT OF CLAIMS FOR OCT-23,01-Jul-2026
KOBRE CHPS COMPOUND,PRU,1462.82,PAYMENT OF CLAIMS FOR JUL-23,01-Jul-2026
KOBRE CHPS COMPOUND,PRU,1194.72,PAYMENT OF CLAIMS FOR NOV-23,01-Jul-2026
KOBRE CHPS COMPOUND,PRU,1450.50,PAYMENT OF CLAIMS FOR JUN-23,01-Jul-2026
KOBRE CHPS COMPOUND,PRU,1911.81,PAYMENT OF CLAIMS FOR JAN-26,01-Jul-2026
KOBRE CHPS COMPOUND,PRU,1715.87,PAYMENT OF CLAIMS FOR AUG-23,01-Jul-2026
KOBRE CHPS COMPOUND,PRU,1084.21,PAYMENT OF CLAIMS FOR JAN-23,01-Jul-2026
KOBRE CHPS COMPOUND,PRU,1361.65,PAYMENT OF CLAIMS FOR FEB-23,01-Jul-2026
KOBRE CHPS COMPOUND,PRU,1223.19,PAYMENT OF CLAIMS FOR DEC-22,01-Jul-2026
KOBRE CHPS COMPOUND,PRU,1801.42,PAYMENT OF CLAIMS FOR APR-23,01-Jul-2026
KOBRE CHPS COMPOUND,PRU,1595.27,PAYMENT OF CLAIMS FOR MAR-23,01-Jul-2026
KOBRE CHPS COMPOUND,PRU,730.32,PAYMENT OF CLAIMS FOR DEC-23,01-Jul-2026
KODIDI B CHPS COMPOUND,AFRAM PLAINS,1107.74,PAYMENT OF CLAIMS FOR APR-26,01-Jul-2026
KOFI DEDE,OKWAHUMAN W,4449.65,PAYMENT OF CLAIMS FOR MAR-26,01-Jul-2026
KOFI NIMO CHPS ZONE,BIRIM NORTH,1066.24,PAYMENT OF CLAIMS FOR APR-26,01-Jul-2026
KOFI PARE HEALTH CENTRE,SUHUM KRA C,2826.71,PAYMENT OF CLAIM FOR APR-26,01-Jul-2026
KOFIASE HEALTH CENTRE,SEKYERE WEST,48790.22,PAYMENT OF CLAIMS FOR FEB-26,01-Jul-2026
KOFIASUA HEALTH CENTRE,DORMAA,22581.42,PAYMENT OF CLAIMS FOR JAN-26,01-Jul-2026
KOFIEKROM CHPS,AMENFIMAN,45.01,PAYMENT OF CLAIMS FOR NOV-23,01-Jul-2026
KOFIEKROM CHPS,AMENFIMAN,229.47,PAYMENT OF CLAIMS FOR MAR-23,01-Jul-2026
KOFIEKROM CHPS,AMENFIMAN,188.82,PAYMENT OF CLAIMS FOR JAN-23,01-Jul-2026
KOFIEKROM CHPS,AMENFIMAN,412.92,PAYMENT OF CLAIMS FOR JUL-25,01-Jul-2026
KOFIEKROM CHPS,AMENFIMAN,146.36,PAYMENT OF CLAIMS FOR SEP-23,01-Jul-2026
KOFIEKROM CHPS,AMENFIMAN,260.84,PAYMENT OF CLAIMS FOR FEB-23,01-Jul-2026
KOFIEKROM CHPS,AMENFIMAN,256.50,PAYMENT OF CLAIMS FOR JUN-23,01-Jul-2026
KOFIEKROM CHPS,AMENFIMAN,28.93,PAYMENT OF CLAIMS FOR OCT-23,01-Jul-2026
KOFIEKROM CHPS,AMENFIMAN,142.38,PAYMENT OF CLAIMS FOR MAY-23,01-Jul-2026
KOFIEKROM CHPS,AMENFIMAN,158.94,PAYMENT OF CLAIMS FOR DEC-22,01-Jul-2026
KOFIEKROM CHPS,AMENFIMAN,92.05,PAYMENT OF CLAIMS FOR DEC-23,01-Jul-2026
KOFIEKROM CHPS,AMENFIMAN,270.20,PAYMENT OF CLAIMS FOR APR-23,01-Jul-2026
KOFIKOPE CHPS COMPOUND,DANGME W,5670.62,PAYMENT OF CLAIMS FOR FEB-26,01-Jul-2026
KOFIKROM CHPS COMPOUND,SEFWI AKON,4100.30,PAYMENT OF CLAIMS FOR MAR-26,01-Jul-2026
KOFISAH CHPS COMPOUND,AKUAPEM S,27641.20,PAYMENT OF CLAIMS FOR APR-26,01-Jul-2026
KOFISAH CHPS COMPOUND,AKUAPEM S,25856.06,PAYMENT OF CLAIMS FOR MAR-26,01-Jul-2026
KOFORIDUA LOCAL PRISONS INFIRMARY,NEW JUABEN,11563.78,PAYMENT OF CLAIMS FOR APR-26,01-Jul-2026
KOFORIDUA TECHNICAL UNIVERSITY CLINIC,NEW JUABEN MHIS,35702.95,PAYMENT OF CLAIMS FOR FEB-26,01-Jul-2026
KOFORIDUA TECHNICAL UNIVERSITY CLINIC,NEW JUABEN MHIS,31753.30,PAYMENT OF CLAIMS FOR MAR-26,01-Jul-2026
KOH-GUORI CHPS COMPOUND,LAWRA MHIS,376.75,ACCRUAL OF UNVETTED CLAIMS FOR NOV-25,01-Jul-2026
KOJOBONI CHPS COMPOUND,EAST GONJA,5230.27,PAYMENT OF CLAIMS FOR MAR-26,01-Jul-2026
KOJOKROM CHPS COMPOUND.,SEKONDI SM,1098.84,PAYMENT OF CLAIMS FOR APR. 2026,01-Jul-2026
KOJOKROM HEALTH CENTRE,SENE,26189.19,PAYMENT OF CLAIMS FOR MAR-26,01-Jul-2026
KOJOPE CHPS COMPOUND,WEST GONJA,1955.04,PAYMENT OF CLAIMS FOR APR-26,01-Jul-2026
KOKOBEN CHPS COMPOUND,ASANTE AKIM SOU,1117.76,PAYMENT OF CLAIMS FOR JAN. 2026,01-Jul-2026
KOKOBENG CHPS COMPOUND,BIRIM SOUTH,2233.49,PAYMENT OF CLAIM FOR APR-26,01-Jul-2026
KOKOMPE HEALTH CENTRE,SEKONDI SUB-MET,7350.22,PAYMENT OF CLAIMS FOR APR-26,01-Jul-2026
KOKOSO CHPS COMPOUND,AOB,1882.14,PAYMENT OF CLAIMS FOR FEB-26,01-Jul-2026
KOKOSO CHPS COMPOUND,AOB,2183.18,PAYMENT OF CLAIM FOR APR-26,01-Jul-2026
KOKROBITE HEALTH CENTRE,WEIJA,16527.82,PAYMENT OF CLAIMS FOR APR-26,01-Jul-2026
KOKROBITE HEALTH CENTRE,WEIJA,13833.03,PAYMENT OF CLAIMS FOR MAR-26,01-Jul-2026
KOKROBUTA CHPS,AFRAM PLAINS,2302.44,PAYMENT OF CLAIM FOR APR-26,01-Jul-2026
KOKWADO CHPS COMPOUND,KOMENDA-EDINA-E,633.33,PAYMENT OF CLAIMS FOR APR-26,01-Jul-2026
KOMFO ANOKYE TEACHING HOSPITAL,KUMASI-GHANA,97306.87,PAYMENT OF CLAIMS FOR NOV-25,01-Jul-2026
KOMFUEKU,SHAMA,6520.49,PAYMENT OF CLAIMS FOR FEB-26,01-Jul-2026
KOMOAYILI CHPS COMPOUND,KARAGA,6655.43,PAYMENT OF CLAIMS FOR APR-26,01-Jul-2026
KONCHUURI CHPS,SISSALA W,1439.31,PAYMENT OF CLAIMS FOR APR-26,01-Jul-2026
KONG CHPS COMPOUND,SAWLA TUNA KALB,4907.58,PAYMENT OF CLAIMS FOR MAR-26,01-Jul-2026
KONG HEALTH CENTRE,SISSALA E,4641.00,PAYMENT OF CLAIMS FOR MAR-26,01-Jul-2026
KONGO-LOGRE ( MARY IMMACULATE HEALTH CENTRE,UPPER EAST,11121.97,PAYMENT OF CLAIMS FOR JAN-26,01-Jul-2026
KONJUMA CHPS COMPOUND,BOLE,1144.05,PAYMENT OF CLAIMS FOR APR. 2026,01-Jul-2026
KONKO CHPS,AKUAPEM NORTH,4708.15,PAYMENT OF CLAIMS FOR MAR-26,01-Jul-2026
KONKOMADA CHPS COMPOUND,GARU,1310.83,PAYMENT OF CLAIMS FOR FEB-26,01-Jul-2026
KONKOMADA CHPS COMPOUND,GARU,1235.97,PAYMENT OF CLAIMS FOR NOV-25,01-Jul-2026
KONKOMADA CHPS COMPOUND,GARU,1656.22,PAYMENT OF CLAIMS FOR MAR-26,01-Jul-2026
KONKOMADA CHPS COMPOUND,GARU,1159.08,PAYMENT OF CLAIMS FOR DEC-25,01-Jul-2026
KONKONEY CHPS,MANYA KROBO,424.67,PAYMENT OF CLAIMS FOR APR-26,01-Jul-2026
KONKONURU CHPS COMPOUND- AKUAPEM SOUTH,AKUAPEM S,23691.32,PAYMENT OF CLAIMS FOR FEB-26,01-Jul-2026
KONONGO - ODUMASI GOVERNMENT HOSPITAL,ASANTE AKIM N,294839.22,PAYMENT OF CLAIMS FOR MAR- 26,01-Jul-2026
KONONGO - ODUMASI GOVERNMENT HOSPITAL,ASANTE AKIM N,238251.08,PAYMENT OF CLAIMS FOR JAN-26,01-Jul-2026
KONSI CHPS,JIRAPA-LAMB MHI,1241.30,PAYMENT OF CLAIMS FOR APR. 2026,01-Jul-2026
KONSIA CHPS COMPOUND,JAMAN SOUTH,9354.19,PAYMENT OF CLAIMS FOR APR-26,01-Jul-2026
KONSIMUA CHPS COMPOUND,ADANSI NORTH,2892.33,PAYMENT OF CLAIMS FOR MAR-26,01-Jul-2026
KONSIMUA CHPS COMPOUND,ADANSI NORTH,3123.70,PAYMENT OF CLAIMS FOR FEB-26,01-Jul-2026
KONTA NORTH CHPS COMPOUND,WA MUN,5620.07,PAYMENT OF CLAIMS FOR APR-26,01-Jul-2026
KONZOKALAA CHPS COMPOUND,NADOWLI,1499.10,PAYMENT OF CLAIMS FOR APR. 2026,01-Jul-2026
KORADO CHPS COMPOUND,ABURA-ASEBU-K,1182.76,PAYMENT OF CLAIMS FOR MAR. 2026,01-Jul-2026
KORADO CHPS COMPOUND,ABURA-ASEBU-K,2330.66,PAYMENT OF CLAIMS FOR APR-26,01-Jul-2026
KORANTENG CHPS CENTRE,AFRAM PLAINS,2082.68,PAYMENT OF CLAIM FOR MAR-26,01-Jul-2026
KORANTENG CHPS CENTRE,AFRAM PLAINS,1177.14,PAYMENT OF CLAIMS FOR APR-26,01-Jul-2026
KORANTENG KRACHIE CHPS,AFRAM PLAINS,1013.20,PAYMENT OF CLAIMS FOR MAR. 2026,01-Jul-2026
KORASE CHPS COMPOUND,EJISU JUABEN,1920.28,PAYMENT OF CLAIMS FOR APR. 2026,01-Jul-2026
KORO CHPS COMPOUND,WA MUNICIPAL,2888.31,PAYMENT OF CLAIMS FOR APR-26,01-Jul-2026
KORU CHPS COMPOUND,KADJEBI,411.55,PAYMENT OF CLAIMS FOR MAR-25,01-Jul-2026
KORU CHPS COMPOUND,KADJEBI,321.98,PAYMENT OF CLAIMS FOR FEB-26,01-Jul-2026
KORU CHPS COMPOUND,KADJEBI,407.65,PAYMENT OF CLAIMS FOR MAR-26,01-Jul-2026
KORU CHPS COMPOUND,KADJEBI,158.84,PAYMENT OF CLAIMS FOR JUL-25,01-Jul-2026
KOTITO CHPS (WEST GONJA),WEST GONJA,961.85,PAYMENT OF CLAIMS FOR FEB-26,01-Jul-2026
KOTO NKWANTA CHPS COMPOUND,KADJEBI,2209.86,PAYMENT OF CLAIM FOR MAR-26,01-Jul-2026
KOTOKA MEMORIAL HEALTH CENTRE,KETA,2272.16,PAYMENT OF CLAIM FOR MAR-26,01-Jul-2026
KOTOKUOM HEALTH CENTRE,ATWIMA MPONOA,31857.55,PAYMENT OF CLAIMS FOR FEB-26,01-Jul-2026
KOTOKYE CHPS COMPOUND,TWI HEM LO DEN,3478.21,PAYMENT OF CLAIM FOR APR-26,01-Jul-2026
KPAANAMUNA CHPS,WA EAST,1421.89,PAYMENT OF CLAIMS FOR MAR. 2026,01-Jul-2026
KPAGLAHI CHPS COMPOUND,WA EAST,7358.42,PAYMENT OF CLAIMS FOR MAR-26,01-Jul-2026
KPAGLAHI CHPS COMPOUND,WA EAST,6278.35,PAYMENT OF CLAIMS FOR MAR-26,01-Jul-2026
KPALA CHPS COMPOUND,AFRAM PLAINS,2599.84,PAYMENT OF CLAIMS FOR MAY-26,01-Jul-2026
KPALA CHPS COMPOUND,AFRAM PLAINS,1834.91,PAYMENT OF CLAIMS FOR APR-26,01-Jul-2026
KPALBA HEALTH CENTRE,SABOBA / CHIREP,9587.23,PAYMENT OF CLAIMS FOR MAR-26,01-Jul-2026
KPALBE HEALTH CENTRE,EAST GONJA,14178.61,PAYMENT OF CLAIMS FOR MAR-26,01-Jul-2026
KPALBE HEALTH CENTRE,EAST GONJA,12622.68,PAYMENT OF CLAIMS FOR APR-26,01-Jul-2026
KPALBUTABU HEALTH CENTRE,ZABZUGU/TATALE,11881.35,PAYMENT OF CLAIMS FOR APR-26,01-Jul-2026
KPALIME DUGA HEALTH CENTRE,SOUTH DAYI,9708.26,PAYMENT OF CLAIMS FOR SEPT.-25,01-Jul-2026
KPALIME DUGA HEALTH CENTRE,SOUTH DAYI,11455.43,PAYMENT OF CLAIMS FOR AUG-25,01-Jul-2026
KPALSAKO,GARU,269.76,PAYMENT OF CLAIMS FOR DEC-25,01-Jul-2026
WALEWALE DISTRICT HOSPITAL,walewale,295535.14,PAYMENT OF CLAIMS FOR JAN-26,01-Jul-2026
WALEWALE DISTRICT HOSPITAL,walewale,307611.71,PAYMENT OF CLAIMS FOR FEB-26,01-Jul-2026
WALEWALE DISTRICT HOSPITAL,walewale,296125.01,PAYMENT OF CLAIMS FOR MAR- 26,01-Jul-2026
WAM ADIEMBRA CHPS COMPOUND,JAMAN SOUTH,4708.21,PAYMENT OF CLAIMS FOR MAR-26,01-Jul-2026
WAM ADIEMBRA CHPS COMPOUND,JAMAN SOUTH,3926.59,PAYMENT OF CLAIMS FOR FEB-26,01-Jul-2026
WAMASI CHPS COMPOUND,ADANSI SOUTH,633.33,PAYMENT OF CLAIMS FOR FEB. 2026,01-Jul-2026
WANSIMA MEMORIAL COMMUNITY CLINIC,GOMOAMAN,2166.58,PAYMENT OF CLAIMS FOR FEB-26,01-Jul-2026
WANSIMA MEMORIAL COMMUNITY CLINIC,GOMOAMAN,2688.85,PAYMENT OF CLAIM FOR MAR-26,01-Jul-2026
WANTUGU HEALTH CENTRE,TOLON/KUM,11659.70,PAYMENT OF CLAIMS FOR JAN-26,01-Jul-2026
WAR MEMORIAL HOSPITAL,KASENA-NAN,236370.73,PAYMENT OF CLAIMS FOR FEB- 26,01-Jul-2026
WAR MEMORIAL HOSPITAL,KASENA-NAN,199406.86,PAYMENT OF CLAIMS FOR JAN-26,01-Jul-2026
WARD K CHPS COMPOUND,SAGNARIGU,2226.75,PAYMENT OF CLAIM FOR APR-26,01-Jul-2026
WARIVI CHPS,MION,1002.62,PAYMENT OF CLAIMS FOR MAR-26,01-Jul-2026
WASAWASA CHPS COMPOUND,EAST GONJA,4142.40,PAYMENT OF CLAIMS FOR MAR-26,01-Jul-2026
WASSA BEKWAI CHPS,AMENFIMAN,2376.56,PAYMENT OF CLAIMS FOR APR-23,01-Jul-2026
WASSA BEKWAI CHPS,AMENFIMAN,2014.72,PAYMENT OF CLAIMS FOR JAN-23,01-Jul-2026
WASSA BEKWAI CHPS,AMENFIMAN,2292.52,PAYMENT OF CLAIMS FOR DEC-22,01-Jul-2026
WASSA BEKWAI CHPS,AMENFIMAN,1991.70,PAYMENT OF CLAIMS FOR MAY-23,01-Jul-2026
WASSA BEKWAI CHPS,AMENFIMAN,2182.34,PAYMENT OF CLAIMS FOR JUL-23,01-Jul-2026
WASSA BEKWAI CHPS,AMENFIMAN,1355.85,PAYMENT OF CLAIMS FOR DEC-23,01-Jul-2026
WASSA BEKWAI CHPS,AMENFIMAN,2339.89,PAYMENT OF CLAIMS FOR MAR-23,01-Jul-2026
WASSA BEKWAI CHPS,AMENFIMAN,1386.03,PAYMENT OF CLAIMS FOR NOV-23,01-Jul-2026
WASSA BEKWAI CHPS,AMENFIMAN,1455.90,PAYMENT OF CLAIMS FOR OCT-23,01-Jul-2026
WASSA BEKWAI CHPS,AMENFIMAN,1343.23,PAYMENT OF CLAIMS FOR SEP-23,01-Jul-2026
WASSA BEKWAI CHPS,AMENFIMAN,2207.08,PAYMENT OF CLAIMS FOR FEB-23,01-Jul-2026
WASSA BEKWAI CHPS,AMENFIMAN,1882.43,PAYMENT OF CLAIMS FOR JUN-23,01-Jul-2026
WASSA BEKWAI CHPS,AMENFIMAN,1625.42,PAYMENT OF CLAIMS FOR AUG-23,01-Jul-2026
WASSA MAMPONG HEALTH CENTRE,WASSA AMENFI E,1820.74,PAYMENT OF CLAIMS FOR APR. 2026,01-Jul-2026
WASSA NKRAN S.D.A COMMUNITY CLINIC,WASSA-WEST,8080.20,PAYMENT OF CLAIMS FOR JAN-26,01-Jul-2026
WASSA NKRAN S.D.A COMMUNITY CLINIC,WASSA-WEST,7352.66,PAYMENT OF CLAIMS FOR FEB-26,01-Jul-2026
WATCHMAN CHPS COMPOUND,SUNYANI,1876.47,PAYMENT OF CLAIMS FOR APR. 2026,01-Jul-2026
WATICO CHPS,SEFWI WIAWSO,1793.74,PAYMENT OF CLAIMS FOR MAR-26,01-Jul-2026
WATRESO CHPS,AMANSIE WEST,1452.20,PAYMENT OF CLAIMS FOR FEB-26,01-Jul-2026
WECHIAU-BOA CHPS,WA WEST,944.14,PAYMENT OF CLAIMS FOR APR. 2026,01-Jul-2026
WECHIAU-BOA CHPS,WA WEST,2110.54,ACCRUAL OF UNVETTED CLAIMS FOR DEC-25,01-Jul-2026
WEGBE KPALIME HEALTH CENTRE,SOUTH DAYI,10385.32,PAYMENT OF CLAIMS FOR MAR-26,01-Jul-2026
WEIJA GBAWE MUNICIPAL HOSPITAL,WEIJA,218056.28,PAYMENT OF CLAIMS FOR DEC- 25,01-Jul-2026
WEIJA GBAWE MUNICIPAL HOSPITAL,WEIJA,260123.53,PAYMENT OF CLAIMS FOR FEB-26,01-Jul-2026
WEIJA GBAWE MUNICIPAL HOSPITAL,WEIJA,250536.41,PAYMENT OF CLAIMS FOR JAN-26,01-Jul-2026
WEKPETI CHPS COMPOUND,ATIWA,943.11,PAYMENT OF CLAIMS FOR APR. 2026,01-Jul-2026
WEST GONJA HOSPITAL,WEST GONJA,403973.71,PAYMENT OF CLAIMS FOR APR- 26,01-Jul-2026
WEST GONJA HOSPITAL,WEST GONJA,345089.45,PAYMENT OF CLAIMS FOR MARCH-26,01-Jul-2026
WESTERN NAVAL COMMAND SICK BAY,SEKONDI SM,17637.32,PAYMENT OF CLAIMS FOR JAN-26,01-Jul-2026
WESTERN NAVAL COMMAND SICK BAY,SEKONDI SM,16456.62,PAYMENT OF CLAIMS FOR FEB-26,01-Jul-2026
WIDNABA HEALTH CENTRE,BAWKU WEST,7057.59,PAYMENT OF CLAIMS FOR FEB.-26,01-Jul-2026
WILLIAM GUDU CLINC,BOLGATANGA,15722.81,PAYMENT OF CLAIMS FOR FEB-26,01-Jul-2026
WINNEBA MUNICIPAL HOSPITAL,AWUTU-EFFUTU-SE,395315.72,PAYMENT OF CLAIMS FOR JAN-26,01-Jul-2026
WINNEBA ZONGO CHPS COMPOUND,AWUTU-EFF-SEN,2096.99,PAYMENT OF CLAIM FOR APR-26,01-Jul-2026
WIREDUKROM CHPS COMPOUND,MPOHOR WASSA EA,544.62,PAYMENT OF CLAIMS FOR MAR-26,01-Jul-2026
WLI CENTRAL HEALTH CENTRE,HOHOE,4274.60,PAYMENT OF CLAIMS FOR APR-26,01-Jul-2026
WLI TODZI HEALTH CENTRE,HOHOE,2167.71,PAYMENT OF CLAIM FOR APR-26,01-Jul-2026
WOADZE CHPS,HOHOE,3986.64,ACCRUAL OF UNVETTED CLAIMS FOR DEC-25,01-Jul-2026
WOADZE CHPS,HOHOE,8253.26,PAYMENT OF CLAIMS FOR OCT-25,01-Jul-2026
WOADZE CHPS,HOHOE,4005.87,PAYMENT OF CLAIMS FOR APR-26,01-Jul-2026
WOMAN NO GOOD CHPS,AMENFIMAN,3519.09,PAYMENT OF CLAIM FOR APR-26,01-Jul-2026
WONJUGA CHPS ZONE,CHEREPONI,4197.49,PAYMENT OF CLAIMS FOR FEB-26,01-Jul-2026
WORENJAH CHPS,KRACHI WEST,4111.98,PAYMENT OF CLAIMS FOR MAR-26,01-Jul-2026
WORIKAMBO HEALTH CENTRE,GARU,12027.90,PAYMENT OF CLAIMS FOR FEB-26,01-Jul-2026
WORIKAMBO HEALTH CENTRE,GARU,18569.25,PAYMENT OF CLAIMS FOR APR-26,01-Jul-2026
WORIKAMBO HEALTH CENTRE,GARU,16345.02,PAYMENT OF CLAIMS FOR JAN-26,01-Jul-2026
"WORIYANGA PRESBYTERIAN HEALTH CENTRE,",GARU,26027.19,PAYMENT OF CLAIMS FOR APR-26,01-Jul-2026
WUDZEDEKE CHPS COMPOUND,ADAKLU-ANY,4427.35,PAYMENT OF CLAIMS FOR FEB-26,01-Jul-2026
WUGINGO CHPS,KASSENA NANKANA,94.79,PAYMENT OF CLAIMS FOR APR-26,01-Jul-2026
WULLING CHPS COMPOUND,JIRAPA LAMBUSSI,1780.10,PAYMENT OF CLAIMS FOR APR. 2026,01-Jul-2026
WUMENU CHPS COMPOUND,ADAKLU-ANY,9474.05,PAYMENT OF CLAIMS FOR MAR-26,01-Jul-2026
WUMENU CHPS COMPOUND,ADAKLU-ANY,8584.85,PAYMENT OF CLAIMS FOR APRIL-26,01-Jul-2026
WURAPONG CHPS,YILO KROBO,1059.17,PAYMENT OF CLAIMS FOR APR-26,01-Jul-2026
WURAPONG CHPS,YILO KROBO,1227.67,PAYMENT OF CLAIMS FOR MAY-26,01-Jul-2026
WURAPONG CHPS,YILO KROBO,1167.02,PAYMENT OF CLAIMS FOR MAR. 2026,01-Jul-2026
WURATREM CHPS,AMENFIMAN,2947.90,PAYMENT OF CLAIMS FOR APR-26,01-Jul-2026
WURU CHPS.,SISSALA E,966.87,PAYMENT OF CLAIMS FOR APR-26,01-Jul-2026
WURU CHPS.,SISSALA E,1194.07,PAYMENT OF CLAIMS FOR FEB. 2026,01-Jul-2026
WUSUTA HEALTH CENTRE,KPANDO,4507.52,PAYMENT OF CLAIMS FOR MAR-26,01-Jul-2026
WUTE HEALTH CENTRE,AKATSI,4583.61,PAYMENT OF CLAIMS FOR MAR-26,01-Jul-2026
WUTE HEALTH CENTRE,AKATSI,3999.73,PAYMENT OF CLAIMS FOR MAR-26,01-Jul-2026
XAVI CHPS,AKATSI,2297.16,PAYMENT OF CLAIM FOR FEB-26,01-Jul-2026
YAALA NO_2 CHPS,WA EAST,322.20,PAYMENT OF CLAIMS FOR APR-26,01-Jul-2026
YAALA NO_2 CHPS,WA EAST,668.17,PAYMENT OF CLAIMS FOR MAR. 2026,01-Jul-2026
YAALAH HEALTH CENTRE,WA EAST,1310.24,PAYMENT OF CLAIMS FOR FEB. 2026,01-Jul-2026
YAALAH HEALTH CENTRE,WA EAST,2598.78,PAYMENT OF CLAIM FOR MAR-26,01-Jul-2026
YAAMANSA CHPS COMPOUND,JAMAN S,6571.20,PAYMENT OF CLAIMS FOR MAR-26,01-Jul-2026
YABI CHPS COMPOUND,BOSOMTWE-A_K,4067.46,PAYMENT OF CLAIMS FOR FEB-26,01-Jul-2026
YABIW CHPS COMPOUND,AHANTAMAN,1931.78,PAYMENT OF CLAIMS FOR MAR-26,01-Jul-2026
YABRAGO CHPS,GARU,2327.93,PAYMENT OF CLAIMS FOR APR-26,01-Jul-2026
YADZO CHPS COMPOUND,KADJEBI,5670.11,PAYMENT OF CLAIMS FOR MAR-26,01-Jul-2026
YADZO CHPS COMPOUND,KADJEBI,4447.40,PAYMENT OF CLAIMS FOR MAR-26,01-Jul-2026
YAGBON CHPS COMPOUND,WEST GONJA,1197.80,ACCRUAL OF UNVETTED CLAIMS FOR OCT-25,01-Jul-2026
YAGBON CHPS COMPOUND,WEST GONJA,595.40,ACCRUAL OF UNVETTED CLAIMS FOR NOV-25,01-Jul-2026
YAGHA HEALTH CENTRE,JIRAPA-LAMB MHI,9103.17,PAYMENT OF CLAIMS FOR MAR-26,01-Jul-2026
YAGHA HEALTH CENTRE,JIRAPA-LAMB MHI,10234.39,PAYMENT OF CLAIMS FOR JAN-26,01-Jul-2026
YAGZORE CHPS COMPOUND,TALENSI NABDAM,2254.91,PAYMENT OF CLAIMS FOR FEB-26,01-Jul-2026
YALA CHPS,CENT GONJA,3616.69,PAYMENT OF CLAIM FOR APR-26,01-Jul-2026
YAMAH CHPS COMPOUND,MAMPRUSI,4309.80,PAYMENT OF CLAIMS FOR APR-26,01-Jul-2026
YAMERIGA CHPS COMPOUND,TALENSI NABDAM,2027.46,PAYMENT OF CLAIM FOR APR-26,01-Jul-2026
YANYAWOSO HEALTH CENTRE,ATWIMA MPONOA,3541.39,PAYMENT OF CLAIM FOR JAN-26,01-Jul-2026
YARA CHPS COMPOUND,KINTAMPO NORTH,2534.01,PAYMENT OF CLAIMS FOR APR-26,01-Jul-2026
YAREWA CHPS,BIRIM SOUTH.,1282.38,PAYMENT OF CLAIMS FOR APR. 2026,01-Jul-2026
YARIGA CHPS,KRACHI EAST,4059.05,PAYMENT OF CLAIMS FOR JAN.-26,01-Jul-2026
YARIGABISI CHPS COMPOUND,BOLGATANGA,2508.52,PAYMENT OF CLAIMS FOR APR-26,01-Jul-2026
YARIGUNGU CHPS COMPOUND,BAWKU MUNICIPAL,787.99,PAYMENT OF CLAIMS FOR FEB-26,01-Jul-2026
YARIGUNGU CHPS COMPOUND,BAWKU MUNICIPAL,821.28,PAYMENT OF CLAIMS FOR JAN-26,01-Jul-2026
YAW BERIMA CHPS COMPOUND,DORMAA DIST.MHO,9296.82,PAYMENT OF CLAIMS FOR MAR-26,01-Jul-2026
YAW DONKOR CHPS,BIRIM SOUTH,3811.91,PAYMENT OF CLAIM FOR APR-26,01-Jul-2026
YAW OWUSUKROM CHPS COMPOUND,DORMAA WEST,3443.17,PAYMENT OF CLAIMS FOR JAN-26,01-Jul-2026
YAW OWUSUKROM CHPS COMPOUND,DORMAA WEST,3542.82,PAYMENT OF CLAIMS FOR MAR-26,01-Jul-2026
YAWDUODU CHPS,AKUAPEM SOUTH,9032.70,PAYMENT OF CLAIMS FOR FEB-26,01-Jul-2026
YAWHIMA HEALTH CENTRE,SUNYANI,19576.25,PAYMENT OF CLAIMS FOR FEB-26,01-Jul-2026
YEFRI HEALTH CENTRE,NKORANZA,22710.36,PAYMENT OF CLAIMS FOR APR-26,01-Jul-2026
YIGANTU CHPS,SISSALA E,1169.30,PAYMENT OF CLAIMS FOR APR-26,01-Jul-2026
YIKENE CHPS,BOLGA MHIS,4224.49,PAYMENT OF CLAIMS FOR APR-26,01-Jul-2026
YIKPABONGO CHPS,W MAMPRUSI,123.73,PAYMENT OF CLAIMS FOR FEB-26,01-Jul-2026
YIKURUGU CHPS,BAWKU WEST,1051.14,PAYMENT OF CLAIMS FOR APR-26,01-Jul-2026
YILO KROBO DISTRICT HOSPITAL,YILO KROBO,211691.80,PAYMENT OF CLAIMS FOR MARCH-26,01-Jul-2026
YILO KROBO DISTRICT HOSPITAL,YILO KROBO,236595.44,PAYMENT OF CLAIMS FOR FEB-26,01-Jul-2026
YINDURI CHPS COMPOUND,TALENSI NABDAM,1389.36,ACCRUAL OF UNVETTED CLAIMS FOR DEC-25,01-Jul-2026
YINDURI CHPS COMPOUND,TALENSI NABDAM,6219.92,ACCRUAL OF UNVETTED CLAIMS FOR OCT-25,01-Jul-2026
YIPALA CHPS (SAWLA TUNA KALBA),SAWLA TUNA KALB,2071.02,PAYMENT OF CLAIM FOR MAR-26,01-Jul-2026
YIPALA CHPS (SAWLA TUNA KALBA),SAWLA TUNA KALB,2156.78,PAYMENT OF CLAIMS FOR FEB-26,01-Jul-2026
YIRKPIENG CHPS COMPOUND,BUILSA,723.47,PAYMENT OF CLAIMS FOR APR. 2026,01-Jul-2026
YIRPELLE CHPS,LAWRA,1000.50,PAYMENT OF CLAIMS FOR APR-26,01-Jul-2026
YISHEI CHPS,GUSHEGU,5538.75,PAYMENT OF CLAIMS FOR APR-26,01-Jul-2026
YIZIIDUG CHPS,GARU,3912.92,PAYMENT OF CLAIMS FOR APR-26,01-Jul-2026
YOGGU CHPS ZONE - TOLON,TOLON-KUMBUNGU,3618.85,PAYMENT OF CLAIMS FOR APR-26,01-Jul-2026
YOKWENOR CHPS COMPOUND,MANYA KROBO,2512.82,PAYMENT OF CLAIMS FOR APR-26,01-Jul-2026
YONG CHPS,SAVELUGU-NANTON,991.22,PAYMENT OF CLAIMS FOR FEB-26,01-Jul-2026
YONKOFA HEALTH CENTRE,AOWIN SUAMAN,10857.05,PAYMENT OF CLAIMS FOR APR-26,01-Jul-2026
YUNYOO HEALTH CENTRE,BUNKPURUGU-YUNY,8262.44,PAYMENT OF CLAIMS FOR MAR-26,01-Jul-2026
ZAARI CHPS,EAST MAMPRUSI,2016.48,PAYMENT OF CLAIM FOR APR-26,01-Jul-2026
ZABRAMA CHPS COMPOUND,PRU,26002.26,PAYMENT OF CLAIMS FOR MAR-26,01-Jul-2026
ZAMASHEGU CHPS ZONE,GUSHEGU,5119.30,PAYMENT OF CLAIMS FOR APR-26,01-Jul-2026
ZAMBO CHPS COMPOUND,LAWRA,10475.52,PAYMENT OF CLAIMS FOR APR-26,01-Jul-2026
ZAMSA CHPS COMPOUND,BUILSA,348.65,PAYMENT OF CLAIMS FOR APR-26,01-Jul-2026
ZANGBALUNG CHPS COMPOUND,TOLON/KUMBUNGU,2379.59,PAYMENT OF CLAIMS FOR FEB-26,01-Jul-2026
ZANGBALUNG CHPS COMPOUND,TOLON/KUMBUNGU,1735.79,PAYMENT OF CLAIMS FOR JAN-26,01-Jul-2026
ZANLERIGU HEALTH CENTRE,TALENSI NAB,15469.15,PAYMENT OF CLAIMS FOR APR-26,01-Jul-2026
ZEBILLA DISTRICT HOSPITAL,BAWKU WEST,506518.28,PAYMENT OF CLAIMS FOR NOV-25,01-Jul-2026
ZEBILLA DISTRICT HOSPITAL,BAWKU WEST,362282.02,PAYMENT OF CLAIMS FOR JAN-26,01-Jul-2026
ZEBILLA TOWN CLINIC,BAWKU WEST,14134.06,PAYMENT OF CLAIMS FOR APR-26,01-Jul-2026
ZEMU CHPS COMPOUND,AKATSI,1335.41,PAYMENT OF CLAIMS FOR MAR. 2026,01-Jul-2026
ZEMU CHPS COMPOUND,AKATSI,1743.17,PAYMENT OF CLAIMS FOR APR. 2026,01-Jul-2026
ZENU HEALTH CENTRE,ASHIAMAN,54112.89,PAYMENT OF CLAIMS FOR FEB-26,01-Jul-2026
ZENU HEALTH CENTRE,ASHIAMAN,71236.48,ACCRUAL OF UNVETTED CLAIMS FOR NOV-25,01-Jul-2026
ZEVOR CHPS ZONE,BIRIM NORTH,3039.43,PAYMENT OF CLAIM FOR APR-26,01-Jul-2026
ZEZERA HEALTH CENTRE,JAMAN S,38218.31,PAYMENT OF CLAIMS FOR MAR-26,01-Jul-2026
ZIAKO CHPS COMPOUND,BAWKU,129.42,PAYMENT OF CLAIMS FOR FEB-26,01-Jul-2026
ZIAVI CHPS COMPOUND,HO,10533.72,PAYMENT OF CLAIMS FOR APR-26,01-Jul-2026
ZININDO CHPS ZONE,GUSHEGU,9058.91,PAYMENT OF CLAIMS FOR APR-26,01-Jul-2026
ZININDO CHPS ZONE,GUSHEGU,11149.99,PAYMENT OF CLAIMS FOR FEB-26,01-Jul-2026
ZION CAMP CHPS COMPOUND,UPPER DENKYIRA,1896.50,PAYMENT OF CLAIMS FOR MAR. 2026,01-Jul-2026
ZIOPE CHPS,ADAKLU ANYIGBE,3571.20,PAYMENT OF CLAIM FOR FEB-26,01-Jul-2026
ZIOPE CHPS,ADAKLU ANYIGBE,11652.95,ACCRUAL OF UNVETTED CLAIMS FOR NOV-25,01-Jul-2026
ZIOPE CHPS,ADAKLU ANYIGBE,3758.10,PAYMENT OF CLAIM FOR MAR-26,01-Jul-2026
ZIOPE CHPS,ADAKLU ANYIGBE,6152.18,PAYMENT OF CLAIMS FOR MAY.-25,01-Jul-2026
ZIOPE CHPS,ADAKLU ANYIGBE,5842.97,ACCRUAL OF UNVETTED CLAIMS FOR OCT-25,01-Jul-2026
ZIOPE HEALTH CENTRE,ADAKLU-ANY,21454.49,PAYMENT OF CLAIMS FOR SEPT-25,01-Jul-2026
ZIOPE HEALTH CENTRE,ADAKLU-ANY,25282.53,PAYMENT OF CLAIMS FOR APR-26,01-Jul-2026
ZIOPE HEALTH CENTRE,ADAKLU-ANY,12816.81,PAYMENT OF CLAIMS FOR APR-25,01-Jul-2026
ZIOPE HEALTH CENTRE,ADAKLU-ANY,21111.31,PAYMENT OF CLAIMS FOR AUG-25,01-Jul-2026
ZIOPE HEALTH CENTRE,ADAKLU-ANY,17567.41,PAYMENT OF CLAIMS FOR MAR-26,01-Jul-2026
ZIOPE HEALTH CENTRE,ADAKLU-ANY,2651.77,PAYMENT OF CLAIM FOR FEB-26,01-Jul-2026
ZOGGU HEALTH CENTRE,SAVE/NANTONG,14952.92,PAYMENT OF CLAIMS FOR APR-26,01-Jul-2026
ZONGO CHPS,KWAEBIBIREM,1486.12,PAYMENT OF CLAIMS FOR MAR. 2026,01-Jul-2026
ZONGO CHPS (UPPER DENKYIRA EAST),UPPER DENKYIRA,7672.45,PAYMENT OF CLAIMS FOR FEB.-26,01-Jul-2026
ZONGO CHPS COMPOUND,WENCHI DISTRICT,2746.40,PAYMENT OF CLAIMS FOR APR-26,01-Jul-2026
ZONGO HEALTH CENTRE NEW JUABEN,NEW JUABEN,22327.29,PAYMENT OF CLAIMS FOR FEB-26,01-Jul-2026
ZONGO HEALTH CENTRE NEW JUABEN,NEW JUABEN,23514.40,PAYMENT OF CLAIMS FOR JAN-26,01-Jul-2026
ZONGOIRE HEALTH CENTRE,GREATER ACCRA,32543.64,PAYMENT OF CLAIMS FOR MAR-26,01-Jul-2026
ZONGOIRE HEALTH CENTRE,GREATER ACCRA,34972.88,PAYMENT OF CLAIMS FOR APR-26,01-Jul-2026
ZONNO CHPS COMPOUND,BOLGA MHIS,1583.76,PAYMENT OF CLAIMS FOR APR. 2026,01-Jul-2026
ZONNO CHPS COMPOUND,BOLGA MHIS,1479.05,PAYMENT OF CLAIMS FOR MAR. 2026,01-Jul-2026
ZORKOR HEALTH CENTRE (KODOROGO CHPS COMPOUND),UPPER EAST,18245.25,PAYMENT OF CLAIMS FOR MAR-26,01-Jul-2026
ZUABULGA CHPS,PUSIGA,6545.59,PAYMENT OF CLAIMS FOR FEB-26,01-Jul-2026
ZUABULGA CHPS,PUSIGA,8464.01,PAYMENT OF CLAIMS FOR MAR-26,01-Jul-2026
ZUARUNGU HEALTH CENTRE,BOLGA,21413.39,PAYMENT OF CLAIMS FOR MAR-26,01-Jul-2026
ZUARUNGU HEALTH CENTRE,BOLGA,19264.93,PAYMENT OF CLAIMS FOR APR-26,01-Jul-2026
ZUARUNGU-MOSHIE HEALTH CENTRE,BOLGA,8530.53,PAYMENT OF CLAIMS FOR APR-26,01-Jul-2026
ZUARUNGU-MOSHIE HEALTH CENTRE,BOLGA,8569.19,PAYMENT OF CLAIMS FOR FEB.-26,01-Jul-2026
ZUARUNGU-MOSHIE HEALTH CENTRE,BOLGA,8649.96,PAYMENT OF CLAIMS FOR MAR-26,01-Jul-2026
ZUKPE CHPS COMPOUND,KETU NORTH,2450.84,PAYMENT OF CLAIMS FOR FEB-26,01-Jul-2026
ZUKPE CHPS COMPOUND,KETU NORTH,2979.03,PAYMENT OF CLAIMS FOR JAN-26,01-Jul-2026
DUALA MEDICAL CENTRE,KPESHIE SM,3055.94,PAYMENT OF CLAIMS FOR APR-24,01-Jul-2026
ABOABOSO CHPS COMPOUND,MPOHOR WASSA EA,3236.16,PAYMENT OF CLAIMS FOR OCT-25,01-Jul-2026
NEW ABIREM GOVERNMENT HOSPITAL,NEW ABIREM,14567.14,PAYMENT OF CLAIMS FOR DEC-25,01-Jul-2026
NEW ABIREM GOVERNMENT HOSPITAL,NEW ABIREM,384714.70,PAYMENT OF CLAIMS FOR AUG-25,01-Jul-2026
DABOASE HEALTH CENTRE,MPOHOR WASS E,41634.72,PAYMENT OF CLAIMS FOR MAR-25,01-Jul-2026
AKUTUASE CLINIC,MPOHOR WASSA EA,10746.46,PAYMENT OF CLAIMS FOR NOV-25,01-Jul-2026
BEENU-YIE CHPS COMPOUND,MPOHOR WASSA EA,4236.18,PAYMENT OF CLAIMS FOR JUL-25,01-Jul-2026
NEW SUBRI CHPS COMPOUND,MPOHOR WASS E,1919.70,CLAIMS PAYMENT MARCH 25,01-Jul-2026
NEW SUBRI CHPS COMPOUND,MPOHOR WASS E,1724.37,CLAIMS PAYMENT MAY-25,01-Jul-2026
NEW SUBRI CHPS COMPOUND,MPOHOR WASS E,2390.24,CLAIMS PAYMENT JUN-25,01-Jul-2026
ATEIKU HEALTH CENTRE,MPOHOR WASS E,24319.60,PAYMENT OF CLAIMS FOR JAN-26,01-Jul-2026
ATEIKU HEALTH CENTRE,MPOHOR WASS E,25619.05,PAYMENT OF CLAIMS FOR FEB 26,01-Jul-2026
ANKAMATENG CHPS,AMENFIMAN MHIS,781.40,PAYMENT OF CLAIMS FOR MAR-25,01-Jul-2026
ANKAMATENG CHPS,AMENFIMAN MHIS,752.25,PAYMENT OF CLAIMS FOR APR-25,01-Jul-2026
ANKAMATENG CHPS,AMENFIMAN MHIS,789.26,PAYMENT OF CLAIMS FOR MAY-25,01-Jul-2026
ANKAMATENG CHPS,AMENFIMAN MHIS,1388.88,PAYMENT OF CLAIMS FOR JUN-25,01-Jul-2026
ANKAMATENG CHPS,AMENFIMAN MHIS,1078.65,ACCRUAL OF UNVETTED CLAIMS FOR NOV-25,01-Jul-2026
ANKAMATENG CHPS,AMENFIMAN MHIS,1033.87,PAYMENT OF CLAIMS FOR AUG-25,01-Jul-2026
ANKAMATENG CHPS,AMENFIMAN MHIS,717.52,PAYMENT OF CLAIMS FOR JUL-25,01-Jul-2026
ANYINABRIM HEALTH CENTRE,SEFWI WIAWSO,1585.42,PAYMENT OF CLAIMS FOR DEC-24,01-Jul-2026
ANYINABRIM HEALTH CENTRE,SEFWI WIAWSO,2529.76,PAYMENT OF CLAIMS FOR JAN-25,01-Jul-2026
ANYINABRIM HEALTH CENTRE,SEFWI WIAWSO,2091.58,PAYMENT OF CLAIMS FOR FEB-25,01-Jul-2026
ANYINABRIM HEALTH CENTRE,SEFWI WIAWSO,2411.06,PAYMENT OF CLAIMS FOR APR-25,01-Jul-2026
ANYINABRIM HEALTH CENTRE,SEFWI WIAWSO,2757.99,PAYMENT OF CLAIMS FOR AUG-25,01-Jul-2026
ANYINABRIM HEALTH CENTRE,SEFWI WIAWSO,2543.80,PAYEMNT OF CLAIMS FOR SEP-25,01-Jul-2026
AGONA CAMP CHPS,AMENFIMAN,2149.51,PAYMENT OF CLAIMS FOR NOV-25,01-Jul-2026
KOFIEKROM CHPS,AMENFIMAN,265.79,PAYMENT OF CLAIMS FOR JAN-24,01-Jul-2026
KOFIEKROM CHPS,AMENFIMAN,248.73,PAYMENT OF CLAIMS FOR DEC-25,01-Jul-2026
KOFIEKROM CHPS,AMENFIMAN,230.05,PAYMENT OF CLAIMS FOR FEB-24,01-Jul-2026
KOFIEKROM CHPS,AMENFIMAN,180.51,PAYMENT OF CLAIMS FOR MAR-24,01-Jul-2026
KOFIEKROM CHPS,AMENFIMAN,142.90,PAYMENT OF CLAIMS FOR APR-24,01-Jul-2026
KOFIEKROM CHPS,AMENFIMAN,119.79,PAYMENT OF CLAIMS FOR MAY-24,01-Jul-2026
KOFIEKROM CHPS,AMENFIMAN,74.66,PAYMENT OF CLAIMS FOR JUN-24,01-Jul-2026
KOFIEKROM CHPS,AMENFIMAN,226.53,PAYMENT OF CLAIMS FOR JUL-24,01-Jul-2026
KOFIEKROM CHPS,AMENFIMAN,245.70,PAYMENT OF CLAIMS FOR AUG-24,01-Jul-2026
KOFIEKROM CHPS,AMENFIMAN,162.96,PAYMENT OF CLAIMS FOR SEP-24,01-Jul-2026
KOFIEKROM CHPS,AMENFIMAN,317.18,PAYMENT OF CLAIMS FOR OCT-24,01-Jul-2026
KOFIEKROM CHPS,AMENFIMAN,186.17,PAYMENT OF CLAIMS FOR NOV-24,01-Jul-2026
KOFIEKROM CHPS,AMENFIMAN,263.79,PAYMENT OF CLAIMS FOR DEC-24,01-Jul-2026
KOFIEKROM CHPS,AMENFIMAN,94.51,PAYMENT OF CLAIMS FOR FEB-25,01-Jul-2026
KOFIEKROM CHPS,AMENFIMAN,227.12,PAYMENT OF CLAIMS FOR MAR-25,01-Jul-2026
KOFIEKROM CHPS,AMENFIMAN,322.73,PAYMENT OF CLAIMS FOR APR-25,01-Jul-2026
KOFIEKROM CHPS,AMENFIMAN,157.00,PAYMENT OF CLAIMS FOR MAY-25,01-Jul-2026
KOFIEKROM CHPS,AMENFIMAN,143.03,PAYMENT OF CLAIMS FOR JUL-25,01-Jul-2026
KOFIEKROM CHPS,AMENFIMAN,180.74,PAYMENT OF CLAIMS FOR JUN-25,01-Jul-2026
KOFIEKROM CHPS,AMENFIMAN,263.86,PAYMENT OF CLAIMS FOR SEP-25,01-Jul-2026
KOFIEKROM CHPS,AMENFIMAN,127.92,PAYMENT OF CLAIMS FOR OCT-25,01-Jul-2026
KOFIEKROM CHPS,AMENFIMAN,144.51,PAYMENT OF CLAIMS FOR OCT-25,01-Jul-2026
KOFIEKROM CHPS,AMENFIMAN,113.57,PAYMENT OF CLAIMS FOR JAN-26,01-Jul-2026
WASSA BEKWAI CHPS,AMENFIMAN,1648.53,PAYMENT OF CLAIMS FOR JAN-24,01-Jul-2026
WASSA BEKWAI CHPS,AMENFIMAN,1087.72,PAYMENT OF CLAIMS FOR FEB-24,01-Jul-2026
WASSA BEKWAI CHPS,AMENFIMAN,1348.76,PAYMENT OF CLAIMS FOR APR-24,01-Jul-2026
WASSA BEKWAI CHPS,AMENFIMAN,1200.29,PAYMENT OF CLAIMS FOR MAY-24,01-Jul-2026
WASSA BEKWAI CHPS,AMENFIMAN,839.22,PAYMENT OF CLAIMS FOR MAR-24,01-Jul-2026
WASSA BEKWAI CHPS,AMENFIMAN,1262.82,PAYMENT OF CLAIMS FOR JUN-24,01-Jul-2026
WASSA BEKWAI CHPS,AMENFIMAN,1572.10,PAYMENT OF CLAIMS FOR JUL-24,01-Jul-2026
WASSA BEKWAI CHPS,AMENFIMAN,1934.82,PAYMENT OF CLAIMS FOR SEP-24,01-Jul-2026
WASSA BEKWAI CHPS,AMENFIMAN,1288.54,PAYMENT OF CLAIMS FOR AUG-24,01-Jul-2026
WASSA BEKWAI CHPS,AMENFIMAN,1179.36,PAYMENT OF CLAIMS FOR OCT-24,01-Jul-2026
WASSA BEKWAI CHPS,AMENFIMAN,1189.56,PAYMENT OF CLAIMS FOR NOV-24,01-Jul-2026
WASSA BEKWAI CHPS,AMENFIMAN,1143.67,ACCRUAL OF UNVETTED CLAIMS FOR DEC-24,01-Jul-2026
WASSA BEKWAI CHPS,AMENFIMAN,1278.39,PAYMENT OF CLAIMS FOR JAN-25,01-Jul-2026
WASSA BEKWAI CHPS,AMENFIMAN,997.87,PAYMENT OF CLAIMS FOR FEB-25,01-Jul-2026
WASSA BEKWAI CHPS,AMENFIMAN,1872.50,PAYMENT OF CLAIMS FOR MAR-25,01-Jul-2026
WASSA BEKWAI CHPS,AMENFIMAN,1372.10,PAYMENT OF CLAIMS FOR APR-25,01-Jul-2026
WASSA BEKWAI CHPS,AMENFIMAN,1526.95,PAYMENT OF CLAIMS FOR MAY-25,01-Jul-2026
WASSA BEKWAI CHPS,AMENFIMAN,1199.96,PAYMENT OF CLAIMS FOR JUN-25,01-Jul-2026
WASSA BEKWAI CHPS,AMENFIMAN,1696.56,PAYMENT OF CLAIMS FOR JUL-25,01-Jul-2026
WASSA BEKWAI CHPS,AMENFIMAN,758.25,PAYMENT OF CLAIMS FOR AUG-25,01-Jul-2026
WASSA BEKWAI CHPS,AMENFIMAN,1023.51,PAYMENT OF CLAIMS FOR NOV-25,01-Jul-2026
WASSA BEKWAI CHPS,AMENFIMAN,1652.87,PAYMENT OF CLAIMS FOR OCT-25,01-Jul-2026
WASSA BEKWAI CHPS,AMENFIMAN,1080.61,CLAIMS PAYMENT NOV 25,01-Jul-2026
CHICHISO NO. 1 CHPS,AMANSIE WEST,1284.05,PAYMENT OF CLAIMS FOR JAN. 2024,01-Jul-2026
CHICHISO NO. 1 CHPS,AMANSIE WEST,757.27,CLAIMS PAYMENT FOR FEB 2024,01-Jul-2026
CHICHISO NO. 1 CHPS,AMANSIE WEST,1110.05,PAYMENT OF MARCH 2024 CLAIMS,01-Jul-2026
CHICHISO NO. 1 CHPS,AMANSIE WEST,1187.30,PAYMENT OF APRIL 2024 CLAIMS,01-Jul-2026
CHICHISO NO. 1 CHPS,AMANSIE WEST,1415.00,PAYMENT OF MAY 2024 CLAIMS,01-Jul-2026
CHICHISO NO. 1 CHPS,AMANSIE WEST,1358.06,PAYMENT OF CLAIMS FOR JUN-24,01-Jul-2026
CHICHISO NO. 1 CHPS,AMANSIE WEST,1522.07,PAYMENT OF JULY 2024 CLAIMS,01-Jul-2026
CHICHISO NO. 1 CHPS,AMANSIE WEST,1842.81,PAYMENT OF CLAIMS FOR AUG-24,01-Jul-2026
CHICHISO NO. 1 CHPS,AMANSIE WEST,1260.28,PAYMENT OF CLAIMS FOR SEP-24,01-Jul-2026
CHICHISO NO. 1 CHPS,AMANSIE WEST,1918.03,PAYMENT OF CLAIMS FOR OCT-24,01-Jul-2026
CHICHISO NO. 1 CHPS,AMANSIE WEST,1271.02,PAYMENT OF CLAIMS FOR DEC-24,01-Jul-2026
CHICHISO NO. 1 CHPS,AMANSIE WEST,1582.53,PAYMENT OF CLAIMS FOR NOV-24,01-Jul-2026
CONGO-BISCO CHPS,AMENFIMAN MHIS,105.51,PAYMENT OF CLAIMS FOR DEC-25,01-Jul-2026
CONGO-BISCO CHPS,AMENFIMAN MHIS,130.17,Accrual and Payment of Claims for the Month of JAN-2026 for CONGO-BISCO CHPS,01-Jul-2026
CONGO-BISCO CHPS,AMENFIMAN MHIS,213.53,PAYMENT OF CLAIMS FOR SEP-25,01-Jul-2026
CONGO-BISCO CHPS,AMENFIMAN MHIS,96.10,PAYMENT OF CLAIMS FOR FEB-26,01-Jul-2026
CONGO-BISCO CHPS,AMENFIMAN MHIS,198.63,PAYMENT OF CLAIMS FOR OCT-25,01-Jul-2026
CONGO-BISCO CHPS,AMENFIMAN MHIS,111.05,PAYMENT OF CLAIMS FOR MAR-26,01-Jul-2026
CONGO-BISCO CHPS,AMENFIMAN MHIS,113.44,PAYMENT OF CLAIMS FOR APR-25,01-Jul-2026
CONGO-BISCO CHPS,AMENFIMAN MHIS,142.42,PAYMENT OF CLAIMS FOR JUN-25,01-Jul-2026
CONGO-BISCO CHPS,AMENFIMAN MHIS,118.74,PAYMENT OF CLAIMS FOR JUN-25,01-Jul-2026
CONGO-BISCO CHPS,AMENFIMAN MHIS,84.28,PAYMENT OF CLAIMS FOR MAR-25,01-Jul-2026
CHICHISO NO. 1 CHPS,AMANSIE WEST,945.01,PAYMENT OF CLAIMS FOR FEB-25,01-Jul-2026
CHICHISO NO. 1 CHPS,AMANSIE WEST,1434.41,PAYMENT OF CLAIMS FOR JAN-25,01-Jul-2026
CHICHISO NO. 1 CHPS,AMANSIE WEST,1294.62,PAYMENT OF CLAIMS FOR APR-25,01-Jul-2026
CHICHISO NO. 1 CHPS,AMANSIE WEST,1282.05,PAYMENT OF CLAIMS FOR MAY-25,01-Jul-2026
CHICHISO NO. 1 CHPS,AMANSIE WEST,1197.14,PAYMENT OF CLAIMS FOR SEP-25,01-Jul-2026
CHICHISO NO. 1 CHPS,AMANSIE WEST,1938.46,PAYMENT OF CLAIMS FOR OCT-25,01-Jul-2026
CHICHISO NO. 1 CHPS,AMANSIE WEST,1518.91,PAYMENT OF CLAIMS FOR DEC-25,01-Jul-2026
CHICHISO NO. 1 CHPS,AMANSIE WEST,1910.13,PAYMENT OF CLAIMS FOR JAN-26,01-Jul-2026
CHICHISO NO. 1 CHPS,AMANSIE WEST,1812.40,PAYMENT OF CLAIMS FOR FEB-26,01-Jul-2026
CHICHISO NO. 1 CHPS,AMANSIE WEST,2215.06,PAYMENT OF CLAIMS FOR MAR-26,01-Jul-2026
NEW TAFO GOVT. HOSPITAL (EASTERN),EAST AKIM DMHIS,197304.62,PAYMENT OF CLAIMS FOR DEC-25,01-Jul-2026
ZONGO HEALTH CENTRE BEREKUM,BEREKUM,23808.29,PAYMENT OF CLAIMS FOR SEP-24,01-Jul-2026
NSUGYASO CHPS COMPOUND,AFRAM PLANS HIS,2168.09,PAYMENT OF CLAIMS FOR DEC-24,01-Jul-2026
NSUGYASO CHPS COMPOUND,AFRAM PLANS HIS,2849.21,PAYMENT OF CLAIMS FOR MAR-25,01-Jul-2026
NSUGYASO CHPS COMPOUND,AFRAM PLANS HIS,3789.84,PAYMENT OF CLAIMS FOR APR-25,01-Jul-2026
NSUGYASO CHPS COMPOUND,AFRAM PLANS HIS,3865.38,PAYMENT OF CLAIMS FOR MAY-25,01-Jul-2026
NSUGYASO CHPS COMPOUND,AFRAM PLANS HIS,3899.94,PAYMENT OF CLAIMS FOR JUN-25,01-Jul-2026
NSUGYASO CHPS COMPOUND,AFRAM PLANS HIS,4682.06,PAYMENT OF CLAIMS FOR JUL-25,01-Jul-2026
NSUGYASO CHPS COMPOUND,AFRAM PLANS HIS,3948.64,PAYMENT OF CLAIMS FOR SEP-25,01-Jul-2026
NSUGYASO CHPS COMPOUND,AFRAM PLANS HIS,4352.53,PAYMENT OF CLAIMS FOR AUG-25,01-Jul-2026
NSUGYASO CHPS COMPOUND,AFRAM PLANS HIS,3683.54,PAYMENT OF CLAIMS FOR JAN-26,01-Jul-2026
NSUGYASO CHPS COMPOUND,AFRAM PLANS HIS,3263.77,PAYMENT OF CLAIMS FOR FEB-26,01-Jul-2026
TEASE CENTRAL CHIPS COMPOUND,DONKOKROM,1784.48,CLAIMS PAYMENT FOR FEB 2025,01-Jul-2026
TEASE CENTRAL CHIPS COMPOUND,DONKOKROM,1253.55,PAYMENT OF CLAIMS FOR FEB-26,01-Jul-2026
TEASE CENTRAL CHIPS COMPOUND,DONKOKROM,2035.72,PAYMENT OF CLAIMS FOR MAR-25,01-Jul-2026
TEASE CENTRAL CHIPS COMPOUND,DONKOKROM,1109.32,PAYMENT OF CLAIMS FOR MAR-26,01-Jul-2026
TEASE CENTRAL CHIPS COMPOUND,DONKOKROM,1303.44,PAYMENT OF CLAIMS FOR APR-25,01-Jul-2026
TEASE CENTRAL CHIPS COMPOUND,DONKOKROM,1384.55,PAYMENT OF CLAIMS FOR MAY-25,01-Jul-2026
TEASE CENTRAL CHIPS COMPOUND,DONKOKROM,1962.87,PAYMENT OF CLAIMS FOR JUN-25,01-Jul-2026
TEASE CENTRAL CHIPS COMPOUND,DONKOKROM,3176.65,PAYMENT OF CLAIMS FOR JUL-25,01-Jul-2026
TEASE CENTRAL CHIPS COMPOUND,DONKOKROM,2863.49,PAYMENT OF CLAIMS FOR AUG-25,01-Jul-2026
TEASE CENTRAL CHIPS COMPOUND,DONKOKROM,1787.35,PAYMENT OF CLAIMS FOR SEP-25,01-Jul-2026
TEASE CENTRAL CHIPS COMPOUND,DONKOKROM,3179.22,PAYMENT OF CLAIMS FOR OCT-25,01-Jul-2026
TEASE CENTRAL CHIPS COMPOUND,DONKOKROM,1639.99,PAYMENT OF CLAIMS FOR JAN-26,01-Jul-2026
TEASE CENTRAL CHIPS COMPOUND,DONKOKROM,1466.26,PAYMENT OF CLAIMS FOR JAN-25,01-Jul-2026
TEASE CENTRAL CHIPS COMPOUND,DONKOKROM,3156.37,PAYMENT OF CLAIMS FOR NOV-25,01-Jul-2026
AKOBIMA CHPS,MFANTSIMAN,2317.09,PAYMENT OF CLAIMS FOR FEB-26,01-Jul-2026
AKOHIA CHPS COMPOUND,MANYA KROBO,886.59,PAYMENT OF CLAIMS FOR APR-26,01-Jul-2026
AKOKOA HEALTH CENTRE,ATEBUBU,29451.61,PAYMENT OF CLAIMS FOR MAR-26,01-Jul-2026
AKOKOASO CHPS COMPOUND (BIRIM NORTH),BIRIM NORTH,6486.23,PAYMENT OF CLAIMS FOR APR-26,01-Jul-2026
AKOKOFE CHPS ZONE,BOSOMTWE-ATWIMA,9616.12,PAYMENT OF CLAIMS FOR MAR-26,01-Jul-2026
AKOLPOSIGA CHPS COMPOUND,BONGO,585.31,PAYMENT OF CLAIMS FOR MAR-26,01-Jul-2026
AKOME CHPS COMPOUND,HO,5720.93,PAYMENT OF CLAIMS FOR FEB.-26,01-Jul-2026
AKOME CHPS COMPOUND,HO,8129.37,PAYMENT OF CLAIMS FOR MAR-26,01-Jul-2026
AKOME CHPS COMPOUND,HO,8438.05,PAYMENT OF CLAIMS FOR MAR-26,01-Jul-2026
AKONTANIM CHPS,DORMAA DIST.MHO,9648.36,PAYMENT OF CLAIMS FOR MAR-26,01-Jul-2026
AKONTOMBRA GOVERNMENT HOSPITAL,SEFWI AKONTOMBR,72414.43,PAYMENT OF CLAIMS FOR APR-26,01-Jul-2026
AKORABO HEALTH CENTRE,SUHUM KRA C,14667.34,PAYMENT OF CLAIMS FOR FEB-26,01-Jul-2026
AKORE CHPS,TAIN DISTRICT,3053.35,PAYMENT OF CLAIMS FOR APR-26,01-Jul-2026
AKORLEY CHPS COMPOUND,YILO KROBO,5386.41,PAYMENT OF CLAIMS FOR APR-26,01-Jul-2026
AKORTEKROM CHPS,BIRIM SOUTH,4639.07,PAYMENT OF CLAIMS FOR APR-26,01-Jul-2026
AKOSOMBO CHPS COMPOUND,BIRIM SOUTH,2536.24,PAYMENT OF CLAIMS FOR APR-26,01-Jul-2026
AKOSOMBO CHPS COMPOUND,BIRIM SOUTH,3664.14,PAYMENT OF CLAIMS FOR MAY-26,01-Jul-2026
AKOTE CHPS,SUHUM KRA C,3271.21,PAYMENT OF CLAIMS FOR MAY-26,01-Jul-2026
AKOTE CHPS,SUHUM KRA C,2468.92,PAYMENT OF CLAIMS FOR APR-26,01-Jul-2026
AKOTEX CHPS,AYAWASO,15.78,PAYMENT OF CLAIMS FOR APR-26,01-Jul-2026
AKOTOE CHPS COMPOUND,MANYA KROBO,1507.20,PAYMENT OF CLAIMS FOR APR-26,01-Jul-2026
AKOTOKYIR CHPS COMPOUND,OGUAMAN,2936.20,PAYMENT OF CLAIM FOR APR-26,01-Jul-2026
AKPAFU - ADORKOR CHPS,HOHOE,4267.94,PAYMENT OF CLAIMS FOR FEB-26,01-Jul-2026
AKPAFU MEMPEASEM HEALTH CENTRE,HOHOE,11499.90,PAYMENT OF CLAIMS FOR FEB-26,01-Jul-2026
AKPAFU-ODOMI CHPS COMPOUND,HOHOE,4918.77,PAYMENT OF CLAIMS FOR JAN-26,01-Jul-2026
AKPAFU-ODOMI CHPS COMPOUND,HOHOE,4129.15,PAYMENT OF CLAIMS FOR FEB-26,01-Jul-2026
AKPANDUE CHPS,ELLEMBELLE,2107.69,PAYMENT OF CLAIMS FOR MAR-26,01-Jul-2026
AKPANDUE CHPS,ELLEMBELLE,2111.56,PAYMENT OF CLAIMS FOR FEB-26,01-Jul-2026
AKPLORFUDZI CHPS COMPOUND,KETA,399.77,PAYMENT OF CLAIMS FOR APR-26,01-Jul-2026
AKPO EPI CENTRE,YILO KROBO,57.28,PAYMENT OF CLAIMS FOR MAR-26,01-Jul-2026
AKPO EPI CENTRE,YILO KROBO,866.50,PAYMENT OF CLAIMS FOR FEB. 2026,01-Jul-2026
AKPOKOPE CHPS,ADAKLU-ANY,5619.39,PAYMENT OF CLAIMS FOR MAR-26,01-Jul-2026
AKPORKPLOE HEALTH CENTRE,KETU,14696.53,PAYMENT OF CLAIMS FOR MAR-26,01-Jul-2026
AKPORKPLOE HEALTH CENTRE,KETU,13831.35,PAYMENT OF CLAIMS FOR FEB-26,01-Jul-2026
AKRAMANG CHPS,AKUAPEM SOUTH,4533.37,PAYMENT OF CLAIMS FOR MAR-26,01-Jul-2026
AKRAMANG CHPS,AKUAPEM SOUTH,4706.11,PAYMENT OF CLAIMS FOR MAR-26,01-Jul-2026
AKROFOSO CHPS COMPOUND,SEKYERE EAST-EF,1903.60,PAYMENT OF CLAIMS FOR APR-26,01-Jul-2026
AKROFU HEALTH CENTRE,HO,6511.13,PAYMENT OF CLAIMS FOR MAR-26,01-Jul-2026
AKROFU HEALTH CENTRE,HO,4864.19,PAYMENT OF CLAIMS FOR MAR-26,01-Jul-2026
AKROFUFU CHPS COMPOUND,ATIWA,6892.51,PAYMENT OF CLAIMS FOR JUNE-24,01-Jul-2026
AKROFUFU CHPS COMPOUND,ATIWA,9262.60,PAYMENT OF CLAIMS FOR MAR-26,01-Jul-2026
AKROKERRI HEALTH CENTRE,ADANSI NORTH,51131.54,PAYMENT OF CLAIMS FOR MARCH-26,01-Jul-2026
AKROPONG CHPS (ATIWA),ATIWA DHIS,7606.02,PAYMENT OF CLAIMS FOR FEB.-26,01-Jul-2026
AKROPONG HEALTH CENTRE,ATWIMA NWAB,153789.57,CLAIMS PAYMENT FOR APR-25,01-Jul-2026
AKROSO HEALTH CENTRE,BIRIM SOUTH,29204.07,PAYMENT OF CLAIMS FOR APR-26,01-Jul-2026
AKROSO HEALTH CENTRE,BIRIM SOUTH,32141.65,PAYMENT OF CLAIMS FOR MAR-26,01-Jul-2026
AKRUSU CHPS COMPOUND,MANYA KROBO,2577.82,PAYMENT OF CLAIM FOR MAR-26,01-Jul-2026
AKUM CHPS COMPOUND,KADJEBI,1484.31,PAYMENT OF CLAIMS FOR SEPT-25,01-Jul-2026
AKUM CHPS COMPOUND,KADJEBI,1396.83,PAYMENT OF CLAIMS FOR JAN. 2026,01-Jul-2026
AKUM CHPS COMPOUND,KADJEBI,1671.38,PAYMENT OF CLAIMS FOR JUL-25,01-Jul-2026
AKUM CHPS COMPOUND,KADJEBI,1268.12,PAYMENT OF CLAIMS FOR MAY-25,01-Jul-2026
AKUM CHPS COMPOUND,KADJEBI,1542.86,PAYMENT OF CLAIMS FOR MAR. 2026,01-Jul-2026
AKUNI CHPS COMPOUND,AKUAPEM N,607.20,PAYMENT OF CLAIMS FOR APR-26,01-Jul-2026
AKUTRESO HEALTH CENTRE,ADANSI SOUTH MH,4066.32,PAYMENT OF CLAIMS FOR MAR-26,01-Jul-2026
AKUTUASE CHPS,ATIWA DHIS,941.61,PAYMENT OF CLAIMS FOR APR-26,01-Jul-2026
AKUTUASE CHPS,ATIWA DHIS,1240.46,PAYMENT OF CLAIMS FOR MAR-26,01-Jul-2026
AKUTUASE CLINIC,MPOHOR WASSA EA,21492.92,PAYMENT OF CLAIMS FOR NOV-25,01-Jul-2026
AKUTUASE CLINIC,MPOHOR WASSA EA,9633.90,CLAIMS PAYMENT FOR APR. 2023,01-Jul-2026
AKWABOSO CHPS,UPPER DENKYIRA,1624.30,PAYMENT OF CLAIMS FOR FEB-26,01-Jul-2026
AKWADUM CHPS,NEW JUABEN,400.93,PAYMENT OF CLAIMS FOR MAR-26,01-Jul-2026
AKWADUM CHPS,NEW JUABEN,9996.19,PAYMENT OF CLAIMS FOR JAN-26,01-Jul-2026
AKWADUM CHPS,NEW JUABEN,368.69,PAYMENT OF CLAIMS FOR APR-26,01-Jul-2026
AKWADUM CHPS,NEW JUABEN,9346.85,PAYMENT OF CLAIMS FOR FEB.-26,01-Jul-2026
AKWADUUSO CHPS,ATIWA,1783.08,PAYMENT OF CLAIMS FOR APR. 2026,01-Jul-2026
AKWAMUFIE HEALTH CENTRE,ASUOGYAMAN,3954.62,PAYMENT OF CLAIMS FOR JAN-26,01-Jul-2026
AKWAMUFIE HEALTH CENTRE,ASUOGYAMAN,4622.64,PAYMENT OF CLAIMS FOR FEB.-26,01-Jul-2026
AKWANHYIAMU CHPS COMPOUND,ASSIN NORTH,1551.81,PAYMENT OF CLAIMS FOR APR-26,01-Jul-2026
AKWANSA KOKODO CHPS COMPOUND,MFANTSIMAN,954.16,PAYMENT OF CLAIMS FOR APR. 2026,01-Jul-2026
"AKWASIHO CHPS COMPOUND,",OKWAWUMAN S,11337.22,PAYMENT OF CLAIMS FOR APR-26,01-Jul-2026
AKWASUA CHPS COMPOUND,AKWASUA,1357.77,PAYMENT OF CLAIMS FOR APR-26,01-Jul-2026
AKWASUA CHPS COMPOUND,AKWASUA,3342.96,PAYMENT OF CLAIMS FOR JAN-26,01-Jul-2026
AKWASUA CHPS COMPOUND,AKWASUA,1619.21,PAYMENT OF CLAIMS FOR FEB-26,01-Jul-2026
AKWATIA CHPS,KWAEBIBIREM,6489.26,PAYMENT OF CLAIMS FOR FEB-26,01-Jul-2026
AKYEKROM CHPS ZONE,BIRIM NORTH,1397.04,PAYMENT OF CLAIMS FOR APR. 2026,01-Jul-2026
AKYEM NYANKOMASE CHPS,BIRIM SOUTH,2186.41,PAYMENT OF CLAIM FOR MAR-26,01-Jul-2026
AKYEM ODUMASE CHPS,EAST AKIM,2941.93,PAYMENT OF CLAIMS FOR MAY-26,01-Jul-2026
ALABONU CHPS,SOGAKOPE,4002.10,PAYMENT OF CLAIMS FOR MAR-26,01-Jul-2026
ALATA CHPS,ADANSI AKROFUOM,647.65,PAYMENT OF CLAIMS FOR DEC-25,01-Jul-2026
ALAVANYO WUDIDI HEALTH CENTRE,HOHOE,18067.46,PAYMENT OF CLAIMS FOR MAR-26,01-Jul-2026
ALAVANYO WUDIDI HEALTH CENTRE,HOHOE,20255.85,PAYMENT OF CLAIMS FOR APR-26,01-Jul-2026
ALL SAINTS HEALTH CENTRE (PIINA),JIRAPA-LAMBUSSI,10010.09,PAYMENT OF CLAIMS FOR APR-26,01-Jul-2026
ALL SAINTS HEALTH CENTRE (PIINA),JIRAPA-LAMBUSSI,8990.35,PAYMENT OF CLAIMS FOR JAN-26,01-Jul-2026
ALL SAINTS HEALTH CENTRE (PIINA),JIRAPA-LAMBUSSI,9677.88,PAYMENT OF CLAIMS FOR MAR-26,01-Jul-2026
ALL SAINTS HEALTH CENTRE (PIINA),JIRAPA-LAMBUSSI,14171.15,PAYMENT OF CLAIMS FOR FEB-26,01-Jul-2026
AMADU-NKWANTA CHPS COMPOUND,BIA,1318.50,PAYMENT OF CLAIMS FOR MAR-26,01-Jul-2026
AMADU-NKWANTA CHPS COMPOUND,BIA,1133.00,PAYMENT OF CLAIMS FOR FEB. 2026,01-Jul-2026
AMAMOMA CHPS,OGUAMAN,1251.00,PAYMENT OF CLAIMS FOR APR-26,01-Jul-2026
AMAMORLEY COMMUNITY CLINIC,GA WEST,42067.66,PAYMENT OF CLAIMS FOR JAN-26,01-Jul-2026
AMAMORLEY COMMUNITY CLINIC,GA WEST,41310.50,PAYMENT OF CLAIMS FOR FEB-26,01-Jul-2026
AMANASE HEALTH CENTRE,SUHUM KRA C,21162.22,PAYMENT OF CLAIMS FOR FEB-26,01-Jul-2026
AMANBETE CHPS COMPOUND,ASIKUMA ODOBEN,1375.74,PAYMENT OF CLAIMS FOR MAR. 2026,01-Jul-2026
AMANBETE CHPS COMPOUND,ASIKUMA ODOBEN,1745.47,PAYMENT OF CLAIMS FOR APR-26,01-Jul-2026
AMANFOPONG CHPS COMPOUND,ASIKUMA ODO BRA,5137.49,PAYMENT OF CLAIMS FOR MAR-26,01-Jul-2026
AMANFOPONG CHPS COMPOUND,ASIKUMA ODO BRA,5487.21,PAYMENT OF CLAIMS FOR APR-26,01-Jul-2026
AMANFRO CHPS(AKUAPEM NORTH),AKUAPEM NORTH,8859.23,PAYMENT OF CLAIMS FOR APRIL-26,01-Jul-2026
AMANFROM CHPS COMPOUND,EAST AKIM,4003.14,PAYMENT OF CLAIMS FOR MAR-26,01-Jul-2026
AMANFROM URBAN CHPS COMPOUND,OKWAWUMAN S,1749.06,PAYMENT OF CLAIMS FOR APR-26,01-Jul-2026
AMANFROM URBAN CHPS COMPOUND,OKWAWUMAN S,1562.45,PAYMENT OF CLAIMS FOR MAR. 2026,01-Jul-2026
AMANKOKWAA CHPS COMPOUND,BEREKUM,8067.25,PAYMENT OF CLAIMS FOR MAR-26,01-Jul-2026
AMANKOKWAA CHPS COMPOUND,BEREKUM,8213.01,PAYMENT OF CLAIMS FOR MAR-26,01-Jul-2026
AMANTENA CHPS COMPOUND,ASANTE AKIM NOR,591.97,PAYMENT OF CLAIMS FOR FEB. 2026,01-Jul-2026
AMANTIN CHPS COMPOUND,WASSA-WEST,1994.42,PAYMENT OF CLAIMS FOR FEB-26,01-Jul-2026
AMANTIN CHPS COMPOUND,WASSA-WEST,1361.52,PAYMENT OF CLAIMS FOR DEC-25,01-Jul-2026
AMENASE CHPS,UPPER DENKYIRA,42.39,PAYMENT OF CLAIMS FOR APR-26,01-Jul-2026
AMENASE CHPS,UPPER DENKYIRA,66.06,PAYMENT OF CLAIMS FOR FEB-26,01-Jul-2026
AMENASE CHPS,UPPER DENKYIRA,65.89,PAYMENT OF CLAIMS FOR MAR-26,01-Jul-2026
AMEVOR ZONE 2,HO,614.36,PAYMENT OF CLAIMS FOR APR. 2026,01-Jul-2026
AMMARKO CHPS COMPOUND,WEST AKIM,1241.76,PAYMENT OF CLAIMS FOR APR. 2026,01-Jul-2026
AMMARKO CHPS COMPOUND,WEST AKIM,1507.05,PAYMENT OF CLAIMS FOR MAR. 2026,01-Jul-2026
AMMARKO CHPS COMPOUND,WEST AKIM,1120.48,PAYMENT OF CLAIMS FOR FEB. 2026,01-Jul-2026
AMOAKOKROM CHPS,AMENFIMAN,1507.29,PAYMENT OF CLAIMS FOR APR. 2026,01-Jul-2026
AMOAMANG CHPS,ATWIMA NWABIAGY,1029.68,PAYMENT OF CLAIMS FOR MAR-26,01-Jul-2026
AMOAMO HEALTH CENTRE,AMANSIE EAST,7127.05,PAYMENT OF CLAIMS FOR APR-26,01-Jul-2026
AMOAYA HEALTH CENTRE,BODI,19722.36,PAYMENT OF CLAIMS FOR APR-26,01-Jul-2026
AMOMASO CHPS COMPOUND,BEREKUM,3735.03,PAYMENT OF CLAIMS FOR FEB-26,01-Jul-2026
AMOMASO CHPS COMPOUND,BEREKUM,4713.60,PAYMENT OF CLAIMS FOR APR-26,01-Jul-2026
AMOTARE CHPS COMPOUND,FANTEAKWA,1001.72,PAYMENT OF CLAIMS FOR FEB-26,01-Jul-2026
AMPABENA CHPS COMPOUND,UPPER DENKYIRA,1154.62,PAYMENT OF CLAIMS FOR APR. 2026,01-Jul-2026
AMPAIN HEALTH CENTRE,ELEMBELLE,17847.25,PAYMENT OF CLAIMS FOR FEB-26,01-Jul-2026
AMPEKROM CHPS,OKWAHUMAN W,4451.34,PAYMENT OF CLAIMS FOR MAY-26,01-Jul-2026
AMPENYIN CHPS COMPOUND,KEEA,7081.92,PAYMENT OF CLAIMS FOR MAR-26,01-Jul-2026
AMPEYO CHPS,KADJEBI,2636.16,PAYMENT OF CLAIMS FOR MAY-25,01-Jul-2026
AMPEYO CHPS,KADJEBI,2678.58,PAYMENT OF CLAIMS FOR JUN-25,01-Jul-2026
AMPEYO CHPS,KADJEBI,2407.29,PAYMENT OF CLAIMS FOR APR-25,01-Jul-2026
AMPEYO CHPS,KADJEBI,2986.52,PAYMENT OF CLAIMS FOR JUL-24,01-Jul-2026
AMPIA AJUMAKO CHPS COMPOUND,AJUMAKO ENYAN,1009.36,PAYMENT OF CLAIMS FOR APR-26,01-Jul-2026
AMPONSASO CHPS,MPOHOR WASS E,971.62,PAYMENT OF CLAIMS FOR AUG-25,01-Jul-2026
AMPONSASO CHPS,MPOHOR WASS E,1869.90,PAYMENT OF CLAIMS FOR FEB-26,01-Jul-2026
AMPONTENKROM CHPS,AMENFIMAN MHIS,764.80,PAYMENT OF CLAIMS FOR FEB-26,01-Jul-2026
AMRAHIA HEALTH CENTRE,ADENTA,3742.32,PAYMENT OF CLAIM FOR APR-26,01-Jul-2026
AMUANA PRASO CHPS COMPOUND,BIRIM NORTH,5959.53,PAYMENT OF CLAIMS FOR APR-26,01-Jul-2026
AMUZUDEVE CHPS COMPOUND,ADAKLU-ANY,1457.73,PAYMENT OF CLAIMS FOR JUN-25,01-Jul-2026
AMUZUDEVE CHPS COMPOUND,ADAKLU-ANY,1232.84,PAYMENT OF CLAIMS FOR AUG-25,01-Jul-2026
AMUZUDEVE CHPS COMPOUND,ADAKLU-ANY,2217.61,PAYMENT OF CLAIMS FOR OCT-25,01-Jul-2026
AMUZUDEVE CHPS COMPOUND,ADAKLU-ANY,1528.95,PAYMENT OF CLAIMS FOR JUL-25,01-Jul-2026
AMUZUDEVE CHPS COMPOUND,ADAKLU-ANY,1320.80,PAYMENT OF CLAIMS FOR SEPT-25,01-Jul-2026
AMUZUDEVE CHPS COMPOUND,ADAKLU-ANY,1261.35,PAYMENT OF CLAIMS FOR MAY-25,01-Jul-2026
AMUZUDEVE CHPS COMPOUND,ADAKLU-ANY,1277.47,PAYMENT OF CLAIMS FOR NOV-25,01-Jul-2026
AMUZUDEVE CHPS COMPOUND,ADAKLU-ANY,731.76,PAYMENT OF CLAIMS FOR DEC-25,01-Jul-2026
AMUZUDEVE CHPS COMPOUND,ADAKLU-ANY,1057.74,PAYMENT OF CLAIMS FOR MAR. 2026,01-Jul-2026
ANAJI CHPS,SEKONDI,18471.93,PAYMENT OF CLAIMS FOR APR-26,01-Jul-2026
ANAMASE CHPS,BIRIM SOUTH,7640.90,PAYMENT OF CLAIMS FOR APR-26,01-Jul-2026
ANANEKROM CHPS,ELEMBELLE,2137.14,PAYMENT OF CLAIMS FOR APR-26,01-Jul-2026
ANANEKROM HEALTH CENTRE,ASANTE AKIM N,48350.55,PAYMENT OF CLAIMS FOR MAR-26,01-Jul-2026
ANFOEGA CATHOLIC HOSPITAL,KPANDO,211457.41,PAYMENT OF CLAIMS FOR JAN-26,01-Jul-2026
ANHWIASO HEALTH CENTRE,BIBIANI-AN BE,20335.98,PAYMENT OF CLAIMS FOR JAN-26,01-Jul-2026
ANHWIAWIA CHPS COMPOUND,UPPER DENKYIRA,459.51,PAYMENT OF CLAIMS FOR FEB-26,01-Jul-2026
ANIDZI CHPS (AFRAM PLAINS),AFRAM PLANS HIS,2256.12,PAYMENT OF CLAIMS FOR APR-26,01-Jul-2026
ANKAAKO CHPS COMPOUND,TWIFU HEMANG LO,2781.30,PAYMENT OF CLAIM FOR APR-26,01-Jul-2026
ANKAASE CHPS COMPOUND,TANO SOUTH,1935.40,PAYMENT OF CLAIMS FOR MAR. 2026,01-Jul-2026
ANKAASE CHPS COMPOUND,TANO SOUTH,3882.66,PAYMENT OF CLAIMS FOR FEB-26,01-Jul-2026
ANKAASE CHPS COMPOUND,TANO SOUTH,5451.52,PAYMENT OF CLAIMS FOR MAR-26,01-Jul-2026
ANKAFUL CHPS COMPOUND,MFANTSIMAN,703.21,PAYMENT OF CLAIMS FOR MAR-26,01-Jul-2026
ANKAFUL LEPROSY/GENERAL HOSPITAL,KOM-ED-EGUA-ABI,73943.28,PAYMENT OF CLAIMS FOR JAN-26,01-Jul-2026
ANKAMATENG CHPS,AMENFIMAN MHIS,372.74,PAYMENT OF CLAIMS FOR FEB-26,01-Jul-2026
ANKWAWSO CHPS COMPOUND,AMENFIMAN,953.54,PAYMENT OF CLAIMS FOR APR-26,01-Jul-2026
ANLO BEACH CHPS,SHAMA MHIS,1904.49,PAYMENT OF CLAIMS FOR FEB-26,01-Jul-2026
ANLOGA HEALTH CENTRE,KETA,52271.07,ACCRUAL OF UNVETTED CLAIMS FOR DEC-25,01-Jul-2026
ANOENU CHPS,KETU,4567.09,PAYMENT OF CLAIMS FOR MAR-26,01-Jul-2026
ANOENU CHPS,KETU,5271.36,PAYMENT OF CLAIMS FOR MAR-26,01-Jul-2026
ANOMABO CHPS COMPOUND,ADANSI NORTH,6606.41,PAYMENT OF CLAIMS FOR FEB.-26,01-Jul-2026
ANOMABO CHPS COMPOUND,ADANSI NORTH,7382.79,PAYMENT OF CLAIMS FOR MAR-26,01-Jul-2026
ANOMABO HEALTH CENTRE,MFANTSIMAN,16586.04,PAYMENT OF CLAIMS FOR MAR-26,01-Jul-2026
ANOMAKOJO CHPS COMPOUND,WEST AKIM,2501.16,PAYMENT OF CLAIM FOR MAR-26,01-Jul-2026
ANOMAKOJO CHPS COMPOUND,WEST AKIM,1402.13,PAYMENT OF CLAIMS FOR APR. 2026,01-Jul-2026
ANTO CHPS (SHAMA),SHAMA,3738.85,PAYMENT OF CLAIM FOR APR-26,01-Jul-2026
ANTO CHPS COMPOUND,MPOHOR WASSA EA,5434.58,PAYMENT OF CLAIMS FOR JUL-25,01-Jul-2026
ANTO CHPS COMPOUND,MPOHOR WASSA EA,1895.30,PAYMENT OF CLAIMS FOR FEB-26,01-Jul-2026
ANTO CHPS COMPOUND,MPOHOR WASSA EA,2684.84,PAYMENT OF CLAIMS FOR DEC-25,01-Jul-2026
ANTOAKROM HEALTH CENTRE,AMANSIE WEST,16333.75,PAYMENT OF CLAIMS FOR FEB-26,01-Jul-2026
ANTOBAM CHPS,AMENFIMAN,320.38,PAYMENT OF CLAIMS FOR OCT-25,01-Jul-2026
ANTOBAM CHPS,AMENFIMAN,157.52,PAYMENT OF CLAIMS FOR AUG-25,01-Jul-2026
ANTOBAM CHPS,AMENFIMAN,445.83,PAYMENT OF CLAIMS FOR NOV-25,01-Jul-2026
ANTOBAM CHPS,AMENFIMAN,367.87,PAYMENT OF CLAIMS FOR DEC-25,01-Jul-2026
ANTOBAM CHPS,AMENFIMAN,388.75,PAYMENT OF CLAIMS FOR JAN-26,01-Jul-2026
ANTOBAM CHPS,AMENFIMAN,765.98,PAYMENT OF CLAIMS FOR MAR-26,01-Jul-2026
ANTOBAM CHPS,AMENFIMAN,362.56,PAYMENT OF CLAIMS FOR SEP-25,01-Jul-2026
ANUM APAPAM HEALTH CENTRE/CHPS,SUHUM KRA C,17982.99,PAYMENT OF CLAIMS FOR APR-26,01-Jul-2026
ANUM HEALTH CENTRE,WEST AKIM,28868.55,PAYMENT OF CLAIMS FOR FEB-26,01-Jul-2026
ANWIAFUTU CHPS COMPOUND,AOWIN-SUAMAN,1097.24,PAYMENT OF CLAIMS FOR APR-26,01-Jul-2026
ANWIAFUTU CHPS COMPOUND,AOWIN-SUAMAN,1486.28,PAYMENT OF CLAIMS FOR FEB-26,01-Jul-2026
ANWONA CHPS COMPOUN,ADANSI NORTH,1719.67,PAYMENT OF CLAIMS FOR FEB. 2026,01-Jul-2026
ANYAANO CHPS COMPOUND,AHANTAMAN,503.51,PAYMENT OF CLAIMS FOR APR-26,01-Jul-2026
ANYABONI HEALTH CENTRE,MANYA KROBO DMH,7489.89,PAYMENT OF CLAIMS FOR MAR-26,01-Jul-2026
ANYABONI HEALTH CENTRE,MANYA KROBO DMH,6619.67,PAYMENT OF CLAIMS FOR FEB-26,01-Jul-2026
ANYAMAM HEALTH CENTRE,DANGME E,17839.98,PAYMENT OF CLAIMS FOR JAN-26,01-Jul-2026
ANYAMAM HEALTH CENTRE,DANGME E,19686.70,PAYMENT OF CLAIMS FOR MAR-26,01-Jul-2026
ANYAMAM HEALTH CENTRE,DANGME E,19812.88,PAYMENT OF CLAIMS FOR FEB-26,01-Jul-2026
ANYANSO CHPS,AMANSIE EAST,998.75,PAYMENT OF CLAIMS FOR FEB-26,01-Jul-2026
ANYANSO CHPS,AMANSIE EAST,3127.26,PAYMENT OF CLAIMS FOR APR-26,01-Jul-2026
ANYANUI HEALTH CENTRE,KETA,11495.24,PAYMENT OF CLAIMS FOR FEB-26,01-Jul-2026
ANYANUI HEALTH CENTRE,KETA,14203.64,PAYMENT OF CLAIMS FOR MAR-26,01-Jul-2026
ANYINABRIM HEALTH CENTRE,SEFWI WIAWSO,2630.34,PAYEMNT OF CLAIMS FOR DEC-25,01-Jul-2026
ANYINABRIM HEALTH CENTRE,SEFWI WIAWSO,2068.39,PAYEMNT OF CLAIMS FOR JAN-26,01-Jul-2026
ANYINABRIM HEALTH CENTRE,SEFWI WIAWSO,2509.73,PAYMENT OF CLAIMS FOR MAY-25,01-Jul-2026
ANYINABRIM HEALTH CENTRE,SEFWI WIAWSO,2008.52,PAYEMNT OF CLAIMS FOR OCT-25,01-Jul-2026
ANYINABRIM HEALTH CENTRE,SEFWI WIAWSO,2136.18,PAYMENT OF CLAIMS FOR FEB-26,01-Jul-2026
ANYINABRIM HEALTH CENTRE,SEFWI WIAWSO,2634.73,PAYMENT OF CLAIMS FOR MAR-25,01-Jul-2026
ANYINABRIM HEALTH CENTRE,SEFWI WIAWSO,1995.98,PAYEMNT OF CLAIMS FOR NOV-25,01-Jul-2026
ANYINABRIM HEALTH CENTRE,SEFWI WIAWSO,5087.60,PAYEMNT OF CLAIMS FOR SEP-25,01-Jul-2026
ANYINAM CHPS(BIRIM SOUTH),BIRIM SOUTH,1696.06,PAYMENT OF CLAIMS FOR MAR-26,01-Jul-2026
ANYINAM CHPS(BIRIM SOUTH),BIRIM SOUTH,2134.35,PAYMENT OF CLAIMS FOR FEB-26,01-Jul-2026
ANYINAM HEALTH CENTRE,ATIWA,30279.39,PAYMENT OF CLAIMS FOR APR-26,01-Jul-2026
ANYINASE HEALTH CENTRE (EASTERN),BIRIM NORTH,7295.58,PAYMENT OF CLAIMS FOR MAR-26,01-Jul-2026
ANYINASU CHPS (BA),BEREKUM,1824.27,ACCRUAL OF UNVETTED CLAIMS FOR DEC-25,01-Jul-2026
ANYIRAWASE,HO,3843.25,PAYMENT OF CLAIM FOR MAR-26,01-Jul-2026
APAATANGA CHPS COMPOUND,BONGO,7017.93,PAYMENT OF CLAIMS FOR APR-26,01-Jul-2026
APAPAM CHPS COMPOUND,EAST AKIM,2974.46,PAYMENT OF CLAIM FOR APR-26,01-Jul-2026
APATRAPA HEALTH CENTRE,BANTAMA,29840.06,PAYMENT OF CLAIMS FOR APR-26,01-Jul-2026
APAU WAWASE CHPS,SUHUM KRA C,1123.22,PAYMENT OF CLAIMS FOR MAR-26,01-Jul-2026
APAU WAWASE CHPS,SUHUM KRA C,1324.19,PAYMENT OF CLAIMS FOR FEB. 2026,01-Jul-2026
APEGUSO HEALTH CENTRE,ASUOGYAMAN,12633.22,PAYMENT OF CLAIMS FOR JAN-26,01-Jul-2026
APEGUSO HEALTH CENTRE,ASUOGYAMAN,17273.18,PAYMENT OF CLAIMS FOR MAR-26,01-Jul-2026
APEGUSO HEALTH CENTRE,ASUOGYAMAN,12691.28,PAYMENT OF CLAIMS FOR FEB-26,01-Jul-2026
APERADE HEALTH CENTRE,BIRIM SOUTH,26150.68,PAYMENT OF CLAIMS FOR MAR-26,01-Jul-2026
APESIKA RURAL CLINIC,KINTAMPO S,26764.94,PAYMENT OF CLAIMS FOR MAR-26,01-Jul-2026
APIMENYIM-BANSO CHPS COMPOUND,AHANTAMAN,1030.66,PAYMENT OF CLAIMS FOR APR-26,01-Jul-2026
APIMENYIM-BANSO CHPS COMPOUND,AHANTAMAN,485.78,PAYMENT OF CLAIMS FOR MAR-26,01-Jul-2026
APINAMANG CHPS,KWAEBIBIREM,6294.53,PAYMENT OF CLAIMS FOR APR-26,01-Jul-2026
APIREDE CHPS COMPOUND,AKUAPEM N,4989.59,PAYMENT OF CLAIMS FOR MAR-26,01-Jul-2026
APLAKU HEALTH CENTRE,WEIJA,6060.55,PAYMENT OF CLAIMS FOR APR-26,01-Jul-2026
APLAKU HEALTH CENTRE,WEIJA,8258.28,PAYMENT OF CLAIMS FOR OCT-25,01-Jul-2026
APOLI HEALTH CENTRE,BIRIM SOUTH,9489.66,PAYMENT OF CLAIMS FOR MAR-26,01-Jul-2026
APONAPONOSO CHPS COMPOUND,AHAFO ANO SOUTH,1090.76,PAYMENT OF CLAIMS FOR MAR-26,01-Jul-2026
APONOAPONO CHPS,SUHUM KRA C,2443.93,PAYMENT OF CLAIMS FOR MAR-26,01-Jul-2026
APOTOYOWA CHPS COMPOUND,ASUTIFI,4772.94,PAYMENT OF CLAIMS FOR JAN-26,01-Jul-2026
APOWA HEALTH CENTRE,AHANTAMAN,19169.63,PAYMENT OF CLAIMS FOR APR-26,01-Jul-2026
APPEADEM CHPS COMPOUND,BIRIM SOUTH,461.36,PAYMENT OF CLAIMS FOR APR-26,01-Jul-2026
APPEADEM CHPS COMPOUND,BIRIM SOUTH,532.55,PAYMENT OF CLAIMS FOR MAR. 2026,01-Jul-2026
APPIAH NKWANTA CHPS ZONE,WASSA AMENFI E,829.23,PAYMENT OF CLAIMS FOR APR-26,01-Jul-2026
APPIAHKROM CHPS COMPOUND (AOWIN),AOWIN-SUAMAN,1368.46,PAYMENT OF CLAIMS FOR MAR. 2026,01-Jul-2026
APPIAHKROM CHPS COMPOUND (AOWIN),AOWIN-SUAMAN,1142.51,PAYMENT OF CLAIMS FOR APR-26,01-Jul-2026
APPOLONIA HEALTH CENTRE,TEMA,4748.48,PAYMENT OF CLAIMS FOR MAR-26,01-Jul-2026
APREKU CHPS,DENKYEMBOUR,2281.70,PAYMENT OF CLAIMS FOR APR-26,01-Jul-2026
APUTUOGYA CHPS COMPOUND,BOSOMTWE-ATWIMA,821.43,PAYMENT OF CLAIMS FOR FEB. 2026,01-Jul-2026
APUTUOGYA CHPS COMPOUND,BOSOMTWE-ATWIMA,1037.92,PAYMENT OF CLAIMS FOR MAR-26,01-Jul-2026
APUWONGO CHPS,BONGO,1901.74,PAYMENT OF CLAIMS FOR APR. 2026,01-Jul-2026
APUWONGO CHPS,BONGO,2100.87,PAYMENT OF CLAIM FOR MAR-26,01-Jul-2026
ARIGU CHPS COMPOUND,WEST MAMPRUSI,3203.46,PAYMENT OF CLAIM FOR APR-26,01-Jul-2026
ARMY RECRUITS TRAINING SCHOOL MEDICAL CENTRE,DANGME WEST,2450.10,PAYMENT OF CLAIMS FOR FEB-26,01-Jul-2026
ARMY RECRUITS TRAINING SCHOOL MEDICAL CENTRE,DANGME WEST,3039.90,ACCRUAL OF UNVETTED CLAIMS FOR SEPT-25,01-Jul-2026
ASAAM HEALTH CENTRE,SEKYERE WEST,5867.85,PAYMENT OF CLAIMS FOR JAN-26,01-Jul-2026
ASABIDIE CHPS ZONE,BIRIM NORTH,1199.97,PAYMENT OF CLAIMS FOR APR. 2026,01-Jul-2026
ASADAME HEALTH CENTRE,KETA,4146.77,PAYMENT OF CLAIMS FOR MAR-26,01-Jul-2026
ASAFO HEALTH CENTER,EAST AKIM,31133.49,PAYMENT OF CLAIMS FOR MAR-26,01-Jul-2026
ASAFORA CHPS,MFANTSIMAN,4169.43,PAYMENT OF CLAIMS FOR FEB.-26,01-Jul-2026
ASAMAMA CHPS COMPOUND,ATIWA,4596.62,PAYMENT OF CLAIMS FOR MAR-26,01-Jul-2026
ASAMANG TAMFOE CHPS,AMANSIE WEST,8400.45,PAYMENT OF CLAIMS FOR MAY-26,01-Jul-2026
ASAMANG TAMFOE CHPS,AMANSIE WEST,7005.77,PAYMENT OF CLAIMS FOR APRIL-26,01-Jul-2026
ASAMANKESE HEALTH CENTRE,WEST AKIM,88461.73,PAYMENT OF CLAIMS FOR MARCH-26,01-Jul-2026
ASANKRAN BREMAN CHPS,AMENFIMAN,6659.99,PAYMENT OF CLAIMS FOR APR-26,01-Jul-2026
ASANKRANGWA CHPS,AMENFIMAN,4164.28,PAYMENT OF CLAIMS FOR MAR-26,01-Jul-2026
ASANTEKROM CHPS,JAMAN N,13427.82,PAYMENT OF CLAIMS FOR APR-26,01-Jul-2026
ASANTEKROM CHPSCOMPOUND (AOWIN),AOWIN-SUAMAN,702.76,PAYMENT OF CLAIMS FOR FEB-26,01-Jul-2026
ASANTEKROM CHPSCOMPOUND (AOWIN),AOWIN-SUAMAN,1303.73,PAYMENT OF CLAIMS FOR MAR-26,01-Jul-2026
ASANTEKWA CHPS,KINTAMPO N,8765.31,PAYMENT OF CLAIMS FOR APR-26,01-Jul-2026
ASANTEMANG CHPS,BIRIM SOUTH,2514.59,PAYMENT OF CLAIM FOR APR-26,01-Jul-2026
ASANYASU CHPS,AFRAM PLANS HIS,8552.03,PAYMENT OF CLAIMS FOR FEB.-26,01-Jul-2026
ASANYASU CHPS,AFRAM PLANS HIS,9189.78,PAYMENT OF CLAIMS FOR MAR-26,01-Jul-2026
ASARE HEALTH CENTRE,JAMAN SOUTH HIS,12140.83,PAYMENT OF CLAIMS FOR APR-26,01-Jul-2026
ASAREKROM CHPS,SUHUM,1231.82,PAYMENT OF CLAIMS FOR APR. 2026,01-Jul-2026
ASAREKWA CHPS COMPOUND,ASIKUMA ODOBEN,410.35,PAYMENT OF CLAIMS FOR APR-26,01-Jul-2026
ASAREKWA CHPS COMPOUND,ASIKUMA ODOBEN,580.72,PAYMENT OF CLAIMS FOR MAR. 2026,01-Jul-2026
KPANASHEI CHPS ZONE,GUSHEGU,1433.64,PAYMENT OF CLAIMS FOR APR-26,01-Jul-2026
KPANDO HEALTH CENTRE,KPANDO,39685.22,PAYMENT OF CLAIMS FOR MAR-26,01-Jul-2026
KPANDO HEALTH CENTRE,KPANDO,42442.42,PAYMENT OF CLAIMS FOR APR-26,01-Jul-2026
KPAREKPARE CHPS ZONE,KRACHI EAST,6861.84,PAYMENT OF CLAIMS FOR MAR-26,01-Jul-2026
KPASENKPE HEALTH CENTRE,WEST MAMPRUSI,23148.80,PAYMENT OF CLAIMS FOR MAR-26,01-Jul-2026
KPATCHU CHPS,KRACHI WEST,2662.67,PAYMENT OF CLAIMS FOR JAN-26,01-Jul-2026
KPATCHU CHPS,KRACHI WEST,1898.46,PAYMENT OF CLAIMS FOR FEB-26,01-Jul-2026
KPATIA CHPS COMPOUND,TALENSI NAB,1717.14,PAYMENT OF CLAIMS FOR APR-26,01-Jul-2026
KPATIA CHPS COMPOUND,TALENSI NAB,1753.62,PAYMENT OF CLAIMS FOR MAR-26,01-Jul-2026
KPATINGA HEALTH CENTRE,GUSHEGU,15703.37,PAYMENT OF CLAIMS FOR APR-26,01-Jul-2026
KPEBE CHPS ZONE,KPANDO,1761.57,PAYMENT OF CLAIMS FOR APR. 2026,01-Jul-2026
KPEDZE HEALTH CENTRE,HO,21454.11,PAYMENT OF CLAIMS FOR FEB-26,01-Jul-2026
KPEGU CHPS,SABOBA DISTRICT,3518.53,PAYMENT OF CLAIM FOR MAR-26,01-Jul-2026
KPENDUA CHPS,TOLON/KUMBUNGU,3522.05,PAYMENT OF CLAIMS FOR FEB-26,01-Jul-2026
KPERISI CHPS COMPOUND,WA MUNICIPAL,17340.41,PAYMENT OF CLAIMS FOR APR-26,01-Jul-2026
KPESHIE MATERNITY HOME,KPESHIE SUB-MET,986.47,PAYMENT OF CLAIMS FOR FEB-26,01-Jul-2026
KPETOE HEALTH CENTRE,ADAKLU-ANY,19861.85,PAYMENT OF CLAIMS FOR FEB-26,01-Jul-2026
KPETOE HEALTH CENTRE,ADAKLU-ANY,31815.18,PAYMENT OF CLAIMS FOR MAR-26,01-Jul-2026
KPEVE HEALTH CENTRE.,HOHOE,12804.91,PAYMENT OF CLAIMS FOR FEB-26,01-Jul-2026
KPIKPIRA HEALTH CENTRE,GARU,13326.46,PAYMENT OF CLAIMS FOR APR-26,01-Jul-2026
KPINJING CHPS,SAGNARIGU,2170.66,PAYMENT OF CLAIMS FOR APR-26,01-Jul-2026
KPINKPANYOUNG CHPS COMPOUND,GARU,315.69,PAYMENT OF CLAIMS FOR MAR-26,01-Jul-2026
KPIRI CHPS COMPOUND,WEST GONJA,301.43,PAYMENT OF CLAIMS FOR APR-26,01-Jul-2026
KPODZIVI CHPS,AKATSI,1424.70,PAYMENT OF CLAIMS FOR APR. 2026,01-Jul-2026
KPODZIVI CHPS,AKATSI,562.18,PAYMENT OF CLAIMS FOR MAR. 2026,01-Jul-2026
KPOETA CHPS COMPOUND,HO,4389.77,PAYMENT OF CLAIMS FOR MAR-26,01-Jul-2026
KPOGADZI CHPS ZONE,NORTH TONGU,406.25,PAYMENT OF CLAIMS FOR MAR-26,01-Jul-2026
KPOGADZI CHPS ZONE,NORTH TONGU,308.38,PAYMENT OF CLAIMS FOR JAN-26,01-Jul-2026
KPOGLU CHPS ZONE,KETU,13094.99,PAYMENT OF CLAIMS FOR APR-26,01-Jul-2026
KPOGLU CHPS ZONE,KETU,12819.23,PAYMENT OF CLAIMS FOR MAR-26,01-Jul-2026
KPOMKPO CHPS COMPOUND,NORTH TONGU,968.35,PAYMENT OF CLAIMS FOR APR. 2026,01-Jul-2026
KPOMKPO CHPS COMPOUND,NORTH TONGU,937.89,PAYMENT OF CLAIMS FOR MAR-26,01-Jul-2026
KPONE BAWALESHIE HEALTH CENTRE,TEMA,5329.33,PAYMENT OF CLAIMS FOR APR-26,01-Jul-2026
KPONE HEALTH CENTRE,TEMA,61674.74,PAYMENT OF CLAIMS FOR JAN-26,01-Jul-2026
KPONG HEALTH CENTRE,MANYA KROBO,15863.94,PAYMENT OF CLAIMS FOR MAR-26,01-Jul-2026
KPONG HEALTH CENTRE,MANYA KROBO,19382.67,PAYMENT OF CLAIMS FOR APR-26,01-Jul-2026
KPONG HEALTH CENTRE,MANYA KROBO,17002.60,PAYMENT OF CLAIMS FOR FEB-26,01-Jul-2026
KPONG WEST CHPS COMPOUND,MANYA KROBO,1761.36,PAYMENT OF CLAIMS FOR APR-26,01-Jul-2026
KPONGU CHPS,WA MUN,8585.98,PAYMENT OF CLAIMS FOR MAR-26,01-Jul-2026
KPONKPA CHPS COMPOUND,KADJEBI,505.65,PAYMENT OF CLAIMS FOR JAN. 2026,01-Jul-2026
KPONKPA CHPS COMPOUND,KADJEBI,826.15,PAYMENT OF CLAIMS FOR FEB. 2026,01-Jul-2026
KPOVIADZI HEALTH CENTRE,NORTH TONGU,2787.48,PAYMENT OF CLAIMS FOR MAR-26,01-Jul-2026
KPUNKPANO CHPS,YENDI,827.34,PAYMENT OF CLAIMS FOR APR. 2026,01-Jul-2026
KRABOKESE CHPS,SUHUM KRABOA CO,9466.12,PAYMENT OF CLAIMS FOR MAY-26,01-Jul-2026
KRABOKESE CHPS,SUHUM KRABOA CO,8285.50,PAYMENT OF CLAIMS FOR APRIL-26,01-Jul-2026
KRAKROM HEALTH CENTRE,DORMAA W,11354.11,PAYMENT OF CLAIMS FOR MAR-26,01-Jul-2026
KRAMOKROM CHPS (Ashanti),ASANTE AKIM NOR,8004.59,PAYMENT OF CLAIMS FOR APR-26,01-Jul-2026
KRISPOL CHPS COMPOUND,AWUTU-EFFUTU-SE,896.84,PAYMENT OF CLAIMS FOR APR. 2026,01-Jul-2026
KROBO CHPS COMPOUND,PRU,1268.96,PAYMENT OF CLAIMS FOR JAN. 2026,01-Jul-2026
KRODUA CHPS,WEST AKIM,2198.36,PAYMENT OF CLAIMS FOR OCT-25,01-Jul-2026
KRODUA CHPS,WEST AKIM,2381.84,ACCRUAL OF UNVETTED CLAIMS FOR NOV-25,01-Jul-2026
KROFOFORDO CHPS COMPOUND,OGUAMAN,1011.91,PAYMENT OF CLAIMS FOR APR-26,01-Jul-2026
KROFROM HEALTH CENTRE,BOSOMTWE-ATWIMA,17056.42,PAYMENT OF CLAIMS FOR MAR-26,01-Jul-2026
KUANO CHPS,SUHUM KRA C,5229.82,PAYMENT OF CLAIMS FOR MAR-26,01-Jul-2026
KUANO CHPS,SUHUM KRA C,6494.44,PAYMENT OF CLAIMS FOR MAR-26,01-Jul-2026
KUBORE HEALTH CENTRE,BAWKU WEST,7258.07,PAYMENT OF CLAIMS FOR APRIL-26,01-Jul-2026
KUBOUGO CHPS,BAWKU WEST,7191.41,ACCRUAL OF UNVETTED CLAIMS FOR OCT-25,01-Jul-2026
KUDANI CHPS,CHEREPONI,5092.86,PAYMENT OF CLAIMS FOR MAR-26,01-Jul-2026
KUGASHIEGU CHPS CENTRE,GARU,590.40,PAYMENT OF CLAIMS FOR APR-26,01-Jul-2026
KUKA CHPS,BAWKU MUN,7811.74,CLAIMS PAYMENT FOR AUG-25,01-Jul-2026
KUKPALIGU HEALTH CENTRE,ZABZUGU/TATALE,31026.44,PAYMENT OF CLAIMS FOR APR-26,01-Jul-2026
KUKUA CHPS COMPOUND,SUHUM KRA C,3464.06,PAYMENT OF CLAIMS FOR MAR-26,01-Jul-2026
KUKUA CHPS COMPOUND,SUHUM KRA C,3334.95,PAYMENT OF CLAIMS FOR APR-26,01-Jul-2026
KUKUO CHPS COMPOUND,NANUMBA S,7472.16,PAYMENT OF CLAIMS FOR MAR-26,01-Jul-2026
KUKURANTUMI CHPS,EAST AKIM,8411.19,PAYMENT OF CLAIMS FOR APR-26,01-Jul-2026
KULAA CHPS,SAGNARIGU,1203.82,PAYMENT OF CLAIMS FOR MAR. 2026,01-Jul-2026
KULAA CHPS,SAGNARIGU,1751.89,PAYMENT OF CLAIMS FOR APR. 2026,01-Jul-2026
KULBIA CHPS COMPOUND,BOLGA MHIS,1707.47,PAYMENT OF CLAIMS FOR MAR. 2026,01-Jul-2026
KULI CHPS COMPOUND,TOLON KUMBUNGU,1304.46,PAYMENT OF CLAIMS FOR APR. 2026,01-Jul-2026
KULIYA CHPS,KASENA-NAN,1396.82,PAYMENT OF CLAIMS FOR APR. 2026,01-Jul-2026
KULKPALI HEALTH CENTER,WA WEST,2448.14,PAYMENT OF CLAIMS FOR FEB-26,01-Jul-2026
KULKPALI HEALTH CENTER,WA WEST,3691.80,PAYMENT OF CLAIMS FOR APR-26,01-Jul-2026
KULPELIGA CHPS COMPOUND,TALENSI NABDOM,2108.59,PAYMENT OF CLAIMS FOR FEB-26,01-Jul-2026
KULPI CHPS ZONE,EAST GONJA,5578.06,PAYMENT OF CLAIMS FOR MAR-26,01-Jul-2026
KULUN CHPS,WA EAST,669.91,PAYMENT OF CLAIMS FOR APR. 2026,01-Jul-2026
KULUNGUGU HEALTH CENTRE,PUSIGA,48645.15,PAYMENT OF CLAIMS FOR APR-26,01-Jul-2026
KULUNGUNGU HEALTH CENTRE,PUSIGA,30264.45,ACCRUAL OF UNVETTED CLAIMS FOR OCT-25,01-Jul-2026
KULUNGUNGU HEALTH CENTRE,PUSIGA,22330.58,ACCRUAL OF UNVETTED CLAIMS FOR DEC-25,01-Jul-2026
KULUNGUNGU HEALTH CENTRE,PUSIGA,24160.67,ACCRUAL OF UNVETTED CLAIMS FOR NOV-25,01-Jul-2026
KUMAWU GOVERNMENT POLYCLINIC,SEKYERE EAST-EF,217444.94,PAYMENT OF CLAIMS FOR JAN-26,01-Jul-2026
KUMAWU GOVERNMENT POLYCLINIC,SEKYERE EAST-EF,212407.16,PAYMENT OF CLAIMS FOR MAR- 26,01-Jul-2026
KUMBIEHI CHPS,WA MUNICIPAL,8304.36,PAYMENT OF CLAIMS FOR MAR-26,01-Jul-2026
KUMBUNGU HEALTH CENTRE,TOLON/KUMBUNGU,18249.17,PAYMENT OF CLAIMS FOR APR-26,01-Jul-2026
KUNCHOGU HEALTH CENTRE,SISSALA EAST,6966.74,PAYMENT OF CLAIMS FOR APR-26,01-Jul-2026
KUNDANALI CHPS ZONE,SAVELUGU / NANT,4557.68,PAYMENT OF CLAIMS FOR APR-26,01-Jul-2026
KUNDUGU HEALTH CENTRE,WA EAST,8687.82,PAYMENT OF CLAIMS FOR APR-26,01-Jul-2026
KUNDUGU HEALTH CENTRE,WA EAST,7686.13,ACCRUAL OF UNVETTED CLAIMS FOR DEC-25,01-Jul-2026
KUNKUA CHPS COMPOUND,BOLGA,584.51,PAYMENT OF CLAIMS FOR FEB-26,01-Jul-2026
KUNKUA CHPS COMPOUND,BOLGA,1759.79,PAYMENT OF CLAIMS FOR APR-26,01-Jul-2026
KUNKWA CHPS COMPOUND,W MAMPRUSI,14156.44,PAYMENT OF CLAIMS FOR APR-26,01-Jul-2026
KUNKWAK CHPS COMPOUND,BUILSA,4657.51,PAYMENT OF CLAIMS FOR FEB-26,01-Jul-2026
KUNSU HEALTH CENTRE,AHAFO ANO SOUTH,18933.86,PAYMENT OF CLAIMS FOR FEB-26,01-Jul-2026
KUNTENASE CHPS,BIRIM NORTH DMH,4774.03,PAYMENT OF CLAIMS FOR MAY-26,01-Jul-2026
KUNTENASE CHPS,BIRIM NORTH DMH,2946.59,PAYMENT OF CLAIM FOR APR-26,01-Jul-2026
KUNTU CHPS,MFANTSIMAN,1560.31,PAYMENT OF CLAIMS FOR FEB. 2026,01-Jul-2026
KUNTULO CHPS,SISSALA WEST,2428.88,PAYMENT OF CLAIMS FOR APR-26,01-Jul-2026
KURAWURA CHPS,KINTAMPO N,9336.78,PAYMENT OF CLAIMS FOR MAR-26,01-Jul-2026
KUROBOI CHPS COMPOUND,SISSALA EAST,1650.15,PAYMENT OF CLAIMS FOR APR-26,01-Jul-2026
KURUGU CHPS COMPOUND,KASENA-NAN,454.45,PAYMENT OF CLAIMS FOR APR-26,01-Jul-2026
KUSAWGU HEALTH CENTRE,CENTRAL GONJA,8907.80,PAYMENT OF CLAIMS FOR JAN-26,01-Jul-2026
KUSHEA HEALTH CENTRE,ASSIN NORTH,8592.91,PAYMENT OF CLAIMS FOR MAR-26,01-Jul-2026
KUSI CHPS,KWAEBIBIREM,7202.60,PAYMENT OF CLAIMS FOR APR-26,01-Jul-2026
KUSINJAN CHPS COMPOUND,SISSALA EAST,369.06,PAYMENT OF CLAIMS FOR DEC-25,01-Jul-2026
KUSINJAN CHPS COMPOUND,SISSALA EAST,539.78,ACCRUAL OF UNVETTED CLAIMS FOR NOV-25,01-Jul-2026
KUTE HEALTH CENTRE,JASIKAN,3639.36,PAYMENT OF CLAIM FOR MAR-26,01-Jul-2026
KUUKYELEYIRI CHPS COMPOUND,WA WEST,1768.42,PAYMENT OF CLAIMS FOR MAR. 2026,01-Jul-2026
KUZIE CHPS COMPOUND,WA WEST,1334.76,PAYMENT OF CLAIMS FOR APR-26,01-Jul-2026
KWABENA DWOMOKROM HEALTH CENTRE,DORMAA,34452.36,PAYMENT OF CLAIMS FOR MAR-26,01-Jul-2026
KWABENA NARTEY CHPS,AOWIN-SU,2348.70,PAYMENT OF CLAIM FOR APR-26,01-Jul-2026
KWABENG HEALTH CENTRE,ATIWA,25429.65,PAYMENT OF CLAIMS FOR JAN-26,01-Jul-2026
KWABENG HEALTH CENTRE,ATIWA,27005.41,PAYMENT OF CLAIMS FOR APR-26,01-Jul-2026
KWABINA KUMA CHPS COMPOUND,SUNYANI W,10908.30,PAYMENT OF CLAIMS FOR MAR-26,01-Jul-2026
KWABOANTA CHPS,SUHUM KRA C,8353.05,PAYMENT OF CLAIMS FOR MAR-26,01-Jul-2026
KWADOEGYA CHPS COMPOUND,ABURA-ASEBU-K,17291.16,PAYMENT OF CLAIMS FOR FEB-26,01-Jul-2026
KWADWOHUM/ABREHO CHPS,SUHUM KRA C,2094.83,PAYMENT OF CLAIMS FOR APR-26,01-Jul-2026
KWADWOHUM/ABREHO CHPS,SUHUM KRA C,1323.13,PAYMENT OF CLAIMS FOR MAR-26,01-Jul-2026
KWAE CHPS,KWAEBIBIREM,8057.59,PAYMENT OF CLAIMS FOR MAR-26,01-Jul-2026
KWAGYEKROM CHPS COMPOUND,OFFINSOMAN,632.76,PAYMENT OF CLAIMS FOR MAR-26,01-Jul-2026
KWAHU PRASO PRESBY HEALTH CENTER,OKWAWUMAN HIS S,35543.58,ACCRUAL OF UNVETTED CLAIMS FOR NOV-25,01-Jul-2026
KWAKU BOAH CHPS,AMENFIMAN,2888.63,PAYMENT OF CLAIMS FOR APR-26,01-Jul-2026
KWAKU BOAH CHPS,AMENFIMAN,3246.00,PAYMENT OF CLAIMS FOR JAN-26,01-Jul-2026
KWAKU BOAH CHPS,AMENFIMAN,1801.74,PAYMENT OF CLAIMS FOR DEC-23,01-Jul-2026
KWAKU BOAH CHPS,AMENFIMAN,3834.54,PAYMENT OF CLAIM FOR MAR-26,01-Jul-2026
KWAKU BOAH CHPS,AMENFIMAN,2795.71,PAYMENT OF CLAIMS FOR oct-25,01-Jul-2026
KWAKU BOAH CHPS,AMENFIMAN,3527.47,PAYMENT OF CLAIMS FOR FEB-26,01-Jul-2026
KWAKU-DUAH CHPS COMPOUND,ASUNAFO NORTH,3661.65,PAYMENT OF CLAIMS FOR MAR-26,01-Jul-2026
KWAKU-DUAH CHPS COMPOUND,ASUNAFO NORTH,3477.34,PAYMENT OF CLAIMS FOR APR-26,01-Jul-2026
KWAKU-DUAH CHPS COMPOUND,ASUNAFO NORTH,2284.18,PAYMENT OF CLAIMS FOR FEB-26,01-Jul-2026
KWAKYEKROM CHPS COMPOUND,AKUAPEM S,12871.02,PAYMENT OF CLAIMS FOR APR-26,01-Jul-2026
KWAMAN CHPS ZONE,AMENFIMAN,2026.95,PAYMENT OF CLAIM FOR APR-26,01-Jul-2026
KWAME DWAMENA CHPS,AFRAM PLAINS,1187.71,PAYMENT OF CLAIMS FOR MAR. 2026,01-Jul-2026
KWAME DWAMENA CHPS,AFRAM PLAINS,1644.87,PAYMENT OF CLAIMS FOR APR. 2026,01-Jul-2026
KWAME KWESI CHPS COMPOUND,BOLE,4510.12,PAYMENT OF CLAIMS FOR MAR-26,01-Jul-2026
KWAMEKROM NEWTOWN CHPS COMPOUND,JASIKAN,201.59,PAYMENT OF CLAIMS FOR JAN-26,01-Jul-2026
KWAMI ANUM HEALTH CENTER,GA,32297.11,PAYMENT OF CLAIMS FOR APR-26,01-Jul-2026
KWAMI ANUM HEALTH CENTER,GA,32430.41,PAYMENT OF CLAIMS FOR FEB-26,01-Jul-2026
KWAMI ANUM HEALTH CENTER,GA,34382.69,PAYMENT OF CLAIMS FOR MAR-26,01-Jul-2026
KWAMOANO CHPS COMPOUND,TLD,1017.38,PAYMENT OF CLAIMS FOR APR. 2026,01-Jul-2026
KWAMOSO CHPS,AKUAPEM N,5648.14,PAYMENT OF CLAIMS FOR MAR-26,01-Jul-2026
KWANSAKROM CHPS,AGONA,259.01,PAYMENT OF CLAIMS FOR FEB-26,01-Jul-2026
KWANSAKROM CHPS,AGONA,267.82,PAYMENT OF CLAIMS FOR APR-26,01-Jul-2026
KWANSAKROM CHPS,AGONA,195.30,PAYMENT OF CLAIMS FOR MAR-26,01-Jul-2026
KWANYARKO HEALTH CENTRE,AGONA,11401.02,PAYMENT OF CLAIMS FOR JAN-26,01-Jul-2026
KWANYARKO HEALTH CENTRE,AGONA,12252.67,PAYMENT OF CLAIMS FOR FEB-26,01-Jul-2026
KWAPONG RURAL CLINIC,ASUNAFO S,25015.96,PAYMENT OF CLAIMS FOR MAR-26,01-Jul-2026
KWAPROW CHPS COMPOUND,Oguaman,12529.96,PAYMENT OF CLAIMS FOR APR-26,01-Jul-2026
KWASI ADDAE CHPS CENTRE,AFRAM PLANS HIS,2404.91,PAYMENT OF CLAIMS FOR APR-26,01-Jul-2026
KWASI KOMFO CHPS,EAST AKIM,3248.50,PAYMENT OF CLAIM FOR APR-26,01-Jul-2026
KWASI KOMFO CHPS,EAST AKIM,2678.06,PAYMENT OF CLAIM FOR MAR-26,01-Jul-2026
KWASI KUMAH CHPS,AFRAM PLAINS HI,595.78,PAYMENT OF CLAIMS FOR APR-26,01-Jul-2026
KWASI NYARKO CHPS COMPOUND,WEST AKIM,4474.12,PAYMENT OF CLAIMS FOR MAR-26,01-Jul-2026
KWASI NYARKO CHPS COMPOUND,WEST AKIM,7742.67,PAYMENT OF CLAIMS FOR MAY-26,01-Jul-2026
KWASO HEALTH CENTRE,EJISU-JUABEN,20805.76,PAYMENT OF CLAIMS FOR JAN-26,01-Jul-2026
KWASU CHPS COMPOUND,TANO SOUTH,3933.93,PAYMENT OF CLAIMS FOR MAR-26,01-Jul-2026
KWASUO CHPS COMPOUND,AOWIN-SUAMAN,3383.57,ACCRUAL OF UNVETTED CLAIMS FOR NOV-25,01-Jul-2026
KWASUO CHPS COMPOUND,AOWIN-SUAMAN,1804.57,PAYMENT OF CLAIMS FOR FEB. 2026,01-Jul-2026
KWASUO CHPS COMPOUND,AOWIN-SUAMAN,4001.68,PAYMENT OF CLAIMS FOR MAR-26,01-Jul-2026
KWASUO CHPS COMPOUND,AOWIN-SUAMAN,4241.09,PAYMENT OF CLAIMS FOR APR-26,01-Jul-2026
KWATIRE HEALTH CENTRE,SUNYANI W,177536.47,PAYMENT OF CLAIMS FOR JAN-26,01-Jul-2026
KWATIRE HEALTH CENTRE,SUNYANI W,155764.91,PAYMENT OF CLAIMS FOR FEB-26,01-Jul-2026
KYEAKOR CHPS,MFANTSIMAN,1907.24,PAYMENT OF CLAIMS FOR FEB-26,01-Jul-2026
KYEAKOR CHPS,MFANTSIMAN,2018.30,PAYMENT OF CLAIMS FOR JAN-26,01-Jul-2026
KYEAMEKROM CHPS CPD,SENE,12912.64,PAYMENT OF CLAIMS FOR APR-26,01-Jul-2026
KYEIKROM CHPS COMPOUND,AMENFIMAN,4120.41,PAYMENT OF CLAIMS FOR FEB-26,01-Jul-2026
KYEKYEBIASE CHPS,ASANTE AKIM NOR,874.92,PAYMENT OF CLAIMS FOR FEB. 2026,01-Jul-2026
KYEKYEWERE HEALTH CENTRE A/R,KWABRE,32076.90,PAYMENT OF CLAIMS FOR MAR-26,01-Jul-2026
KYENKYENKURA CHPS COMPOUND,EJURA SEKYED,3297.64,PAYMENT OF CLAIMS FOR FEB-26,01-Jul-2026
KYEREMASE CHPS,BIRIM SOUTH,3755.51,PAYMENT OF CLAIM FOR APR-26,01-Jul-2026
KYEREMASE CHPS,BIRIM SOUTH,3696.00,PAYMENT OF CLAIMS FOR MAY-26,01-Jul-2026
LA GENERAL HOSPITAL,LA,15292.97,PAYMENT OF CLAIMS FOR JAN-26,01-Jul-2026
LA GENERAL HOSPITAL,LA,29425.27,PAYMENT OF CLAIMS FOR FEB-26,01-Jul-2026
LABOLABO HEALTH CENTRE,YILO KROBO,16155.79,PAYMENT OF CLAIMS FOR MAY-26,01-Jul-2026
LABOLABO HEALTH CENTRE,YILO KROBO,13652.24,PAYMENT OF CLAIMS FOR APR-26,01-Jul-2026
LABUN CHPS COMPOUND,PRU,3290.06,PAYMENT OF CLAIMS FOR APR-26,01-Jul-2026
LADY JULIA HEALTH CENTER,ASOKWA SUB-METR,10143.98,PAYMENT OF CLAIMS FOR MAR-26,01-Jul-2026
LAKPALI CHPS,ZABZUGU/TATALE,1640.48,PAYMENT OF CLAIMS FOR APR. 2026,01-Jul-2026
LAKPOR CHPS ZONE,NKWANTA,1404.43,PAYMENT OF CLAIMS FOR FEB. 2026,01-Jul-2026
LAKPOR CHPS ZONE,NKWANTA,2344.60,PAYMENT OF CLAIMS FOR DEC-25,01-Jul-2026
LAKPOR CHPS ZONE,NKWANTA,1543.47,PAYMENT OF CLAIMS FOR NOV-25,01-Jul-2026
LANGANTRE CHPS COMPOUND,WEST GONJA,2616.73,PAYMENT OF CLAIMS FOR JAN-26,01-Jul-2026
LANGUGU CHPS,KARAGA,830.84,PAYMENT OF CLAIMS FOR FEB-26,01-Jul-2026
LARABANGA CHPS COMPOUND,WEST GONJA,15221.15,PAYMENT OF CLAIMS FOR FEB-26,01-Jul-2026
LARBIKROM CHPS-ATIWA,ATIWA DHIS,3178.47,PAYMENT OF CLAIMS FOR FEB-26,01-Jul-2026
LARTEH HEALTH CENTRE,AKUAPEM NORTH,31304.54,PAYMENT OF CLAIMS FOR APR-26,01-Jul-2026
LASSIA TUOLU HEALTH CENTRE,WA WEST,8137.57,PAYMENT OF CLAIMS FOR APR-26,01-Jul-2026
LATEGA CHPS,PUSIGA,3683.53,PAYMENT OF CLAIM FOR APR-26,01-Jul-2026
LAWRA RCH,LAWRA,11351.91,PAYMENT OF CLAIMS FOR APR-26,01-Jul-2026
LEKANTI CHPS ZONE,JASIKAN,720.81,PAYMENT OF CLAIMS FOR MAR. 2026,01-Jul-2026
LEKLEBI DUGA HEALTH CENTRE,HOHOE,9154.11,PAYMENT OF CLAIMS FOR NOV.-25,01-Jul-2026
LEKLEBI DUGA HEALTH CENTRE,HOHOE,11104.83,PAYMENT OF CLAIMS FOR OCT-25,01-Jul-2026
LEKLEBI DUGA HEALTH CENTRE,HOHOE,8635.50,PAYMENT OF CLAIMS FOR AUG.-25,01-Jul-2026
LEKLEBI DUGA HEALTH CENTRE,HOHOE,9701.71,PAYMENT OF CLAIMS FOR SEPT.-25,01-Jul-2026
LEKLEBI KAME CHPS COMPOUND,HOHOE,2104.67,PAYMENT OF CLAIMS FOR APR-26,01-Jul-2026
LEKMA POLYCLINIC,GREATER ACCRA,47845.26,PAYMENT OF CLAIMS FOR FEB-26,01-Jul-2026
LEMU CHPS COMPOUND,SENE,15497.56,PAYMENT OF CLAIMS FOR APR-26,01-Jul-2026
LIATI TEIKROM CHPS,HOHOE,1096.69,PAYMENT OF CLAIMS FOR APR-26,01-Jul-2026
LIATI WOTE CHPS COMPOUND,HOHOE,1458.13,PAYMENT OF CLAIMS FOR APR-26,01-Jul-2026
LIFE CARE CENTRE,OKWAWUMAN SOUTH,1469.91,PAYMENT OF CLAIMS FOR MAY-26,01-Jul-2026
LIFE CARE CENTRE,OKWAWUMAN SOUTH,870.72,PAYMENT OF CLAIMS FOR APR. 2026,01-Jul-2026
LIKPE BAKUA HEALTH CENTRE,HOHOE,41698.18,PAYMENT OF CLAIMS FOR FEB-26,01-Jul-2026
LIKPE-KUKRANTUM1,HOHOE,2380.97,PAYMENT OF CLAIMS FOR FEB-26,01-Jul-2026
LILIXI CHPS,SISSALA E,1783.72,PAYMENT OF CLAIMS FOR APR-26,01-Jul-2026
LITO CHPS COMPOUND,CENTRAL GONJA,2534.30,PAYMENT OF CLAIMS FOR APR-26,01-Jul-2026
LIVE CHPS COMPOUND,AKATSI,1492.97,PAYMENT OF CLAIMS FOR FEB. 2026,01-Jul-2026
LIVE CHPS COMPOUND,AKATSI,4270.35,PAYMENT OF CLAIMS FOR MAR-26,01-Jul-2026
LIVEGA CHPS COMPOUND,AKATSI,1268.15,PAYMENT OF CLAIMS FOR FEB-26,01-Jul-2026
LIVEGA CHPS COMPOUND,AKATSI,1704.68,PAYMENT OF CLAIMS FOR APR. 2026,01-Jul-2026
LOGBA ALAKPETI CHPS COMPOUND,HOHOE,7224.21,PAYMENT OF CLAIMS FOR APR-26,01-Jul-2026
LOGBA ALAKPETI CHPS COMPOUND,HOHOE,6686.11,PAYMENT OF CLAIMS FOR FEB-26,01-Jul-2026
LOGBA ALAKPETI CHPS COMPOUND,HOHOE,6192.60,PAYMENT OF CLAIMS FOR MAR-26,01-Jul-2026
LOGBA VUINTA HEALTH CENTRE,HOHOE,9808.10,PAYMENT OF CLAIMS FOR APR-26,01-Jul-2026
LOGBA VUINTA HEALTH CENTRE,HOHOE,7191.10,PAYMENT OF CLAIMS FOR MAR-26,01-Jul-2026
LOGBA VUINTA HEALTH CENTRE,HOHOE,11941.09,PAYMENT OF CLAIMS FOR MAY-25,01-Jul-2026
LOGGU HEALTH CENTRE,WA EAST,13783.24,PAYMENT OF CLAIMS FOR MAR-26,01-Jul-2026
LOLOBI KUMASI HEALTH CENTRE,HOHOE,6307.65,PAYMENT OF CLAIMS FOR FEB-26,01-Jul-2026
LUISA/VUNDEMA CHPS COMPOUND,BUILSA DMHIS,602.62,PAYMENT OF CLAIMS FOR APR. 2026,01-Jul-2026
LUME CHPS,HO,2383.41,PAYMENT OF CLAIM FOR APR-26,01-Jul-2026
MAAME KROBO HEALTH CENTRE,AFRAM PLANS HIS,21301.20,PAYMENT OF CLAIMS FOR APR-26,01-Jul-2026
MAAME KROBO HEALTH CENTRE,AFRAM PLANS HIS,24103.88,PAYMENT OF CLAIMS FOR MAR-26,01-Jul-2026
MAANYAYIRI CHPS COMPOUND,WA WEST,949.77,PAYMENT OF CLAIMS FOR FEB-26,01-Jul-2026
MAASE CHPS,WA WEST,1190.51,PAYMENT OF CLAIMS FOR FEB-26,01-Jul-2026
MADINA CHPS COMPOUND,BOLGA,840.77,PAYMENT OF CLAIMS FOR MAR-26,01-Jul-2026
MADINA POLYCLINIC (Rawlings Circle),MADINA,19643.70,PAYMENT OF CLAIMS FOR DEC-25,01-Jul-2026
MADINA POLYCLINIC - KEKELE,MADINA,45440.71,PAYMENT OF CLAIMS FOR FEB-26,01-Jul-2026
MAFI ADAKPO CHPS COMPOUND,Central Tongu,1360.42,PAYMENT OF CLAIMS FOR APR-26,01-Jul-2026
MAFI ANFOE CHPS ZONE,NORTH TONGU,2522.86,PAYMENT OF CLAIM FOR APR-26,01-Jul-2026
MAFI-KUMASE HEALTH CENTRE,NORTH TONGU,32724.64,PAYMENT OF CLAIMS FOR SEPT-25,01-Jul-2026
MAFI-SASEKPE HEALTH CENTRE,NORTH TONGU,4776.82,PAYMENT OF CLAIMS FOR FEB-26,01-Jul-2026
MAGAZINE CHPS COMPOUND,NEW JUABEN,2891.41,PAYMENT OF CLAIMS FOR FEB-26,01-Jul-2026
MAKOLA GOVERNMENT CLINIC,ASHIEDU KETEKE,393.62,PAYMENT OF CLAIMS FOR APR-26,01-Jul-2026
MALLAM ATTA GOVERNMENT CLINIC,AYAWASO,7762.09,PAYMENT OF CLAIMS FOR APR-26,01-Jul-2026
MALZERI CHPS COMPOUND,YENDI,6863.71,PAYMENT OF CLAIMS FOR MAR-26,01-Jul-2026
MAMPONG CHPS COMPOUND,Oguaman,4214.26,PAYMENT OF CLAIMS FOR FEB-26,01-Jul-2026
MAMPONG CHPS COMPOUND,Oguaman,550.17,PAYMENT OF CLAIMS FOR MAR-26,01-Jul-2026
MAMPONG CHPS COMPOUND (WESTERN),MPOHOR WASSA EA,218.17,PAYMENT OF CLAIMS FOR FEB-26,01-Jul-2026
MAMPONG GOVERNMENT HOSPITAL,SEKYERE WEST,291062.66,PAYMENT OF CLAIMS FOR JAN-26,01-Jul-2026
MAMPONG HEALTH CENTRE,EAST AKIM,14675.47,ACCRUAL OF UNVETTED CLAIMS FOR DEC-25,01-Jul-2026
MAMPONG HEALTH CENTRE,EAST AKIM,14092.39,PAYMENT OF CLAIMS FOR MAR-26,01-Jul-2026
MAMPONTENG HEALTH CENTRE,KWABRE,290651.08,PAYMENT OF CLAIMS FOR JAN-26,01-Jul-2026
MANCHALLA CHPS,KINTAMPO N,1238.42,PAYMENT OF CLAIMS FOR APR-26,01-Jul-2026
MANCHRE CHPS COMPOUND,AFRAM PLAINS,4403.71,PAYMENT OF CLAIMS FOR MAR-26,01-Jul-2026
MANDARI HEALTH CENTRE,BOLE DMHIS,11588.72,PAYMENT OF CLAIMS FOR APR-26,01-Jul-2026
MANGA CHPS,BAWKU MUNICIPAL,1224.35,PAYMENT OF CLAIMS FOR FEB-26,01-Jul-2026
MANGA CHPS,BAWKU MUNICIPAL,1024.17,PAYMENT OF CLAIMS FOR MAR-26,01-Jul-2026
MANGOASE CHPS,ASUOGYAMAN,1619.41,PAYMENT OF CLAIMS FOR MAR-26,01-Jul-2026
MANGOASE CHPS-AWUTU SENYA,AWUTU-EFFUTU-SE,865.28,PAYMENT OF CLAIMS FOR APR. 2026,01-Jul-2026
MANGOASE HEALTH CENTRE,AKUAPEM N,8628.65,PAYMENT OF CLAIMS FOR MAR-26,01-Jul-2026
MANGOASE HEALTH CENTRE,AKUAPEM N,9707.20,PAYMENT OF CLAIMS FOR APR-26,01-Jul-2026
MANGU CHPS,WA MUN,2797.54,PAYMENT OF CLAIMS FOR APR-26,01-Jul-2026
MANHEAN HEALTH CENTRE,TEMA,37016.86,PAYMENT OF CLAIMS FOR MAR-26,01-Jul-2026
MANHEAN HEALTH CENTRE,TEMA,39665.40,PAYMENT OF CLAIMS FOR APR-26,01-Jul-2026
MANKESSIM MARKET CHPS COMPOUND,MFANTSIMAN,5527.63,PAYMENT OF CLAIMS FOR APR-26,01-Jul-2026
MANKRANHO CHPS,TANO N,7981.04,PAYMENT OF CLAIMS FOR MAR-26,01-Jul-2026
MANKRANHO CHPS,TANO N,5442.26,PAYMENT OF CLAIMS FOR FEB.-26,01-Jul-2026
MANKRONG HEALTH CENTRE,AGONA,642.79,PAYMENT OF CLAIMS FOR MAR. 2026,01-Jul-2026
MANKUMA HEALTH CENTRE,BOLE,7221.24,PAYMENT OF CLAIMS FOR APRIL-26,01-Jul-2026
MANNA MISSION HOSPITAL,KPESHIE,119637.53,ACCRUAL OF UNVETTED CLAIMS FOR DEC-25,01-Jul-2026
MANSIE CHPS COMPOUND,KINTAMPO S,7617.05,PAYMENT OF CLAIMS FOR MAR-26,01-Jul-2026
MANSIE CHPS COMPOUND,KINTAMPO S,9148.62,PAYMENT OF CLAIMS FOR MAR-26,01-Jul-2026
MANSIN CHPS COMPOUND,TANO SOUTH,3484.87,PAYMENT OF CLAIM FOR MAR-26,01-Jul-2026
MANSO ABORE HEALTH CENTRE,AMANSIE WEST,13485.75,PAYMENT OF CLAIMS FOR FEB-26,01-Jul-2026
MANSO AMENFI HEALTH CENTRE,AMENFIMAN,21239.70,PAYMENT OF CLAIMS FOR FEB-26,01-Jul-2026
MANSO AMENFI HEALTH CENTRE,AMENFIMAN,22503.49,PAYMENT OF CLAIMS FOR JAN-26,01-Jul-2026
MANSO HEALTH CENTRE,MPOHOR WASSA,4070.77,PAYMENT OF CLAIMS FOR MAR-26,01-Jul-2026
MANSO HEALTH CENTRE,MPOHOR WASSA,10636.05,PAYMENT OF CLAIMS FOR JAN-26,01-Jul-2026
MANSO HEALTH CENTRE,MPOHOR WASSA,1825.98,PAYMENT OF CLAIMS FOR FEB. 2026,01-Jul-2026
"MANSO NKRAN CHPS COMPOUND,",Amansie West,2089.27,PAYMENT OF CLAIMS FOR FEB-26,01-Jul-2026
MANTE BETHEL CHIPS COMPOUND,AKIM AKROSO,1133.19,PAYMENT OF CLAIMS FOR APR-26,01-Jul-2026
MANTE BETHEL CHIPS COMPOUND,AKIM AKROSO,911.36,PAYMENT OF CLAIMS FOR MAR-26,01-Jul-2026
MANYINI CHPS,YENDI,1208.96,PAYMENT OF CLAIMS FOR APR. 2026,01-Jul-2026
MANYORO CHPS,KASENA-NANKANA,10899.44,PAYMENT OF CLAIMS FOR APR-26,01-Jul-2026
MARFO CHPS COMPOUND,WASSA AMENFI E,384.58,PAYMENT OF CLAIMS FOR FEB-26,01-Jul-2026
ASASEBOMA CHPS COMPOUND,AFRAM PLAINS,989.87,PAYMENT OF CLAIMS FOR AUG-25,01-Jul-2026
ASASEBOMA CHPS COMPOUND,AFRAM PLAINS,1709.42,PAYMENT OF CLAIMS FOR JAN-25,01-Jul-2026
ASASEBOMA CHPS COMPOUND,AFRAM PLAINS,658.98,PAYMENT OF CLAIMS FOR FEB-25,01-Jul-2026
ASASEBOMA CHPS COMPOUND,AFRAM PLAINS,1981.73,PAYMENT OF CLAIMS FOR MAR-25,01-Jul-2026
ASASEBOMA CHPS COMPOUND,AFRAM PLAINS,3043.67,PAYMENT OF CLAIMS FOR APR-25,01-Jul-2026
ASASEBOMA CHPS COMPOUND,AFRAM PLAINS,2474.62,PAYMENT OF CLAIMS FOR MAY-25,01-Jul-2026
ASASEBOMA CHPS COMPOUND,AFRAM PLAINS,2766.57,PAYMENT OF CLAIMS FOR JUN-25,01-Jul-2026
ASASEBOMA CHPS COMPOUND,AFRAM PLAINS,1619.26,PAYMENT OF CLAIMS FOR JUL-25,01-Jul-2026
ASASEBOMA CHPS COMPOUND,AFRAM PLAINS,2223.12,PAYMENT OF CLAIMS FOR SEP-25,01-Jul-2026
DORTOPONG CHPS COMPOUND,EASTERN,826.78,PAYMENT OF CLAIMS FOR JAN-25,01-Jul-2026
DORTOPONG CHPS COMPOUND,EASTERN,1874.59,PAYMENT OF CLAIMS FOR FEB-25,01-Jul-2026
DORTOPONG CHPS COMPOUND,EASTERN,1460.00,PAYMENT OF CLAIMS FOR APR-25,01-Jul-2026
DORTOPONG CHPS COMPOUND,EASTERN,2157.40,PAYMENT OF CLAIMS FOR MAR-25,01-Jul-2026
APLAKU HEALTH CENTRE,WEIJA,8408.85,PAYMENT OF CLAIMS FOR MAY-25,01-Jul-2026
KOBRE CHPS COMPOUND,PRU,1194.26,PAYMENT OF CLAIMS FOR JAN-25,01-Jul-2026
KOBRE CHPS COMPOUND,PRU,1160.20,PAYMENT OF CLAIMS FOR FEB-25,01-Jul-2026
KOBRE CHPS COMPOUND,PRU,2040.26,PAYMENT OF CLAIMS FOR MAR-25,01-Jul-2026
KOBRE CHPS COMPOUND,PRU,1653.83,PAYMENT OF CLAIMS FOR APR-25,01-Jul-2026
KOBRE CHPS COMPOUND,PRU,1852.09,PAYMENT OF CLAIMS FOR MAY-25,01-Jul-2026
KOBRE CHPS COMPOUND,PRU,1928.93,PAYMENT OF CLAIMS FOR JUN-25,01-Jul-2026
KOBRE CHPS COMPOUND,PRU,2436.86,PAYMENT OF CLAIMS FOR JUL-25,01-Jul-2026
KOBRE CHPS COMPOUND,PRU,2819.12,PAYMENT OF CLAIMS FOR AUG-25,01-Jul-2026
KOBRE CHPS COMPOUND,PRU,1326.09,ACCRUAL OF UNVETTED CLAIMS FOR DEC-24,01-Jul-2026
KOBRE CHPS COMPOUND,PRU,879.99,PAYMENT OF CLAIMS FOR MAR-24,01-Jul-2026
KOBRE CHPS COMPOUND,PRU,775.36,PAYMENT OF CLAIMS FOR APR-24,01-Jul-2026
KOBRE CHPS COMPOUND,PRU,1340.01,PAYMENT OF CLAIMS FOR MAY-24,01-Jul-2026
KOBRE CHPS COMPOUND,PRU,1010.70,PAYMENT OF CLAIMS FOR JUN-24,01-Jul-2026
KOBRE CHPS COMPOUND,PRU,1632.79,PAYMENT OF CLAIMS FOR JUL-24,01-Jul-2026
KOBRE CHPS COMPOUND,PRU,1683.59,PAYMENT OF CLAIMS FOR AUG-24,01-Jul-2026
KOBRE CHPS COMPOUND,PRU,681.98,PAYMENT OF CLAIMS FOR SEP-24,01-Jul-2026
KOBRE CHPS COMPOUND,PRU,1443.13,PAYMENT OF CLAIMS FOR OCT-24,01-Jul-2026
MADONNA MATERNITY HOME,EJISU-JUABEN,17315.77,PAYMENT OF CLAIMS FOR MAR-26,01-Jul-2026
MADONNA MATERNITY HOME,EJISU-JUABEN,10109.14,PAYMENT OF CLAIMS FOR APR-24,01-Jul-2026
MADONNA MATERNITY HOME,EJISU-JUABEN,10698.15,PAYMENT OF CLAIMS FOR FEB-25,01-Jul-2026
MADONNA MATERNITY HOME,EJISU-JUABEN,14746.51,PAYMENT OF CLAIMS FOR MAR-25,01-Jul-2026
KWAKU BOAH CHPS,AMENFIMAN,1387.41,PAYMENT OF CLAIMS FOR JAN-24,01-Jul-2026
KWAKU BOAH CHPS,AMENFIMAN,1112.57,PAYMENT OF CLAIMS FOR FEB-24,01-Jul-2026
KWAKU BOAH CHPS,AMENFIMAN,1400.46,PAYMENT OF CLAIMS FOR MAR-24,01-Jul-2026
KWAKU BOAH CHPS,AMENFIMAN,945.80,PAYMENT OF CLAIMS FOR APR-24,01-Jul-2026
KWAKU BOAH CHPS,AMENFIMAN,1934.17,PAYMENT OF CLAIMS FOR MAY-24,01-Jul-2026
KWAKU BOAH CHPS,AMENFIMAN,2385.12,PAYMENT OF CLAIMS FOR JUN-24,01-Jul-2026
KWAKU BOAH CHPS,AMENFIMAN,2552.04,PAYMENT OF CLAIMS FOR JUL-24,01-Jul-2026
KWAKU BOAH CHPS,AMENFIMAN,2049.80,PAYMENT OF CLAIMS FOR AUG-24,01-Jul-2026
KWAKU BOAH CHPS,AMENFIMAN,2899.31,PAYMENT OF CLAIMS FOR SEP-24,01-Jul-2026
KWAKU BOAH CHPS,AMENFIMAN,3917.18,PAYMENT OF CLAIMS FOR OCT-24,01-Jul-2026
KWAKU BOAH CHPS,AMENFIMAN,2885.47,PAYMENT OF CLAIMS FOR NOV-24,01-Jul-2026
KWAKU BOAH CHPS,AMENFIMAN,2291.48,PAYMENT OF CLAIMS FOR FEB-25,01-Jul-2026
AMPONTENKROM CHPS,AMENFIMAN MHIS,664.93,PAYMENT OF CLAIMS FOR JAN-26,01-Jul-2026
AMPONTENKROM CHPS,AMENFIMAN MHIS,267.28,PAYMENT OF CLAIMS FOR FEB-25,01-Jul-2026
AMPONTENKROM CHPS,AMENFIMAN MHIS,808.20,PAYMENT OF CLAIMS FOR MAR-25,01-Jul-2026
AMPONTENKROM CHPS,AMENFIMAN MHIS,738.39,PAYMENT OF CLAIMS FOR DEC-25,01-Jul-2026
AMPONTENKROM CHPS,AMENFIMAN MHIS,318.87,PAYMENT OF CLAIMS FOR JUN-25,01-Jul-2026
AMPONTENKROM CHPS,AMENFIMAN MHIS,889.29,PAYMENT OF CLAIMS FOR JUL-25,01-Jul-2026
AMPONTENKROM CHPS,AMENFIMAN MHIS,761.67,PAYMENT OF CLAIMS FOR AUG-25,01-Jul-2026
AMPONTENKROM CHPS,AMENFIMAN MHIS,879.69,PAYMENT OF CLAIMS FOR SEP-25,01-Jul-2026
AMPONTENKROM CHPS,AMENFIMAN MHIS,352.90,PAYMENT OF CLAIMS FOR APR-25,01-Jul-2026
AZUPUPUNGA CHPS,BAWKU WEST,722.20,PAYMENT OF CLAIMS FOR JAN-24,01-Jul-2026
AZUPUPUNGA CHPS,BAWKU WEST,904.93,PAYMENT OF CLAIMS FOR FEB-24,01-Jul-2026
AZUPUPUNGA CHPS,BAWKU WEST,878.31,PAYMENT OF CLAIMS FOR MAR-24,01-Jul-2026
AZUPUPUNGA CHPS,BAWKU WEST,476.76,PAYMENT OF CLAIMS FOR APR-24,01-Jul-2026
AZUPUPUNGA CHPS,BAWKU WEST,329.06,PAYMENT OF CLAIMS FOR MAY-24,01-Jul-2026
AZUPUPUNGA CHPS,BAWKU WEST,1576.33,PAYMENT OF CLAIMS FOR JUL-24,01-Jul-2026
AZUPUPUNGA CHPS,BAWKU WEST,2044.29,PAYMENT OF CLAIMS FOR AUG-24,01-Jul-2026
AZUPUPUNGA CHPS,BAWKU WEST,1050.61,PAYMENT OF CLAIMS FOR SEP-24,01-Jul-2026
AZUPUPUNGA CHPS,BAWKU WEST,848.42,PAYMENT OF CLAIMS FOR DEC-24,01-Jul-2026
AZUPUPUNGA CHPS,BAWKU WEST,1140.19,PAYMENT OF CLAIMS FOR FEB-25,01-Jul-2026
AZUPUPUNGA CHPS,BAWKU WEST,957.91,PAYMENT OF CLAIMS FOR MAR-25,01-Jul-2026
AZUPUPUNGA CHPS,BAWKU WEST,548.45,PAYMENT OF CLAIMS FOR APR-25,01-Jul-2026
AZUPUPUNGA CHPS,BAWKU WEST,856.90,PAYMENT OF CLAIMS FOR MAY-25,01-Jul-2026
AZUPUPUNGA CHPS,BAWKU WEST,899.76,PAYMENT OF CLAIMS FOR JUN-25,01-Jul-2026
AZUPUPUNGA CHPS,BAWKU WEST,260.00,PAYMENT OF CLAIMS FOR AUG-25,01-Jul-2026
AZUPUPUNGA CHPS,BAWKU WEST,989.17,PAYMENT OF CLAIMS FOR SEPT-25,01-Jul-2026
AZUPUPUNGA CHPS,BAWKU WEST,1430.89,PAYMENT OF CLAIMS FOR OCT-25,01-Jul-2026
AZUPUPUNGA CHPS,BAWKU WEST,2093.19,PAYMENT OF CLAIMS FOR JAN-26,01-Jul-2026
KULBIA CHPS COMPOUND,BOLGA MHIS,1126.10,PAYMENT OF CLAIMS FOR AUG-25,01-Jul-2026
KULBIA CHPS COMPOUND,BOLGA MHIS,1184.56,ACCRUAL OF UNVETTED CLAIMS FOR NOV-25,01-Jul-2026
TARIVAGO CHPS,GARU,509.32,ACCRUAL OF UNVETTED CLAIMS FOR DEC-24,01-Jul-2026
AZUPUPUNGA CHPS,BAWKU WEST,607.70,PAYMENT OF CLAIMS FOR JAN-25,01-Jul-2026
KUBOUGO CHPS,BAWKU WEST,1716.36,ACCRUAL OF UNVETTED CLAIMS FOR SEP-24,01-Jul-2026
KUBOUGO CHPS,BAWKU WEST,4183.31,PAYMENT OF CLAIMS FOR OCT-24,01-Jul-2026
KUBOUGO CHPS,BAWKU WEST,4057.04,PAYMENT OF CLAIMS FOR NOV-24,01-Jul-2026
KUBOUGO CHPS,BAWKU WEST,4315.49,PAYMENT OF CLAIMS FOR DEC-24,01-Jul-2026
KUBOUGO CHPS,BAWKU WEST,3894.76,PAYMENT OF CLAIMS FOR JAN-25,01-Jul-2026
KUBOUGO CHPS,BAWKU WEST,3673.37,PAYMENT OF CLAIMS FOR FEB-25,01-Jul-2026
KUBOUGO CHPS,BAWKU WEST,3796.74,PAYMENT OF CLAIMS FOR MAR-25,01-Jul-2026
KUBOUGO CHPS,BAWKU WEST,4869.44,PAYMENT OF CLAIMS FOR APR-25,01-Jul-2026
KUBOUGO CHPS,BAWKU WEST,3991.69,PAYMENT OF CLAIMS FOR MAY-25,01-Jul-2026
KUBOUGO CHPS,BAWKU WEST,3613.11,PAYMENT OF CLAIMS FOR JUN-25,01-Jul-2026
KUBOUGO CHPS,BAWKU WEST,4029.71,PAYMENT OF CLAIMS FOR JUL-25,01-Jul-2026
KUBOUGO CHPS,BAWKU WEST,4101.35,PAYMENT OF CLAIMS FOR AUG-25,01-Jul-2026
KUBOUGO CHPS,BAWKU WEST,5955.96,PAYMENT OF CLAIMS FOR SEP-25,01-Jul-2026
KUBOUGO CHPS,BAWKU WEST,4792.04,ACCRUAL OF UNVETTED CLAIMS FOR NOV-25,01-Jul-2026
KUBOUGO CHPS,BAWKU WEST,3563.85,PAYMENT OF CLAIMS FOR DEC-25,01-Jul-2026
KUBOUGO CHPS,BAWKU WEST,4840.04,PAYMENT OF CLAIMS FOR JAN-26,01-Jul-2026
KUBOUGO CHPS,BAWKU WEST,4460.33,PAYMENT OF CLAIMS FOR FEB-26,01-Jul-2026
KULBIA CHPS COMPOUND,BOLGA MHIS,1030.74,PAYMENT OF CLAIMS FOR AUG-24,01-Jul-2026
KULBIA CHPS COMPOUND,BOLGA MHIS,752.81,PAYMENT OF CLAIMS FOR SEP-24,01-Jul-2026
KULBIA CHPS COMPOUND,BOLGA MHIS,1028.91,PAYMENT OF CLAIMS FOR OCT-24,01-Jul-2026
KULBIA CHPS COMPOUND,BOLGA MHIS,1026.22,PAYMENT OF CLAIMS FOR NOV-24,01-Jul-2026
KULBIA CHPS COMPOUND,BOLGA MHIS,2045.69,ACCRUAL OF UNVETTED CLAIMS FOR DEC-24,01-Jul-2026
KULBIA CHPS COMPOUND,BOLGA MHIS,712.35,PAYMENT OF CLAIMS FOR JAN-25,01-Jul-2026
KULBIA CHPS COMPOUND,BOLGA MHIS,395.52,PAYMENT OF CLAIMS FOR FEB-25,01-Jul-2026
KULBIA CHPS COMPOUND,BOLGA MHIS,686.80,PAYMENT OF CLAIMS FOR MAR-25,01-Jul-2026
KULBIA CHPS COMPOUND,BOLGA MHIS,586.87,PAYMENT OF CLAIMS FOR APR-25,01-Jul-2026
KULBIA CHPS COMPOUND,BOLGA MHIS,516.45,PAYMENT OF CLAIMS FOR MAY-25,01-Jul-2026
KULBIA CHPS COMPOUND,BOLGA MHIS,376.70,PAYMENT OF CLAIMS FOR JUN-25,01-Jul-2026
KULBIA CHPS COMPOUND,BOLGA MHIS,928.18,PAYMENT OF CLAIMS FOR JUL-25,01-Jul-2026
KULBIA CHPS COMPOUND,BOLGA MHIS,1171.90,PAYMENT OF CLAIMS FOR SEP-25,01-Jul-2026
KULBIA CHPS COMPOUND,BOLGA MHIS,1555.28,PAYMENT OF CLAIMS FOR NOV-25,01-Jul-2026
KULBIA CHPS COMPOUND,BOLGA MHIS,1924.64,PAYMENT OF CLAIMS FOR JAN-26,01-Jul-2026
KULBIA CHPS COMPOUND,BOLGA MHIS,2138.21,PAYMENT OF CLAIMS FOR FEB-26,01-Jul-2026
NINSUM CHPS COMPOUND,GARU,1155.68,PAYMENT OF CLAIMS FOR JAN-24,01-Jul-2026
NINSUM CHPS COMPOUND,GARU,1324.59,PAYMENT OF CLAIMS FOR FEB-24,01-Jul-2026
NINSUM CHPS COMPOUND,GARU,714.82,PAYMENT OF CLAIMS FOR MAR-24,01-Jul-2026
NINSUM CHPS COMPOUND,GARU,1441.06,PAYMENT OF CLAIMS FOR APR-24,01-Jul-2026
NINSUM CHPS COMPOUND,GARU,1521.94,PAYMENT OF CLAIMS FOR MAY-24,01-Jul-2026
KPATIA CHPS COMPOUND,TALENSI NAB,1249.83,PAYMENT OF JUNE 2024 CLAIMS,01-Jul-2026
NINSUM CHPS COMPOUND,GARU,1344.94,PAYMENT OF CLAIMS FOR JUL-24,01-Jul-2026
NINSUM CHPS COMPOUND,GARU,1676.90,PAYMENT OF CLAIMS FOR AUG-24,01-Jul-2026
NINSUM CHPS COMPOUND,GARU,1660.42,PAYMENT OF CLAIMS FOR SEP-24,01-Jul-2026
NINSUM CHPS COMPOUND,GARU,1761.41,PAYMENT OF CLAIMS FOR OCT-24,01-Jul-2026
NINSUM CHPS COMPOUND,GARU,809.86,PAYMENT OF CLAIMS FOR NOV-24,01-Jul-2026
NINSUM CHPS COMPOUND,GARU,660.50,PAYMENT OF CLAIMS FOR DEC-24,01-Jul-2026
NINSUM CHPS COMPOUND,GARU,904.80,PAYMENT OF CLAIMS FOR JAN-25,01-Jul-2026
NINSUM CHPS COMPOUND,GARU,2077.49,PAYMENT OF CLAIMS FOR MAR-25,01-Jul-2026
NINSUM CHPS COMPOUND,GARU,2279.74,PAYMENT OF CLAIMS FOR APR-25,01-Jul-2026
NINSUM CHPS COMPOUND,GARU,2610.99,PAYMENT OF CLAIMS FOR MAY-25,01-Jul-2026
NINSUM CHPS COMPOUND,GARU,1703.60,PAYMENT OF CLAIMS FOR JUN-25,01-Jul-2026
NINSUM CHPS COMPOUND,GARU,1654.99,PAYMENT OF CLAIMS FOR JUL-25,01-Jul-2026
NINSUM CHPS COMPOUND,GARU,1586.78,PAYMENT OF CLAIMS FOR DEC-25,01-Jul-2026
KWAAKUE CHPS,KRACHI WEST,891.05,PAYMENT OF JUNE 2024 CLAIMS,01-Jul-2026
TARIVAGO CHPS,GARU,407.32,PAYMENT OF CLAIMS FOR JAN-25,01-Jul-2026
TARIVAGO CHPS,GARU,154.64,PAYMENT OF CLAIMS FOR MAR-25,01-Jul-2026
TARIVAGO CHPS,GARU,270.62,PAYMENT OF CLAIMS FOR APR-25,01-Jul-2026
TARIVAGO CHPS,GARU,386.60,PAYMENT OF CLAIMS FOR MAY-25,01-Jul-2026
TARIVAGO CHPS,GARU,193.30,PAYMENT OF CLAIMS FOR DEC-25,01-Jul-2026
TARIVAGO CHPS,GARU,193.30,PAYMENT OF CLAIMS FOR MAR-26,01-Jul-2026
TISUNGU CLINIC,BAWKU MUNICIPAL,2130.19,PAYMENT OF CLAIMS FOR FEB-25,01-Jul-2026
ZONGOIRE HEALTH CENTRE,GREATER ACCRA,20307.95,PAYMENT OF CLAIMS FOR MAR-25,01-Jul-2026
ZONGOIRE HEALTH CENTRE,GREATER ACCRA,20479.30,PAYMENT OF CLAIMS FOR APR-25,01-Jul-2026
ZONGOIRE HEALTH CENTRE,GREATER ACCRA,23740.93,PAYMENT OF CLAIMS FOR JUN-25,01-Jul-2026
ZONGOIRE HEALTH CENTRE,GREATER ACCRA,23249.91,PAYMENT OF CLAIMS FOR JUL-25,01-Jul-2026
ZONGOIRE HEALTH CENTRE,GREATER ACCRA,33576.31,PAYMENT OF CLAIMS FOR AUG-25,01-Jul-2026
ZONGOIRE HEALTH CENTRE,GREATER ACCRA,42950.84,ACCRUAL OF UNVETTED CLAIMS FOR SEPT-25,01-Jul-2026
ZONGOIRE HEALTH CENTRE,GREATER ACCRA,57769.79,ACCRUAL OF UNVETTED CLAIMS FOR OCT-25,01-Jul-2026
ZONGOIRE HEALTH CENTRE,GREATER ACCRA,26886.83,ACCRUAL OF UNVETTED CLAIMS FOR DEC-25,01-Jul-2026
ZONGOIRE HEALTH CENTRE,GREATER ACCRA,27483.80,PAYMENT OF CLAIMS FOR JAN-26,01-Jul-2026
ZONGOIRE HEALTH CENTRE,GREATER ACCRA,28726.80,PAYMENT OF CLAIMS FOR FEB-26,01-Jul-2026
ZUARUNGU-MOSHIE HEALTH CENTRE,BOLGA,10343.25,PAYMENT OF CLAIMS FOR AUG-25,01-Jul-2026
ZUARUNGU-MOSHIE HEALTH CENTRE,BOLGA,12229.51,PAYMENT OF CLAIMS FOR JUL-25,01-Jul-2026
DAZONGO CHPS COMPOUND,BOLGATANGA,431.69,PAYMENT OF CLAIMS FOR MAY 2025,01-Jul-2026
YIPAALA CHPS,BOLGATANGA,2992.17,PAYMENT OF CLAIMS FOR JUN-25,01-Jul-2026
PRESBY PRIMARY HEALTH CARE(BOLGATANGA),BOLGATANGA,21624.93,PAYMENT OF CLAIMS FOR FEB-25,01-Jul-2026
YIKENE CHPS,BOLGA MHIS,3636.31,PAYMENT OF CLAIMS FOR NOV-25,01-Jul-2026
TISUNGU CLINIC,BAWKU MUNICIPAL,4484.74,CLAIMS PAYMENT FOR MAY-25,01-Jul-2026
MANGA CHPS,BAWKU MUNICIPAL,954.34,PAYMENT OF CLAIMS FOR NOV-25,01-Jul-2026
MANGA CHPS,BAWKU MUNICIPAL,1348.67,PAYMENT OF CLAIMS FOR DEC-25,01-Jul-2026
BANSI CHPS,BAWKU MUN,4117.51,PAYMENT OF CLAIMS FOR DEC-25,01-Jul-2026
BARIBARI CHPS,BAWKU MUNICIPAL,3794.57,PAYMENT OF CLAIMS FOR DEC-25,01-Jul-2026
BARIBARI CHPS,BAWKU MUNICIPAL,7605.56,PAYMENT OF CLAIMS FOR OCT-25,01-Jul-2026
BAZUA HEALTH CENTRE,BAWKU MUNICIPAL,14928.87,PAYMENT OF CLAIMS FOR SEP-25,01-Jul-2026
GENTIGA CHPS,BAWKU MUNICIPAL,1612.14,PAYMENT OF CLAIMS FOR DEC-25,01-Jul-2026
ZAWSE HEALTH CENTRE,BAWKU MUNICIPAL,5285.75,CLAIMS PAYMENT FOR DEC-25,01-Jul-2026
YIKURUGU CHPS,BAWKU WEST,1178.08,PAYMENT OF CLAIMS FOR JUN-25,01-Jul-2026
TANGA CLINIC,BAWKU WEST,13584.55,CLAIMS PAYMENT FOR AUG-25,01-Jul-2026
TANGA CLINIC,BAWKU WEST,12633.65,CLAIMS PAYMENT FOR SEP-25,01-Jul-2026
BIRINGU CHPS,BAWKU WEST,3415.70,CLAIMS PAYMENT FOR MAY-25,01-Jul-2026
BIRINGU CHPS,BAWKU WEST,2744.73,CLAIMS PAYMENT FOR JUNE-25,01-Jul-2026
BIRINGU CHPS,BAWKU WEST,4915.11,CLAIMS PAYMENT FOR JUL-25,01-Jul-2026
BIRINGU CHPS,BAWKU WEST,6071.72,CLAIMS PAYMENT FOR AUG-25,01-Jul-2026
BIRINGU CHPS,BAWKU WEST,3012.35,CLAIMS PAYMENT FOR DEC-25,01-Jul-2026
GALAKA CHPS,BAWKU WEST,3418.32,PAYMENT OF CLAIMS FOR OCT-25,01-Jul-2026
GALAKA CHPS,BAWKU WEST,1863.96,PAYMENT OF CLAIMS FOR OCT-25,01-Jul-2026
SALPIIGA CHPS,BAWKU WEST,1110.43,CLAIMS OPAYMENT FOR DEC-25,01-Jul-2026
AGATUSI CHPS (BAWKU WEST),BAWKU WEST,2784.02,PAYMENT OF CLAIMS FOR NOV-25,01-Jul-2026
APODABOGO CHPS,BAWKU WEST,3136.78,PAYMENT OF CLAIMS FOR NOV-25,01-Jul-2026
BEKWAI MUNICIPAL HOSPITAL,AMANSIE EAST,642609.16,PAYMENT OF CLAIMS FOR JAN-26,01-Jul-2026
HART ADVENTIST HOSPITAL,ASOKWA,240837.42,PAYMENT OF CLAIMS FOR FEB-26,01-Jul-2026
ST. EDWARD'S HEALTH CENTRE (DWINYAMA),AHAFO ANO S,202445.01,PAYMENT OF CLAIMS FOR FEB-26,01-Jul-2026
TAIN DISTRICT HOSPITAL (NSAWKAW),TAIN DIST,294603.20,PAYMENT OF CLAIMS FOR JAN-26,01-Jul-2026
"MUNICIPAL HOSPITAL,AGONA SWEDRU",AGONA,582763.17,PAYMENT OF CLAIMS FOR JAN-26,01-Jul-2026
TWIFO/ATTI-MORKWA DISTRICT HOSPITAL,TLD,275813.29,PAYMENT OF CLAIMS FOR JAN-26,01-Jul-2026
ADANSI NORTH DISTRICT HOSPITAL,BEKWAI,255166.65,PAYMENT OF CLAIMS FOR APR-26,01-Jul-2026
EJISU GOVERNMENT HOSPITAL,EJISU-JUABEN,306730.51,PAYMENT OF CLAIMS FOR JAN-26,01-Jul-2026
SUHUM GOVERNMENT HOSPITAL,SUHUM KRABOA CO,488568.44,PAYMENT OF CLAIMS FOR JAN-26,01-Jul-2026
GHANA ADVENTIST HEALTH SERVICES-OBUASI,OBUASI,210515.21,PAYMENT OF CLAIMS FOR MAR-26,01-Jul-2026
SUNYANI MUNICIPAL HOSPITAL,SUNYANI,294740.42,PAYMENT OF CLAIMS FOR JAN-26,01-Jul-2026
TAFO GOVERNMENT HOSPITAL,MANHYIA,235239.76,PAYMENT OF CLAIMS FOR JAN-26,01-Jul-2026
DORMAA WEST DISTRICT HOSPITAL,DORMAA W,214862.05,PAYMENT OF CLAIMS FOR JAN-26,01-Jul-2026
ENYIRESI GOVERNMENT HOSPITAL,ATIWA,312376.88,PAYMENT OF CLAIMS FOR MAR-26,01-Jul-2026
METHODIST FAITH HEALING HOSPITAL (ANKAASE),KWABRE,377637.31,PAYMENT OF CLAIMS FOR FEB-26,01-Jul-2026
HOPEXCHANGE MEDICAL CENTRE,BANTAMA,283481.90,PAYMENT OF CLAIMS FOR FEB-26,01-Jul-2026
KETU SOUTH MUNICIPAL HOSPITAL,KETU,309092.07,PAYMENT OF CLAIMS FOR FEB-26,01-Jul-2026
GA EAST MUNICIPAL HOSPITAL,GA,246492.58,PAYMENT OF CLAIMS FOR JAN-26,01-Jul-2026
SALAGA DISTRICT HOSPITAL,EAST GONJA,373771.75,PAYMENT OF CLAIMS FOR APR-26,01-Jul-2026
BAPTIST MEDICAL CENTRE,mamprusi,985976.33,PAYMENT OF CLAIMS FOR MAR-26,01-Jul-2026
GUSHEGU DIST. HOSPITAL,GUSHEGU,359632.69,PAYMENT OF CLAIMS FOR FEB-26,01-Jul-2026
YENDI GOVERNMENT HOSPITAL - YENDI,YENDI DIST HIS,351312.24,PAYMENT OF CLAIMS FOR FEB-26,01-Jul-2026
TAMALE WEST HOSPITAL,TAMALE METRO,538417.78,PAYMENT OF CLAIMS FOR JAN-26,01-Jul-2026
ZEBILLA DISTRICT HOSPITAL,BAWKU WEST,513383.53,PAYMENT OF CLAIMS FOR MAR-26,01-Jul-2026
ST. MICHAEL'S HOSPITAL (PRAMSO),BOSOMTWE-ATWIMA,465463.14,PAYMENT OF CLAIMS FOR MAR-26,01-Jul-2026
ATEBUBU DISTRICT HOSPITAL,ATEBUBU,318016.53,PAYMENT OF CLAIMS FOR JAN-26,01-Jul-2026
AFRANCHO HEALTH CENTER,KWABRE,211621.70,PAYMENT OF CLAIMS FOR FEB-26,01-Jul-2026
TARKWA MUNICIPAL HOSPITAL,TARKWA,600102.76,PAYMENT OF CLAIMS FOR OCT-25,01-Jul-2026
CAPE COAST TEACHING HOSPITAL (CENTRAL REGIONAL HOSPITAL),OGUAMAN,1783586.84,PAYMENT OF CLAIMS FOR DEC-25,01-Jul-2026
KRACHI WEST DISTRICT HOSPITAL,KRACHI WEST,286965.11,PAYMENT OF CLAIMS FOR DEC-25,01-Jul-2026
WORAWORA GOVERNMENT HOSPITAL,JASIKAN,309695.71,PAYMENT OF CLAIMS FOR NOV-25,01-Jul-2026
ZABZUGU DISTRICT HOSPITAL,ZABZUGU/TATALE,334034.33,PAYMENT OF CLAIMS FOR DEC-25,01-Jul-2026
TETTEH QUASHIE MEMORIAL HOSPITAL,AKUAPEM N,403423.03,PAYMENT OF CLAIMS FOR JAN-26,01-Jul-2026
TETTEH QUASHIE MEMORIAL HOSPITAL,AKUAPEM N,411643.66,PAYMENT OF CLAIMS FOR MAR-25,01-Jul-2026
NSAWAM GOVERNMENT HOSPITAL,AKUAPEM S,669756.68,PAYMENT OF CLAIMS FOR DEC-25,01-Jul-2026
WILLIAM GUDU CLINC,BOLGATANGA,2692.16,PAYMENT OF CLAIMS FOR DEC-25,01-Jul-2026
WILLIAM GUDU CLINC,BOLGATANGA,1075.14,PAYMENT OF CLAIMS FOR NOV-25,01-Jul-2026
OUR LADY OF GRACE HOSPITAL,ASIKUMA ODOBEN,198443.04,PAYMENT OF CLAIMS FOR MAR-26,01-Jul-2026
TWIFO/ATTI-MORKWA DISTRICT HOSPITAL,TLD,281040.87,PAYMENT OF CLAIMS FOR FEB-26,01-Jul-2026
WULENSI HEALTH CENTRE,NANUMBA S,115268.65,PAYMENT OF CLAIMS FOR FEB-26,01-Jul-2026
"PENTECOST CLINIC, YAWMATWA",BIA,39909.40,PAYMENT OF CLAIMS FOR FEB-26,01-Jul-2026
"PENTECOST CLINIC, YAWMATWA",BIA,36859.52,PAYMENT OF CLAIMS FOR OCT-25,01-Jul-2026
ATUA GOVERNMENT HOSPITAL,MANYA KROBO,272104.34,PAYMENT OF CLAIMS FOR FEB-26,01-Jul-2026
NAGEL MEMORIAL ADVENTIS HOSPITAL,TAKORADI MHIS,167326.81,PAYMENT OF CLAIMS FOR JAN-26,01-Jul-2026
NAGEL MEMORIAL ADVENTIS HOSPITAL,TAKORADI MHIS,207208.51,PAYMENT OF CLAIMS FOR FEB-26,01-Jul-2026
ASASEBOMA CHPS COMPOUND,AFRAM PLAINS,623.49,PAYMENT OF CLAIMS FOR APR-26,01-Jul-2026
ASASEBOMA CHPS COMPOUND,AFRAM PLAINS,1143.10,ACCRUAL OF UNVETTED CLAIMS FOR OCT-25,01-Jul-2026
ASASEBOMA CHPS COMPOUND,AFRAM PLAINS,1803.96,PAYMENT OF CLAIMS FOR MAY-26,01-Jul-2026
ASASEHENE CHPS COMPOUND,MANYA KROBO,1051.54,PAYMENT OF CLAIMS FOR APR-26,01-Jul-2026
ASASETRE HEALTH CENTRE,ELEMBELLE,25993.02,PAYMENT OF CLAIMS FOR APR-26,01-Jul-2026
ASATO CHPS,KADJEBI,1159.24,PAYMENT OF CLAIMS FOR NOV-25,01-Jul-2026
ASEKYE CHPS COMPOUND,NKORANZA,2529.16,PAYMENT OF CLAIMS FOR MAR-26,01-Jul-2026
ASEKYEREWA HEALTH CENTRE,SEKYERE E_EFF,5443.49,PAYMENT OF CLAIMS FOR APR-26,01-Jul-2026
ASEMKROM CHPS COMPOUND,AOWIN-SU,1656.42,PAYMENT OF CLAIMS FOR FEB. 2026,01-Jul-2026
ASEMKROM CHPS COMPOUND,AOWIN-SU,1491.80,PAYMENT OF CLAIMS FOR MAR. 2026,01-Jul-2026
ASEMNYINAKROM HEALTH CENTRE (BIA),BIA,7582.48,PAYMENT OF CLAIMS FOR FEB-26,01-Jul-2026
"ASEMPANAYE CHPS COMPOUND.,",JAMAN S,2784.02,PAYMENT OF CLAIMS FOR MAR-26,01-Jul-2026
"ASEMPANAYE CHPS COMPOUND.,",JAMAN S,3853.20,PAYMENT OF CLAIMS FOR APR-26,01-Jul-2026
ASEMPANEYE CHPS,JUABOSO,2490.37,PAYMENT OF CLAIM FOR APR-26,01-Jul-2026
ASENEMA CHPS CENTRE,AKUAPEM NORTH,9410.85,PAYMENT OF CLAIMS FOR APR-26,01-Jul-2026
ASENSUHO SHED CHPS ZONE(TWIFO),TWIFU HEMANG LO,769.55,PAYMENT OF CLAIMS FOR APR. 2026,01-Jul-2026
ASESENSO CHPS COMPOUND,WASSA AMENFI E,2378.55,PAYMENT OF CLAIMS FOR APR-26,01-Jul-2026
ASESEWA GOVERNMENT HOSPITAL,MANYA KROBO,3237.16,PAYMENT OF CLAIMS FOR APR-26,01-Jul-2026
ASHAIMAN MUNICIPAL HOSPITAL,ASHIAMAN,236934.58,PAYMENT OF CLAIMS FOR JAN-26,01-Jul-2026
ASHERESU CHPS,AKUAPEM SOUTH,2844.86,PAYMENT OF CLAIMS FOR MAR-26,01-Jul-2026
ASHERESU CHPS,AKUAPEM SOUTH,3255.25,PAYMENT OF CLAIMS FOR FEB-26,01-Jul-2026
ASIAKWA HEALTH CENTER,EAST AKIM,40798.81,PAYMENT OF CLAIMS FOR JAN-26,01-Jul-2026
ASIAKWA HEALTH CENTER,EAST AKIM,39705.88,PAYMENT OF CLAIMS FOR FEB-26,01-Jul-2026
ASIAKWA HEALTH CENTER,EAST AKIM,39034.69,PAYMENT OF CLAIMS FOR MAR-26,01-Jul-2026
ASIBIRIM CHPS COMPOUND,BIRIM SOUTH,433.20,PAYMENT OF CLAIMS FOR APR-26,01-Jul-2026
ASIBREM CHPS,ASUNAFO SOUTH,4204.77,PAYMENT OF CLAIMS FOR APR-26,01-Jul-2026
ASIDOWUI CHPS COMPOUND,SOUTH TONGU,472.18,PAYMENT OF CLAIMS FOR MAR-26,01-Jul-2026
ASIKAM CHPS COMPOUND,EAST AKIM,4211.69,PAYMENT OF CLAIMS FOR APR-26,01-Jul-2026
ASIKAM CHPS COMPOUND,EAST AKIM,2747.59,PAYMENT OF CLAIM FOR MAR-26,01-Jul-2026
ASIKAM CHPS COMPOUND,EAST AKIM,2787.37,PAYMENT OF CLAIMS FOR FEB-26,01-Jul-2026
ASIKASU CHPS-WEST AKIM,WEST AKIM,2410.28,PAYMENT OF CLAIM FOR APR-26,01-Jul-2026
ASIKUMA CHPS (ASUOGYAMAN),ASUOGYAMAN,3277.23,PAYMENT OF CLAIM FOR APR-26,01-Jul-2026
ASIREBUSO CHPS COMPOUND,FANTEAKWA,4418.09,PAYMENT OF CLAIMS FOR MAR-26,01-Jul-2026
ASIREBUSO CHPS COMPOUND,FANTEAKWA,4775.83,PAYMENT OF CLAIMS FOR MAR-26,01-Jul-2026
ASIREBUSO CHPS COMPOUND,FANTEAKWA,4453.71,PAYMENT OF CLAIMS FOR JAN-26,01-Jul-2026
ASITEY HEALTH CENTRE,MANYA KROBO,7967.54,PAYMENT OF CLAIMS FOR FEB.-26,01-Jul-2026
ASITEY HEALTH CENTRE,MANYA KROBO,6475.32,PAYMENT OF CLAIMS FOR APR-26,01-Jul-2026
ASITEY HEALTH CENTRE,MANYA KROBO,5306.57,PAYMENT OF CLAIMS FOR MAR-26,01-Jul-2026
ASIYAW CHPS COMPOUND,AKUAPEM NORTH,3639.77,PAYMENT OF CLAIM FOR APR-26,01-Jul-2026
ASIYAW CHPS COMPOUND,AKUAPEM NORTH,2566.16,PAYMENT OF CLAIM FOR MAR-26,01-Jul-2026
ASOKORE RCH,NEW JUABEN,15663.63,PAYMENT OF CLAIMS FOR MAR-26,01-Jul-2026
ASOMASE CHPS (ELEMBELLE),ELEMBELLE,6395.82,PAYMENT OF CLAIMS FOR APR-26,01-Jul-2026
ASOMDWEE CHPS COMPOUND,ABURA-ASEBU-K,4336.17,PAYMENT OF CLAIMS FOR JAN-26,01-Jul-2026
ASONKWAA CHPS,NKORANZA,7254.32,PAYMENT OF CLAIMS FOR APRIL-26,01-Jul-2026
ASONTI CHPS COMPOUND,NZEMA EAST,3127.27,PAYMENT OF CLAIM FOR APR-26,01-Jul-2026
ASSASE CHPS ZONE,UPPER DENKYIRA,2266.98,PAYMENT OF CLAIMS FOR APR-26,01-Jul-2026
ASSE CHPS,WA WEST,3956.21,PAYMENT OF CLAIM FOR APR-26,01-Jul-2026
ASSEMBLIES OF GOD HEALTH CENTRE (NAKPANDURI H. CENTRE),BUNKPURUGU-Y,24866.29,PAYMENT OF CLAIMS FOR FEB-26,01-Jul-2026
ASSEMBLIES OF GOD HEALTH CENTRE (NAKPANDURI H. CENTRE),BUNKPURUGU-Y,26208.47,PAYMENT OF CLAIMS FOR MAR-26,01-Jul-2026
ASSEMBLIES OF GOD HOSPITAL,SABOBA/CHIRE,246995.69,PAYMENT OF CLAIMS FOR MAR-26,01-Jul-2026
ASSIN ABOABO CAMP CHPS COMPOUND,ASSIN SOUTH,1905.31,PAYMENT OF CLAIMS FOR APR-26,01-Jul-2026
ASSIN ABODWESESO CHPS,ASSIN SOUTH,2665.42,PAYMENT OF CLAIM FOR APR-26,01-Jul-2026
ASSIN ACHIASE CHPS  COMPOUND,ASSIN SOUTH,1447.06,PAYMENT OF CLAIMS FOR APR-26,01-Jul-2026
ASSIN ACHIASE CHPS  COMPOUND,ASSIN SOUTH,1799.67,PAYMENT OF CLAIMS FOR MAR. 2026,01-Jul-2026
ASSIN ADUBIASE CHPS COMPOUND,ASSIN SOUTH,3742.14,PAYMENT OF CLAIMS FOR MAR-26,01-Jul-2026
ASSIN AKROFUOM CHPS COMPOUND,ASIKUMA ODOBEN,2327.13,PAYMENT OF CLAIM FOR MAR-26,01-Jul-2026
ASSIN ANYINABIRIM HEALTH CENTRE (ASSIN SOUTH),ASSIN NORTH,13736.67,PAYMENT OF CLAIMS FOR MAR-26,01-Jul-2026
ASSIN APPIAHKROM CHPS COMPOUND,ASSIN SOUTH,239.01,PAYMENT OF CLAIMS FOR APR-26,01-Jul-2026
ASSIN BEPOKOKO CHPS COMPOUND,ASSIN SOUTH,880.15,PAYMENT OF CLAIMS FOR MAR-26,01-Jul-2026
ASSIN DANSAME CHPS COMPOUND,ASSIN NORTH,6289.46,PAYMENT OF CLAIMS FOR APR-26,01-Jul-2026
ASSIN DOMPIM CHPS COMPOUND,ASSIN NORTH,3084.33,PAYMENT OF CLAIMS FOR APR-26,01-Jul-2026
ASSIN HOMAHO CHPS,ASSIN SOUTH,4719.02,PAYMENT OF CLAIMS FOR MAR-26,01-Jul-2026
ASSIN JUABEN CHPS COMPOUND,ASSIN SOUTH,4222.31,PAYMENT OF CLAIMS FOR MAR-26,01-Jul-2026
ASSIN JUASO CHPS COMPOUND,ASSIN NORTH,730.41,PAYMENT OF CLAIMS FOR APR. 2026,01-Jul-2026
ASSIN MANSO HEALTH CENTRE,ASSIN SOUTH,24294.01,PAYMENT OF CLAIMS FOR FEB-26,01-Jul-2026
ASSIN MANSO HEALTH CENTRE,ASSIN SOUTH,23777.81,PAYMENT OF CLAIMS FOR MAR-26,01-Jul-2026
ASSORKO HEALTH CENTRE,SHAMA,4896.86,PAYMENT OF CLAIMS FOR APR-26,01-Jul-2026
ASUAKWAA METHODIST CLINIC,SUNYANI,3466.08,PAYMENT OF CLAIM FOR APR-26,01-Jul-2026
ASUAKWAA METHODIST CLINIC,SUNYANI,2926.43,PAYMENT OF CLAIMS FOR MAR-26,01-Jul-2026
ASUANSI RURAL CLINIC.,ABURA-ASEBU-KWA,4958.69,PAYMENT OF CLAIMS FOR APR-26,01-Jul-2026
ASUBINGYA CHPS COMPOUND,TECHIMAN,14447.46,PAYMENT OF CLAIMS FOR JAN-26,01-Jul-2026
ASUBOA HEALTH CENTRE,ASANTE AKIM SOU,20844.12,PAYMENT OF CLAIMS FOR MAR-26,01-Jul-2026
ASUBOA HEALTH CENTRE,ASANTE AKIM SOU,27531.41,PAYMENT OF CLAIMS FOR APR-26,01-Jul-2026
ASUBOE CHPS COMPOUND,TANO SOUTH,1629.09,PAYMENT OF CLAIMS FOR MAR. 2026,01-Jul-2026
ASUBOE CHPS COMPOUND,TANO SOUTH,1808.27,PAYMENT OF CLAIMS FOR APR-26,01-Jul-2026
ASUEYI CHPS COMPOUND,TECHIMAN,13373.75,PAYMENT OF CLAIMS FOR FEB-26,01-Jul-2026
ASUNSU HEALTH CENTRE,DORMAA,2746.10,PAYMENT OF CLAIMS FOR MAR-26,01-Jul-2026
ASUOFORI CHPS COMPOUND,WEST AKIM,1209.15,PAYMENT OF CLAIMS FOR APR. 2026,01-Jul-2026
ASUOKOR HEALTH CENTRE,JAMAN NORTH HIS,16982.71,PAYMENT OF CLAIMS FOR APR-26,01-Jul-2026
ASUOSO CHPS COMPOUND,BIRIM SOUTH,2762.75,PAYMENT OF CLAIM FOR APR-26,01-Jul-2026
ASUOSO CHPS COMPOUND,BIRIM SOUTH,2668.10,PAYMENT OF CLAIM FOR MAR-26,01-Jul-2026
ASUOSU CHPS (BAR),SENE,6351.68,PAYMENT OF CLAIMS FOR MAR-26,01-Jul-2026
ASUOTIANO HEALTH CENTRE,DORMAA,6551.20,PAYMENT OF CLAIMS FOR FEB-26,01-Jul-2026
ASUTSUARE JUNCTION CHPS,DANGME W,4281.93,PAYMENT OF CLAIMS FOR MAR-26,01-Jul-2026
ASUTSUARE JUNCTION CHPS,DANGME W,3983.45,PAYMENT OF CLAIMS FOR FEB-26,01-Jul-2026
ATAASE HEALTH CENTRE,ADANSI SOUTH,21629.55,PAYMENT OF CLAIMS FOR FEB-26,01-Jul-2026
ATAKORA CHPS CENTRE,AFRAM PLAINS,3138.45,PAYMENT OF CLAIMS FOR MAY-26,01-Jul-2026
ATAKORA CHPS CENTRE,AFRAM PLAINS,4161.32,PAYMENT OF CLAIMS FOR APR-26,01-Jul-2026
ATAMPIISI CHPS COMPOUND,BONGO,566.55,PAYMENT OF CLAIMS FOR FEB. 2026,01-Jul-2026
ATAMPINTIN CHPS,BONGO,2082.05,PAYMENT OF CLAIMS FOR FEB-26,01-Jul-2026
ATEIKU HEALTH CENTRE,MPOHOR WASS E,25612.00,PAYMENT OF CLAIMS FOR FEB-26,01-Jul-2026
ATEIKU HEALTH CENTRE,MPOHOR WASS E,48639.20,PAYMENT OF CLAIMS FOR JAN-26,01-Jul-2026
ATEIKU HEALTH CENTRE,MPOHOR WASS E,30125.01,PAYMENT OF CLAIMS FOR NOV-25,01-Jul-2026
ATEIKU HEALTH CENTRE,MPOHOR WASS E,37449.14,PAYMENT OF CLAIMS FOR OCT-25,01-Jul-2026
ATIANKAMA CHPS,BIRIM SOUTH,6147.90,PAYMENT OF CLAIMS FOR MAR-26,01-Jul-2026
ATIBIE NKWANTA CHPS,OKWAHUMAN W,393.51,PAYMENT OF CLAIMS FOR DEC-25,01-Jul-2026
ATIBIE NKWANTA CHPS,OKWAHUMAN W,480.18,PAYMENT OF CLAIMS FOR APR-26,01-Jul-2026
ATIDZIVE CHPS COMPOUND,AKATSI,1897.20,PAYMENT OF CLAIMS FOR FEB-26,01-Jul-2026
ATIKPUI HEALTH CENTRE,HO,4947.55,PAYMENT OF CLAIMS FOR MAR-26,01-Jul-2026
ATIMATIM HEALTH CENTRE,KWABRE,32872.07,PAYMENT OF CLAIMS FOR JAN-26,01-Jul-2026
ATIVE CHPS,KETU NORTH,1803.60,PAYMENT OF CLAIMS FOR MAR. 2026,01-Jul-2026
ATIVE CHPS,KETU NORTH,1310.55,ACCRUAL OF UNVETTED CLAIMS FOR DEC-25,01-Jul-2026
ATIVE CHPS,KETU NORTH,1084.41,PAYMENT OF CLAIMS FOR APR. 2026,01-Jul-2026
ATO-DAUDA CHPS COMPOUND,AOB,189.57,PAYMENT OF CLAIMS FOR MAR-26,01-Jul-2026
ATOBIASE CHPS COMPOUND,UPPER DENKYIRA,1388.06,PAYMENT OF CLAIMS FOR FEB-26,01-Jul-2026
ATOBIASE CLINIC (WESTERN),MPOHOR WASSA EA,25484.05,PAYMENT OF CLAIMS FOR DEC-25,01-Jul-2026
ATORBRISO CHPS,KWAEBIBIREM,950.29,PAYMENT OF CLAIMS FOR MAR. 2026,01-Jul-2026
ATRONIE HEALTH CENTRE,SUNYANI,31622.19,PAYMENT OF CLAIMS FOR APR-26,01-Jul-2026
ATSIENKPOE CHPS,NORTH TONGU,1319.53,PAYMENT OF CLAIMS FOR APR. 2026,01-Jul-2026
ATTA-KURA CHPS,KINTAMPO N,3255.94,PAYMENT OF CLAIM FOR APR-26,01-Jul-2026
ATUAKROM CHPS COMPOUND,BIA,402.20,PAYMENT OF CLAIMS FOR APR-26,01-Jul-2026
ATUNA CHPS COMPOUND,JAMAN S,12238.13,PAYMENT OF CLAIMS FOR MAR-26,01-Jul-2026
ATUNTUMIREM CHPS COMPOUND,BIRIM SOUTH,1444.91,PAYMENT OF CLAIMS FOR APR. 2026,01-Jul-2026
ATWEREBOANA CHPS COMPOUND,ADANSI NORTH,12171.40,PAYMENT OF CLAIMS FOR APR-26,01-Jul-2026
ATWEREBOANA CHPS COMPOUND,ADANSI NORTH,9663.65,PAYMENT OF CLAIMS FOR MAR-26,01-Jul-2026
ATWEREBOANDA CHPS COMPOUND,SHAMA,1894.96,PAYMENT OF CLAIMS FOR APR. 2026,01-Jul-2026
AVE-AFIADENYIGBA CHPS COMPOUND,AKATSI,7325.19,PAYMENT OF CLAIMS FOR FEB-26,01-Jul-2026
AVE-AFIADENYIGBA CHPS COMPOUND,AKATSI,8250.46,PAYMENT OF CLAIMS FOR MAR-26,01-Jul-2026
AVE-DAKPA HEALTH CENTRE,AKATSI,21835.32,PAYMENT OF CLAIMS FOR FEB-26,01-Jul-2026
AVE-DAKPA HEALTH CENTRE,AKATSI,24760.35,PAYMENT OF CLAIMS FOR JAN-26,01-Jul-2026
AVE-DAKPA HEALTH CENTRE,AKATSI,21118.43,PAYMENT OF CLAIMS FOR MAR-26,01-Jul-2026
AVEDOTOE CHPS,NORTH TONGU,2629.53,PAYMENT OF CLAIMS FOR MAR-26,01-Jul-2026
AVEDOTOE CHPS,NORTH TONGU,3405.95,PAYMENT OF CLAIM FOR APR-26,01-Jul-2026
AVEE CHPS COMPOUND,HO,270.72,PAYMENT OF CLAIMS FOR MAR-26,01-Jul-2026
AVEE CHPS COMPOUND,HO,578.60,PAYMENT OF CLAIMS FOR APR. 2026,01-Jul-2026
AVEGATO HEALTH CENTRE,KETU,12469.21,PAYMENT OF CLAIMS FOR JUN-25,01-Jul-2026
AVEGATO HEALTH CENTRE,KETU,17604.24,PAYMENT OF CLAIMS FOR MAR-26,01-Jul-2026
AVEME DANYIGBA HEALTH CENTRE,KPANDO,6540.26,PAYMENT OF CLAIMS FOR APRIL-26,01-Jul-2026
AVENORPEDO HEALTH CENTRE,AKATSI,16412.59,PAYMENT OF CLAIMS FOR MAR-26,01-Jul-2026
AVENUI CHPS COMPOUND,HO,1359.77,PAYMENT OF CLAIMS FOR APR-26,01-Jul-2026
AVENUI CHPS COMPOUND,HO,1120.07,PAYMENT OF CLAIMS FOR MAR. 2026,01-Jul-2026
AVETIKOPE CHPS COMPOUND,KPANDO,1091.90,PAYMENT OF CLAIMS FOR APR. 2026,01-Jul-2026
AVETIKOPE CHPS COMPOUND,KPANDO,1040.22,PAYMENT OF CLAIMS FOR MAR. 2026,01-Jul-2026
AVEVI CHPS COMPOUND,AKATSI,2924.93,PAYMENT OF CLAIM FOR APR-26,01-Jul-2026
AVOUKOPE CHPS COMPOUND,AFRAM PLAINS,2707.31,PAYMENT OF CLAIMS FOR APR-26,01-Jul-2026
AWARADONE CHPS COMPOUND,TALENSI NABDAM,2973.19,PAYMENT OF CLAIM FOR FEB-26,01-Jul-2026
AWATE HEALTH CENTRE,KPANDO,10870.02,PAYMENT OF CLAIMS FOR APR-26,01-Jul-2026
AWENADE CHPS,OKWAHUMAN WEST,923.65,PAYMENT OF CLAIMS FOR APR-26,01-Jul-2026
AWENARE HEALTH CENTRE,ATIWA DHIS,20871.92,PAYMENT OF CLAIMS FOR FEB-26,01-Jul-2026
AWORABO CHPS COMPOUND (ASSIN NORTH),ASSIN NORTH,2141.41,PAYMENT OF CLAIM FOR APR-26,01-Jul-2026
AWOROWA HEALTH CENTER,TECHIMAN,93298.61,PAYMENT OF CLAIMS FOR JAN-26,01-Jul-2026
AWOROWA HEALTH CENTER,TECHIMAN,100715.52,PAYMENT OF CLAIMS FOR MARCH-26,01-Jul-2026
AWOSOASE CHPS,ATIWA,8842.45,PAYMENT OF CLAIMS FOR APR-26,01-Jul-2026
AWUAKROM CHPS COMPOUND,AOWIN-SU,1002.95,PAYMENT OF CLAIMS FOR MAR-26,01-Jul-2026
AWUTU HEALTH CENTRE (AWUTU EFUTU SENYA),AWUTU-EFFUTU-SE,25335.27,PAYMENT OF CLAIMS FOR FEB-26,01-Jul-2026
AWUTU HEALTH CENTRE (AWUTU EFUTU SENYA),AWUTU-EFFUTU-SE,19284.54,PAYMENT OF CLAIMS FOR JAN-26,01-Jul-2026
AYAABENG CHPS,TWI HEM LO DEN,7075.64,PAYMENT OF CLAIMS FOR APR-26,01-Jul-2026
AYAABENG CHPS,TWI HEM LO DEN,6639.58,PAYMENT OF CLAIMS FOR FEB-26,01-Jul-2026
AYAKOMASO CHPS,SUAYANI WEST,479.60,PAYMENT OF CLAIMS FOR MAR-26,01-Jul-2026
AYAWASO CHPS (DENKYEMBOUR),DENKYEMBOUR,2480.65,PAYMENT OF CLAIMS FOR APR-26,01-Jul-2026
AYEASU/ATRENSU CHPS COMPOUND,TECHIMAN,23522.40,PAYMENT OF CLAIMS FOR FEB-26,01-Jul-2026
AYEDUASE COMMUNITY CLINIC,ASOKWA,6336.22,PAYMENT OF CLAIMS FOR FEB-26,01-Jul-2026
AYEKOKOOSO CHPS COMPOUND,SUHUM KRA C,4346.28,PAYMENT OF CLAIMS FOR APR-26,01-Jul-2026
AYEKOKOOSO CHPS COMPOUND,SUHUM KRA C,5301.09,PAYMENT OF CLAIMS FOR FEB-26,01-Jul-2026
AYELBIA CHPS COMPOUND,BONGO,739.61,PAYMENT OF CLAIMS FOR MAR-26,01-Jul-2026
AYELDU CHP ZONE,ABURA-ASEBU-K,5231.01,PAYMENT OF CLAIMS FOR MAR-26,01-Jul-2026
AYENSU CHPS,AMENFIMAN,1381.22,PAYMENT OF CLAIMS FOR APR. 2026,01-Jul-2026
AYETEPAH CHPS COMPOUND,DANGME WEST,1580.51,PAYMENT OF CLAIMS FOR APR. 2026,01-Jul-2026
AYIEM CHPS COMPOUND,MPOHOR WASS E,7449.13,PAYMENT OF CLAIMS FOR FEB.-26,01-Jul-2026
AYIKUMA CHPS COMPOUND,DANGME W,3217.93,PAYMENT OF CLAIM FOR APR-26,01-Jul-2026
AYIMAGONU CHPS,NORTH TONGU,436.19,PAYMENT OF CLAIMS FOR MAR-26,01-Jul-2026
AYIREBI HEALTH CENTER,BIRIM NORTH,31161.49,PAYMENT OF CLAIMS FOR APR-26,01-Jul-2026
AYIREBI HEALTH CENTER,BIRIM NORTH,28319.69,PAYMENT OF CLAIMS FOR MAR-26,01-Jul-2026
AYIREMU CHPS (KRACHI EAST),KRACHI EAST,1035.99,PAYMENT OF CLAIMS FOR MAR. 2026,01-Jul-2026
AYOPIA CHPS,BONGO,1324.22,PAYMENT OF CLAIMS FOR MAR-26,01-Jul-2026
AYORYA CHPS COMPOUND,KINTAMPO S,5377.06,PAYMENT OF CLAIMS FOR APRIL-26,01-Jul-2026
AZINZOKA CHPS COMPOUND,KASENA-NANKANA,2420.34,PAYMENT OF CLAIMS FOR APR-26,01-Jul-2026
AZUA CHPS COMPOUND,NKWANTA,2955.77,PAYMENT OF CLAIM FOR FEB-26,01-Jul-2026
Achowa CHPS Compound,AHANTAMAN,925.07,PAYMENT OF CLAIMS FOR FEB-26,01-Jul-2026
BAAKO CHPS COMPOUND,Asikuma Odoben,3789.00,PAYMENT OF CLAIM FOR APR-26,01-Jul-2026
BAANO HEALTH CENTRE,JAMAN S,17983.59,PAYMENT OF CLAIMS FOR APR-26,01-Jul-2026
BAAYA CHPS COMPOUND,PRU,4006.39,PAYMENT OF CLAIMS FOR JAN-26,01-Jul-2026
BABASO CHPS COMPOUND,EJURA SEKYEDUMA,1416.95,PAYMENT OF CLAIMS FOR MAR-26,01-Jul-2026
BABATOR CHPS COMPOUND,BOLE,1998.22,PAYMENT OF CLAIMS FOR APR. 2026,01-Jul-2026
BABATOR KUMA CHPS,KINTAMPO N,32326.19,PAYMENT OF CLAIMS FOR MAR-26,01-Jul-2026
BABIANIHA CHPS COMPOUND,UPPER DENKYIRA,1943.80,PAYMENT OF CLAIMS FOR JAN-26,01-Jul-2026
BABIANIHA CHPS COMPOUND,UPPER DENKYIRA,2287.12,PAYMENT OF CLAIMS FOR MAR-26,01-Jul-2026
BABIANIHA CHPS COMPOUND,UPPER DENKYIRA,959.75,PAYMENT OF CLAIMS FOR APR-26,01-Jul-2026
BABLIDOR CHPS COMPOUND,KINTAMPO NORTH,4624.77,PAYMENT OF CLAIMS FOR APR-26,01-Jul-2026
BADU HEALTH CENTER,TAIN DIST,52506.50,PAYMENT OF CLAIMS FOR MAR-26,01-Jul-2026
BADUKROM CHPS COMPOUND,WASSA-WEST,4095.28,PAYMENT OF CLAIMS FOR MAR-26,01-Jul-2026
BAIKA HEALTH CENTRE,JASIKAN,5658.63,PAYMENT OF CLAIMS FOR MAR-26,01-Jul-2026
BALUNGO-NAABIISI,BONGO,661.54,PAYMENT OF CLAIMS FOR FEB-26,01-Jul-2026
BALUNGO-NAABIISI,BONGO,1625.10,PAYMENT OF CLAIMS FOR MAR-26,01-Jul-2026
BAMAHU HEALTH CENTRE,WA MUN,16723.26,PAYMENT OF CLAIMS FOR APR-26,01-Jul-2026
BAMBOI HEALTH CENTRE,BOLE DMHIS,10110.31,PAYMENT OF CLAIMS FOR MAR-26,01-Jul-2026
BAMBOI HEALTH CENTRE,BOLE DMHIS,10847.53,PAYMENT OF CLAIMS FOR FEB-26,01-Jul-2026
BAMBOI POLYCLINIC,BOLE,144452.90,PAYMENT OF CLAIMS FOR FEB 2026,01-Jul-2026
BAMBOI POLYCLINIC,BOLE,152798.54,PAYMENT OF CLAIMS FOR MARCH-26,01-Jul-2026
BAMENASE CHPS,KWAEBIBIREM,5884.42,PAYMENT OF CLAIMS FOR MAR-26,01-Jul-2026
BAMENASE CHPS,KWAEBIBIREM,5898.43,PAYMENT OF CLAIMS FOR MAR-26,01-Jul-2026
BAMIANKOR HEALTH CENTRE,NZEMA EAST,14363.14,PAYMENT OF CLAIMS FOR APR-26,01-Jul-2026
BAMIRI CHPS,TECHIMAN MUNICI,25052.08,ACCRUAL OF UNVETTED CLAIMS FOR NOV-25,01-Jul-2026
BAMIRI CHPS COMPOUND,TECHIMAN,22181.84,PAYMENT OF CLAIMS FOR MAR-26,01-Jul-2026
"BANDA AHENKRO HEALTH CENTRE,",TAIN DIST,32546.87,PAYMENT OF CLAIMS FOR FEB-26,01-Jul-2026
"BANDA AHENKRO HEALTH CENTRE,",TAIN DIST,42333.30,PAYMENT OF CLAIMS FOR APR-26,01-Jul-2026
BANDA HEALTH CENTRE (KRACHI WEST),KRACHI WEST,12578.81,PAYMENT OF CLAIMS FOR MAR-26,01-Jul-2026
BANDA NKWANTA CHPS,BOLE,8643.37,PAYMENT OF CLAIMS FOR APR-26,01-Jul-2026
BANDO HAN MEDICAL CENTRE,KOM-ED-EGUA-ABI,7341.84,PAYMENT OF CLAIMS FOR APR-26,01-Jul-2026
BANDO HAN MEDICAL CENTRE,KOM-ED-EGUA-ABI,6799.53,PAYMENT OF CLAIMS FOR MAR-26,01-Jul-2026
BANIANTWE CHPS,KINTAMPO N,1678.92,PAYMENT OF CLAIMS FOR APR. 2026,01-Jul-2026
BANKAMBA CHPS,EAST GONJA,9660.26,PAYMENT OF CLAIMS FOR FEB.-26,01-Jul-2026
BANKO HEALTH CENTRE,SEKYERE E_EFF,5848.13,PAYMENT OF CLAIMS FOR JAN.-26,01-Jul-2026
BANKYIM CHPS COMPOUND,WASSA-WEST,1416.53,PAYMENT OF CLAIMS FOR APR. 2026,01-Jul-2026
BANSO CHPS COMPOUND(ASHANTI),ASANTE AKIM SOU,4529.68,PAYMENT OF CLAIMS FOR APR-26,01-Jul-2026
BANSO CHPS.,ATIWA,4674.85,PAYMENT OF CLAIMS FOR FEB-26,01-Jul-2026
BANTAMA CHPS COMPOUND,SENE,4230.82,PAYMENT OF CLAIMS FOR MAR-26,01-Jul-2026
BANU CHPS,SISSALA E,2387.76,PAYMENT OF CLAIMS FOR APR-26,01-Jul-2026
BANU CHPS,SISSALA E,6132.56,PAYMENT OF CLAIMS FOR FEB-26,01-Jul-2026
BANWON CHPS,JIRAPA-LAMB,2680.97,PAYMENT OF CLAIMS FOR APR-26,01-Jul-2026
BAREKESE HEALTH CENTRE,ATWIMA NWAB,12147.47,PAYMENT OF CLAIMS FOR FEB-26,01-Jul-2026
BARIBARI CHPS,BAWKU MUNICIPAL,7121.87,PAYMENT OF CLAIMS FOR SEP-25,01-Jul-2026
BASAKOPE CHPS,SOUTH TONGU,1075.99,ACCRUAL OF UNVETTED CLAIMS FOR DEC-25,01-Jul-2026
BASAKOPE CHPS,SOUTH TONGU,933.26,PAYMENT OF CLAIMS FOR APR. 2026,01-Jul-2026
BASAKOPE CHPS,SOUTH TONGU,667.08,PAYMENT OF CLAIMS FOR MAR. 2026,01-Jul-2026
BASSENGELE HEALTH CENTRE,BIBIANI-AN BE,1563.36,PAYMENT OF CLAIMS FOR MAR-26,01-Jul-2026
BASYONDE HEALTH CENTRE,GARU,47611.55,PAYMENT OF CLAIMS FOR MAR-26,01-Jul-2026
BATABI CHPS COMPOUND,BIRIM SOUTH,1086.35,PAYMENT OF CLAIMS FOR APR. 2026,01-Jul-2026
BATABI CHPS COMPOUND,BIRIM SOUTH,1204.21,PAYMENT OF CLAIMS FOR MAY-26,01-Jul-2026
BATIU CHPS COMPOUND,KASSENA NANKANA,871.68,ACCRUAL OF UNVETTED MEDICINES CLAIM FOR NOV-25,01-Jul-2026
BATTOR CHPS COMPOUND,MANYA KROBO,1040.65,PAYMENT OF CLAIMS FOR APR-26,01-Jul-2026
BAWARE CHPS,AKUAPEM NORTH,6502.13,PAYMENT OF CLAIMS FOR MAY-26,01-Jul-2026
BAWARE CHPS,AKUAPEM NORTH,6286.24,PAYMENT OF CLAIMS FOR APRIL-26,01-Jul-2026
BAWDIE CHPS ZONE,WASSA AMENFI E,24710.04,PAYMENT OF CLAIMS FOR APR-26,01-Jul-2026
BAWJIASE POLYCLINIC (BAWJIASE HEALTH CENTRE),AWUTU-EFF-SEN,208133.53,PAYMENT OF CLAIMS FOR DEC-25,01-Jul-2026
BAZUA HEALTH CENTRE,BAWKU MUNICIPAL,29857.74,PAYMENT OF CLAIMS FOR SEP-25,01-Jul-2026
BEBU AHYIAEM METHODIST CLINIC,BOSOMTWE-ATWIMA,6265.68,PAYMENT OF CLAIMS FOR MAR-26,01-Jul-2026
BEBU AHYIAEM METHODIST CLINIC,BOSOMTWE-ATWIMA,5328.07,PAYMENT OF CLAIMS FOR APR-26,01-Jul-2026
BEBU AHYIAEM METHODIST CLINIC,BOSOMTWE-ATWIMA,4461.87,PAYMENT OF CLAIMS FOR FEB-26,01-Jul-2026
BECHEM GOVERNMENT HOSPITAL,TANO S,242372.95,PAYMENT OF CLAIMS FOR FEB-26,01-Jul-2026
BEDUM COMMUNITY CHPS (AOB),ASIKUMA ODOBEN,10348.34,PAYMENT OF CLAIMS FOR APR-26,01-Jul-2026
BEDUM COMMUNITY CHPS (AOB),ASIKUMA ODOBEN,10185.53,PAYMENT OF CLAIMS FOR JAN-26,01-Jul-2026
BEENU-YIE CHPS COMPOUND,MPOHOR WASSA EA,3282.25,PAYMENT OF CLAIMS FOR DEC-25,01-Jul-2026
BEGORO CHPS COMPOUND,FANTEAKWA,460.10,PAYMENT OF CLAIMS FOR FEB-26,01-Jul-2026
BEHENASE CHPS,AKUAPEM NORTH,1064.06,CLAIMS PAYMENT FOR MAY 2025,01-Jul-2026
BEJAMSE HEALTH CENTRE (KRACHI WEST),KRACHI WEST,3489.74,PAYMENT OF CLAIMS FOR APR-26,01-Jul-2026
BEKWAI HEALTH CENTRE,BIBIANI-AN BE,37928.00,PAYMENT OF CLAIMS FOR FEB-26,01-Jul-2026
BEKWAI HEALTH CENTRE,BIBIANI-AN BE,44428.14,PAYMENT OF CLAIMS FOR JAN-26,01-Jul-2026
BEKYIITENG CHPS,LAWRA,334.23,PAYMENT OF CLAIMS FOR MAR-26,01-Jul-2026
BEME CHPS,KPANDO,2388.20,PAYMENT OF CLAIM FOR APR-26,01-Jul-2026
BENA-FIE CHPS,AMENFIMAN,1962.47,PAYMENT OF CLAIMS FOR APR-26,01-Jul-2026
BENGULA CHPS COMPOUND,PUSIGA,4521.21,PAYMENT OF CLAIMS FOR APR-26,01-Jul-2026
BENIM HEALTH CENTRE,SEKYERE WEST,5502.54,PAYMENT OF CLAIMS FOR FEB-26,01-Jul-2026
BENIM HEALTH CENTRE,SEKYERE WEST,4401.75,PAYMENT OF CLAIMS FOR JAN-26,01-Jul-2026
BENIN CHPS COMPOUND,ASIKUMA ODOBEN,1808.23,PAYMENT OF CLAIMS FOR MAR. 2026,01-Jul-2026
BENSO HEALTH CENTRE,WASSA-WEST,9131.24,PAYMENT OF CLAIMS FOR DEC-25,01-Jul-2026
BENSO HEALTH CENTRE,WASSA-WEST,12704.72,PAYMENT OF CLAIMS FOR AUG-25,01-Jul-2026
BENSO HEALTH CENTRE,WASSA-WEST,9137.97,PAYMENT OF CLAIMS FOR APR-25,01-Jul-2026
BENSO HEALTH CENTRE,WASSA-WEST,8840.68,PAYMENT OF CLAIMS FOR FEB-25,01-Jul-2026
BENSO HEALTH CENTRE,WASSA-WEST,9470.01,PAYMENT OF CLAIMS FOR OCT-25,01-Jul-2026
BENSO HEALTH CENTRE,WASSA-WEST,13909.65,PAYMENT OF CLAIMS FOR JUL-25,01-Jul-2026
BENSO HEALTH CENTRE,WASSA-WEST,15027.42,PAYMENT OF CLAIMS FOR MAY-25,01-Jul-2026
BENSO HEALTH CENTRE,WASSA-WEST,13475.09,PAYMENT OF CLAIMS FOR JUN-25,01-Jul-2026
BENSO HEALTH CENTRE,WASSA-WEST,10685.63,PAYMENT OF CLAIMS FOR APR-26,01-Jul-2026
BENSO HEALTH CENTRE,WASSA-WEST,15878.41,PAYMENT OF CLAIMS FOR MAR-26,01-Jul-2026
BENYADZE CHPS COMPOUND,KOM-ED-EGUA-ABI,2742.09,PAYMENT OF CLAIM FOR APR-26,01-Jul-2026
BEPOASE CHPS,FANTEAKWA,1922.48,PAYMENT OF CLAIMS FOR APR. 2026,01-Jul-2026
BEPOASE CHPS COMPOUND,BODI,701.80,PAYMENT OF CLAIMS FOR APR-26,01-Jul-2026
BEPONG HEALTH CENTRE,OKWAWUMAN S,5146.19,PAYMENT OF CLAIMS FOR FEB.-26,01-Jul-2026
BEPONG HEALTH CENTRE,OKWAWUMAN S,6860.38,PAYMENT OF CLAIMS FOR MAR-26,01-Jul-2026
BEPONG HEALTH CENTRE,OKWAWUMAN S,6198.77,PAYMENT OF CLAIMS FOR JAN-26,01-Jul-2026
BEPONG HEALTH CENTRE,OKWAWUMAN S,10218.89,PAYMENT OF CLAIMS FOR APR-26,01-Jul-2026
BEPOSO CHIPS COMPOUND (BIRIM SOUTH),BIRIM SOUTH,420.72,PAYMENT OF CLAIMS FOR MAR-26,01-Jul-2026
BEPOSO CHPS COMPOUND (BAR),ASUNAFO SOUTH,5692.08,PAYMENT OF CLAIMS FOR MAR-26,01-Jul-2026
BEPOSO HEALTH CENTRE,SEKYERE WEST,42048.53,PAYMENT OF CLAIMS FOR MAR-26,01-Jul-2026
BEPOSO HEALTH CENTRE,SEKYERE WEST,41085.15,PAYMENT OF CLAIMS FOR FEB-26,01-Jul-2026
BEPOSO HEALTH CENTRE,SEKYERE WEST,49963.23,PAYMENT OF CLAIMS FOR APR-26,01-Jul-2026
BEREKU HEALTH CENTRE,ASSIN NORTH,21161.18,PAYMENT OF CLAIMS FOR FEB-26,01-Jul-2026
BEREKUM CHPS,AMENFIMAN,669.23,PAYMENT OF CLAIMS FOR APR. 2026,01-Jul-2026
BESEASE CHPS,OKWAWUMAN S,1650.23,PAYMENT OF CLAIMS FOR APR-26,01-Jul-2026
BESEASE CHPS COMPOUND (K.E.E.A),K.E.E.A,1203.36,PAYMENT OF CLAIMS FOR APR. 2026,01-Jul-2026
BESEASE CHPS COMPOUND (K.E.E.A),K.E.E.A,1445.42,PAYMENT OF CLAIMS FOR MAR. 2026,01-Jul-2026
BESEASE CHPS COMPOUND (K.E.E.A),K.E.E.A,1721.25,PAYMENT OF CLAIMS FOR FEB. 2026,01-Jul-2026
"BESEASE CHPS COMPOUND, UDW",UPPER DENKYIRA,906.33,PAYMENT OF CLAIMS FOR FEB-26,01-Jul-2026
BESEASE(BODI) CHPS COMPOUND,BODI,2881.40,PAYMENT OF CLAIM FOR MAR-26,01-Jul-2026
BETCO CLINIC,BEREKUM,451.75,PAYMENT OF CLAIMS FOR APR-26,01-Jul-2026
BETHEL DODO CHPS COMPOUND,KADJEBI,26.47,PAYMENT OF CLAIMS FOR JAN-25,01-Jul-2026
BETHEL DODO CHPS COMPOUND,KADJEBI,124.07,PAYMENT OF CLAIMS FOR JAN-24,01-Jul-2026
BETHEL DODO CHPS COMPOUND,KADJEBI,140.50,PAYMENT OF CLAIMS FOR JAN-26,01-Jul-2026
BETHLEHEM CHPS,UPPER DENKYIRA,219.55,PAYMENT OF CLAIMS FOR FEB-26,01-Jul-2026
BIASO CHPS COMPOUND,ASUTIFI,5298.77,PAYMENT OF CLAIMS FOR MAR-26,01-Jul-2026
BIBIANI GOVT HOSPITAL,BIBIANI-ANHWIAS,382878.20,PAYMENT OF CLAIMS FOR FEB 26,01-Jul-2026
BIBIANI GOVT HOSPITAL,BIBIANI-ANHWIAS,335932.64,PAYMENT OF CLAIMS FOR JAN-26,01-Jul-2026
BILINSA-APOTIBA HEALTH CENTRE,BUILSA DMHIS,11761.53,PAYMENT OF CLAIMS FOR APR-26,01-Jul-2026
BILLAW HEALTH CENTRE,JIRAPA-LAMB,6777.85,PAYMENT OF CLAIMS FOR MAR-26,01-Jul-2026
BILPEILA HEALTH CENTRE,TAMALE,12720.37,PAYMENT OF CLAIMS FOR APR-26,01-Jul-2026
BIMBILLA DISTRICT HOSPITAL,BIMBILLA,172010.25,PAYMENT OF CLAIMS FOR JAN-26,01-Jul-2026
BIMPONG EGYA POLYCLINIC,TWIFU HEMANG LO,4143.08,PAYMENT OF CLAIMS FOR APR-26,01-Jul-2026
BINCHERATANGA HEALTH CENTRE,NANUMBA NORTH,11022.42,PAYMENT OF CLAIMS FOR MAR-26,01-Jul-2026
BINDE HOSPITAL,BUNKPURUGU-YUNY,129456.55,PAYMENT OF CLAIMS FOR FEB 2026,01-Jul-2026
BIREM HEALTH CENTRE,SEKYERE WEST,12611.62,PAYMENT OF CLAIMS FOR FEB-26,01-Jul-2026
BIRINGU CHPS,BAWKU WEST,6831.40,CLAIMS PAYMENT FOR MAY-25,01-Jul-2026
BIRINGU CHPS,BAWKU WEST,5489.46,CLAIMS PAYMENT FOR JUNE-25,01-Jul-2026
BIRINGU CHPS,BAWKU WEST,12143.44,CLAIMS PAYMENT FOR AUG-25,01-Jul-2026
BIRINGU CHPS,BAWKU WEST,6024.70,CLAIMS PAYMENT FOR DEC-25,01-Jul-2026
BIRINGU CHPS,BAWKU WEST,9830.22,CLAIMS PAYMENT FOR JUL-25,01-Jul-2026
BISA CHPS COMPOUND,MANYA KROBO,1700.72,PAYMENT OF CLAIMS FOR APR-26,01-Jul-2026
3 MEDICAL RECEPTION STATION,SUNYANI,19451.27,PAYMENT OF CLAIMS FOR MAR-25,01-Jul-2026
3 MEDICAL RECEPTION STATION,SUNYANI,14293.86,PAYMENT OF CLAIMS FOR FEB-26,01-Jul-2026
3 MEDICAL RECEPTION STATION,SUNYANI,14083.60,PAYMENT OF CLAIMS FOR MAR-26,01-Jul-2026
3 MEDICAL RECEPTION STATION,SUNYANI,13994.81,PAYMENT OF CLAIMS FOR APR-26,01-Jul-2026
3 MEDICAL RECEPTION STATION,SUNYANI,25819.39,PAYMENT OF CLAIMS FOR OCT-25,01-Jul-2026
KIBI GOVERNMENT HOSPITAL,EAST AKIM DMHIS,237350.02,PAYMENT OF CLAIMS FOR DEC 25,01-Jul-2026
TAKORADI HOSPITAL,TAKORADI,280000.00,PAYMENT OF CLAIMS FOR JAN-26,01-Jul-2026
TAMALE TECHNICAL UNIVERSITY HOSPITAL,SAGNARIGU,8730.54,PAYMENT OF CLAIMS FOR FEB-25,01-Jul-2026
COMBONI HOSPITAL SOGAKOPE,SOUTH TONGU,278045.90,PAYMENT OF CLAIMS FOR FEB-26,01-Jul-2026
HAWA MEMORIAL SAVIOUR HOSPITAL,EAST AKIM,359242.40,PAYMENT OF CLAIMS FOR FEB 26,01-Jul-2026
TAKORADI HOSPITAL,TAKORADI,237120.56,PAYMENT OF CLAIMS FOR FEB-26,01-Jul-2026
TAKORADI HOSPITAL,TAKORADI,146444.46,PAYMENT OF CLAIMS FOR MAR-26,01-Jul-2026
BOATELEGU CHPS,BUNKPURUGU YUNY,202.44,PAYMENT OF CLAIMS FOR APR. 2026,01-Jul-2026
TARIVAGO CHPS,GARU,77.32,PAYMENT OF CLAIMS FOR APR-26,01-Jul-2026
ASEMPANAYE CHPS COMPOUND (AOB),ASIKUMA ODOBEN,28.99,PAYMENT OF CLAIMS FOR APR-26,01-Jul-2026
KIBI GOVERNMENT HOSPITAL,EAST AKIM DMHIS,167574.31,PAYMENT OF CLAIMS FOR NOV 25,01-Jul-2026
MENSAKROM HEALTH CENTRE,AGONA,4444.64,PAYMENT OF CLAIMS FOR DEC-25,01-Jul-2026
EKABAKU HEALTH CENTR,JOMORO MHIS,760.27,PAYMENT OF CLAIMS FOR DEC-25,01-Jul-2026
ODA GOVERNMENT HOSPITAL,BIRIM SOUTH,451484.43,PAYMENT OF CLAIMS FOR DEC-25,01-Jul-2026
MATHIAS CATHOLIC HOSPITAL (YEJI),PRU,426079.80,PAYMENT OF CLAIMS FOR DEC-25,01-Jul-2026
TAMALE CENTRAL HOSPITAL,TAMALE,154373.74,PAYEMENT OF CLAIMS FOR NOV-25,01-Jul-2026
ABAKOASE CHPS,ATIWA,7268.78,PAYMENT OF CLAIMS FOR FEB-26,01-Jul-2026
ABONO CHPS COMPOUND,BOSOMTWE-ATWIM,4994.13,PAYMENT OF CLAIMS FOR JAN-26,01-Jul-2026
ADADEKOFI CHPS COMPOUND,TLD,301.65,PAYMENT OF CLAIMS FOR FEB-26,01-Jul-2026
ADANSI COMMUNITY CLINIC,MPOHOR WASS E,3655.94,PAYMENT OF CLAIMS FOR FEB-26,01-Jul-2026
ADENSU CHPS COMPOUND,MANYA KROBO,463.84,PAYMENT OF CLAIMS FOR FEB-26,01-Jul-2026
ADUKROM CHPS COMPOUND,AHAFO ANO S,2584.85,PAYMENT OF CLAIM FOR APR-26,01-Jul-2026
ADUKROM CHPS COMPOUND,AHAFO ANO S,3871.53,PAYMENT OF CLAIMS FOR JAN-26,01-Jul-2026
AFIENYA CHPS COMPOUND,DAGME WEST,748.37,PAYMENT OF CLAIMS FOR FEB-26,01-Jul-2026
AGBOZUME HEALTH CENTRE,KETU,18132.12,PAYMENT OF CLAIMS FOR JAN-26,01-Jul-2026
AGORTIME CHPS COMPOUND,AFRAM PLAINS,1717.58,PAYMENT OF CLAIMS FOR FEB-26,01-Jul-2026
AGUUSI CHPS COMPOUND,BOLGA,2131.85,PAYMENT OF CLAIMS FOR DEC. 25,01-Jul-2026
KOFIEKROM CHPS,AMENFIMAN,94.99,PAYMENT OF CLAIMS FOR AUG-23,01-Jul-2026
TARIVAGO CHPS,GARU,77.32,PAYMENT OF CLAIMS FOR APR-26,01-Jul-2026
ASEMPANAYE CHPS COMPOUND (AOB),ASIKUMA ODOBEN,28.99,PAYMENT OF CLAIMS FOR APR-26,01-Jul-2026
KIBI GOVERNMENT HOSPITAL,EAST AKIM DMHIS,167574.31,PAYMENT OF CLAIMS FOR NOV 25,01-Jul-2026
MENSAKROM HEALTH CENTRE,AGONA,4444.64,PAYMENT OF CLAIMS FOR DEC-25,01-Jul-2026
EKABAKU HEALTH CENTR,JOMORO MHIS,760.27,PAYMENT OF CLAIMS FOR DEC-25,01-Jul-2026
ODA GOVERNMENT HOSPITAL,BIRIM SOUTH,451484.43,PAYMENT OF CLAIMS FOR DEC-25,01-Jul-2026
MATHIAS CATHOLIC HOSPITAL (YEJI),PRU,426079.80,PAYMENT OF CLAIMS FOR DEC-25,01-Jul-2026
TAMALE CENTRAL HOSPITAL,TAMALE,154373.74,PAYEMENT OF CLAIMS FOR NOV-25,01-Jul-2026
ABAKOASE CHPS,ATIWA,7268.78,PAYMENT OF CLAIMS FOR FEB-26,01-Jul-2026
ABONO CHPS COMPOUND,BOSOMTWE-ATWIM,4994.13,PAYMENT OF CLAIMS FOR JAN-26,01-Jul-2026
ADADEKOFI CHPS COMPOUND,TLD,301.65,PAYMENT OF CLAIMS FOR FEB-26,01-Jul-2026
ADANSI COMMUNITY CLINIC,MPOHOR WASS E,3655.94,PAYMENT OF CLAIMS FOR FEB-26,01-Jul-2026
ADENSU CHPS COMPOUND,MANYA KROBO,463.84,PAYMENT OF CLAIMS FOR FEB-26,01-Jul-2026
ADUKROM CHPS COMPOUND,AHAFO ANO S,2584.85,PAYMENT OF CLAIM FOR APR-26,01-Jul-2026
ADUKROM CHPS COMPOUND,AHAFO ANO S,3871.53,PAYMENT OF CLAIMS FOR JAN-26,01-Jul-2026
AFIENYA CHPS COMPOUND,DAGME WEST,748.37,PAYMENT OF CLAIMS FOR FEB-26,01-Jul-2026
AGBOZUME HEALTH CENTRE,KETU,18132.12,PAYMENT OF CLAIMS FOR JAN-26,01-Jul-2026
AGORTIME CHPS COMPOUND,AFRAM PLAINS,1717.58,PAYMENT OF CLAIMS FOR FEB-26,01-Jul-2026
AGUUSI CHPS COMPOUND,BOLGA,2131.85,PAYMENT OF CLAIMS FOR DEC. 25,01-Jul-2026
KOFIEKROM CHPS,AMENFIMAN,94.99,PAYMENT OF CLAIMS FOR AUG-23,01-Jul-2026
KOMFO ANOKYE POLYCLINIC,ASHANTI REGION,158176.70,PAYMENT OF CLAIMS FOR SEP 2025,01-Jul-2026
AHYIRESU CHPS COMPOUND,ATWIMA MPONOA,5823.30,PAYMENT OF CLAIMS FOR JAN-26,01-Jul-2026
AJUMAKO KWANYAKO COMMUNITY CLINIC,AJUMAKO ENYAN,4331.12,PAYMENT OF CLAIMS FOR FEB-26,01-Jul-2026
AKROPONG CHPS(NKORANZA S),NKORANZA,4823.31,PAYMENT OF CLAIMS FOR JAN-26,01-Jul-2026
AKUTUASE CLINIC,MPOHOR WASSA EA,7568.47,PAYMENT OF CLAIMS FOR FEB-26,01-Jul-2026
AKWANHYIAMU CHPS COMPOUND,ASSIN NORTH,1749.00,PAYMENT OF CLAIMS FOR FEB-26,01-Jul-2026
ALAVANYO DZOGBEDZE CHPS,HOHOE,2733.03,PAYMENT OF CLAIMS FOR FEB-26,01-Jul-2026
AMADU-NKWANTA CHPS COMPOUND,BIA,956.53,PAYMENT OF CLAIMS FOR JAN-26,01-Jul-2026
AMOAFO CHPS,UPPER DENKYIRA,1409.99,PAYMENT OF CLAIMS FOR JAN-26,01-Jul-2026
AMPONSAKROM CHPS COMPOUND,WENCHI,4192.69,PAYMENT OF CLAIMS FOR JAN-26,01-Jul-2026
MARFO HEALTH CENTRE/CHPS,SUHUM KRABOA CO,13753.82,PAYMENT OF CLAIMS FOR MAR-26,01-Jul-2026
MARGRET MARQUART CATHOLIC HOSPITAL,KPANDO,374322.28,PAYMENT OF CLAIMS FOR JAN-26,01-Jul-2026
MARKET SQUARE MEDICAL CENTRE,OKWAHUMAN WEST,16039.26,PAYMENT OF CLAIMS FOR MAR-26,01-Jul-2026
"MARTYRS OF UGANDA HEALTH CENTRE, SIRIGU",KASENA-NANKANA,107228.64,PAYMENT OF CLAIMS FOR JAN-25,01-Jul-2026
MARY JACKSON METHODIST CLINIC,TANO NORTH HIS,2264.29,PAYMENT OF CLAIMS FOR APR-26,01-Jul-2026
MASAKA CHPS COMPOUND,EAST GONJA,1570.56,PAYMENT OF CLAIMS FOR APR. 2026,01-Jul-2026
MASAKA CHPS COMPOUND,EAST GONJA,3401.54,PAYMENT OF CLAIMS FOR JAN-26,01-Jul-2026
MASAKA CHPS COMPOUND,EAST GONJA,1713.14,PAYMENT OF CLAIMS FOR MAY-26,01-Jul-2026
MATAMALLAM CHPS COMPOUND,KRACHI WEST,3101.35,PAYMENT OF CLAIM FOR FEB-26,01-Jul-2026
MATAMANU CHPS (KRACHI EAST),KRACHI EAST,489.40,PAYMENT OF CLAIMS FOR JAN-26,01-Jul-2026
MATER ECCLESSIAE HOSPITAL,HO,101255.76,PAYMENT OF CLAIMS FOR JAN-26,01-Jul-2026
MATER ECCLESSIAE HOSPITAL,HO,92886.23,PAYMENT OF CLAIMS FOR FEB-26,01-Jul-2026
MATERNAL AND CHILD HEALTH HOSPITAL,GHANA,415984.86,PAYMENT OF CLAIMS FOR JAN-26,01-Jul-2026
MATESO CHPS COMPOUND,TECHIMAN,4157.81,PAYMENT OF CLAIMS FOR MAR-26,01-Jul-2026
MATSE HEALTH CENTRE,HO,6869.51,PAYMENT OF CLAIMS FOR APRIL-26,01-Jul-2026
MAYERA CHPS (JAMAN NORTH),JAMAN NORTH HIS,27882.32,PAYMENT OF CLAIMS FOR MAR-26,01-Jul-2026
MAYERA FAASE HEALTH CENTRE,GA,15977.04,PAYMENT OF CLAIMS FOR APR-26,01-Jul-2026
MEDICAL VILLAGE HEALTH CENTRE,NEW JUABEN,8168.66,PAYMENT OF CLAIMS FOR JAN.-26,01-Jul-2026
MENSAHKROM CHPS,ASUNAFO NORTH,2250.22,PAYMENT OF CLAIMS FOR APR-26,01-Jul-2026
MEPE CHPS COMPOUND,NORTH TONGU,12187.06,PAYMENT OF CLAIMS FOR APR-26,01-Jul-2026
MEPOM HEALTH CENTRE,WEST AKIM,14753.84,PAYMENT OF CLAIMS FOR FEB-26,01-Jul-2026
MERAKROM CHPS COMPOUND,AMENFIMAN,379.76,PAYMENT OF CLAIMS FOR APR-26,01-Jul-2026
MERCY WOMEN'S CATHOLIC HOSPITAL,MFANTSIMAN,344353.53,PAYMENT OF CLAIMS FOR JAN-26,01-Jul-2026
MERETWESO CHPS COMPOUND,UPPER DENKYIRA,3461.40,PAYMENT OF CLAIM FOR APR-26,01-Jul-2026
MESIDAN CHPS,TECHIMAN,14250.23,PAYMENT OF CLAIMS FOR FEB-26,01-Jul-2026
METHODIST CLINIC (ABURASO),BOSOMTWE-A_K,128128.54,PAYMENT OF CLAIMS FOR FEB 2026,01-Jul-2026
METHODIST CLINIC (BRODEKWANO),BOSOMTWE-A_K,3833.81,PAYMENT OF CLAIMS FOR MAR-26,01-Jul-2026
"METHODIST CLINIC, YAWSAE",SUNYANI MUNICIP,3693.63,PAYMENT OF CLAIM FOR APR-26,01-Jul-2026
"METHODIST CLINIC, YAWSAE",SUNYANI MUNICIP,3064.69,PAYMENT OF CLAIM FOR MAR-26,01-Jul-2026
METHODIST CLINIC-APAGYA KWABRE,KWABRE,67605.41,PAYMENT OF CLAIMS FOR FEB 2026,01-Jul-2026
"METHODIST MEDICAL CENTRE, KWAKU ANYA",DORMAA,10067.25,PAYMENT OF CLAIMS FOR MAR-26,01-Jul-2026
"METHODIST MEDICAL CENTRE, KWAKU ANYA",DORMAA,9510.26,PAYMENT OF CLAIMS FOR MAR-26,01-Jul-2026
"METHODIST MEDICAL CENTRE, NTAFREWASO",TWIFO HEMAN LOW,42517.60,PAYMENT OF CLAIMS FOR MAR-26,01-Jul-2026
"METHODIST MEDICAL CENTRE, NTAFREWASO",TWIFO HEMAN LOW,39740.89,PAYMENT OF CLAIMS FOR JAN-26,01-Jul-2026
"METHODIST MEDICAL CENTRE, NTAFREWASO",TWIFO HEMAN LOW,33775.21,PAYMENT OF CLAIMS FOR AUG-25,01-Jul-2026
"METHODIST MEDICAL CENTRE, NTAFREWASO",TWIFO HEMAN LOW,40121.78,PAYMENT OF CLAIMS FOR OCT-25,01-Jul-2026
"METHODIST MEDICAL CENTRE, TAKORADI",TAKORADI MHIS,45220.83,PAYMENT OF CLAIMS FOR JAN. 26,01-Jul-2026
"METHODIST MEDICAL CENTRE, TAKORADI",TAKORADI MHIS,36153.08,PAYMENT OF CLAIMS FOR SEP. 25,01-Jul-2026
METRO HEALTH CLINIC,SEKONDI SM,15316.22,PAYMENT OF CLAIMS FOR JAN-25,01-Jul-2026
METTEU CHPS COMPOUND,WA WEST,1726.24,PAYMENT OF CLAIMS FOR MAR-26,01-Jul-2026
METTEU CHPS COMPOUND,WA WEST,745.95,PAYMENT OF CLAIMS FOR FEB. 2026,01-Jul-2026
MFRANTA CHPS,SUHUM KRA C,4009.42,PAYMENT OF CLAIMS FOR MAR-26,01-Jul-2026
MFUOM CHPS COMPOUND,TWI HEM LO DEN,1619.03,PAYMENT OF CLAIMS FOR APR. 2026,01-Jul-2026
MIAWANI CHPS,KINTAMPO N,3879.16,PAYMENT OF CLAIMS FOR APR-26,01-Jul-2026
MILE 14 HEALTH CENTRE,AMANSIE CENTRAL,26348.48,PAYMENT OF CLAIMS FOR FEB-26,01-Jul-2026
MIM POLYCLINIC,MIM,112856.02,PAYMENT OF CLAIMS FOR FEB 2026,01-Jul-2026
MIMIMA CHPS COMPOUND,WEST MAMPRUSI D,2347.14,PAYMENT OF CLAIMS FOR APR-26,01-Jul-2026
MMEREWA CHPS COMPOUND,BIBIANI-AN BE,4793.06,PAYMENT OF CLAIMS FOR MAR-26,01-Jul-2026
MMRADAN CHPS COMPOUND,AFRAM PLAINS,1345.62,PAYMENT OF CLAIMS FOR MAY-26,01-Jul-2026
MOBOLE CHPS,DANGME WEST,2329.75,PAYMENT OF CLAIMS FOR MAR-26,01-Jul-2026
MOFFRAM CHPS,BIRIM SOUTH,1248.90,PAYMENT OF CLAIMS FOR APR. 2026,01-Jul-2026
MOFFRAM CHPS,BIRIM SOUTH,3030.88,PAYMENT OF CLAIMS FOR MAY-26,01-Jul-2026
MOGNORI HEALTH CENTRE,BAWKU MUNICIPAL,18995.34,PAYMENT OF CLAIMS FOR FEB-26,01-Jul-2026
MONKRA CHPS COMPOUND,KRACHI WEST,1099.98,PAYMENT OF CLAIMS FOR JAN. 2026,01-Jul-2026
MONKULA CHPS,KARAGA,2900.59,PAYMENT OF CLAIMS FOR APR-26,01-Jul-2026
MONTANA CHPS,BUNGRUGU,795.36,PAYMENT OF CLAIMS FOR APR. 2026,01-Jul-2026
MORSO HEALTH CENTRE,ASANTE AKIM SOU,9039.28,PAYMENT OF CLAIMS FOR JAN-26,01-Jul-2026
MOSEASO CHPS COMPOUND,WASSA AMENFI EA,850.72,PAYMENT OF CLAIMS FOR APR. 2026,01-Jul-2026
MOSEASO CHPS(ATIWA),ATIWA DHIS,1686.06,PAYMENT OF CLAIMS FOR APR. 2026,01-Jul-2026
MOSHI ZONGO HEALTH CENTRE,TAMALE,5845.92,PAYMENT OF CLAIMS FOR FEB-26,01-Jul-2026
MOSHIE ZONGO HEALTH CENTRE,MANHYIA,14311.71,PAYMENT OF CLAIMS FOR JAN-26,01-Jul-2026
"MOTHER AND CHILD HOSPITAL, KASOA",AWUTU,393908.34,PAYMENT OF CLAIMS FOR FEB- 26,01-Jul-2026
"MOTHER AND CHILD HOSPITAL, KASOA",AWUTU,483475.40,PAYMENT OF CLAIMS FOR JAN-26,01-Jul-2026
"MOTHER OF GOD HEALTH CENTRE ESAASE,",AMANSIE WEST,7593.99,PAYMENT OF CLAIMS FOR APR-26,01-Jul-2026
MOTIGU CHPS,WA EAST,308.42,PAYMENT OF CLAIMS FOR APR-26,01-Jul-2026
MOYIRI CHPS COMPOUND,NADOWLI MHIS,2324.02,PAYMENT OF CLAIMS FOR APR-26,01-Jul-2026
MOZIO CHPS,BUNKPURUGU-YUNY,3673.27,PAYMENT OF CLAIMS FOR APR-26,01-Jul-2026
MOZIO CHPS,BUNKPURUGU-YUNY,3169.28,PAYMENT OF CLAIMS FOR MAR-26,01-Jul-2026
MPAHA HEALTH CENTRE,CENT GONJA,22695.52,PAYMENT OF CLAIMS FOR APR-26,01-Jul-2026
MPASASO DOTIEM CHPS COMPOUND,AHAFO ANO S,6275.40,PAYMENT OF CLAIMS FOR FEB-26,01-Jul-2026
MPATUOM CHPS COMPOUND,MPATUOM CHPS CO,8376.78,PAYMENT OF CLAIMS FOR APR-26,01-Jul-2026
MPEASEM CHPS ZONE,OGUAAMANSIN,1495.18,PAYMENT OF CLAIMS FOR APR-26,01-Jul-2026
MPINTIMPI CHPS,BIRIM NORTH,801.85,PAYMENT OF CLAIMS FOR APR. 2026,01-Jul-2026
MPRANEASE CHPS COMPOUND,AMANSIE WEST,1657.48,PAYMENT OF CLAIMS FOR MAR-26,01-Jul-2026
MPRIM CHPS COMPOUND,SEKYERE WEST,798.07,PAYMENT OF CLAIMS FOR MAR-26,01-Jul-2026
MPRUMEM CHPS COMPOUND,GOMOAMAN,1013.47,PAYMENT OF CLAIMS FOR APR-26,01-Jul-2026
MUKYIA CHPS ZONE,BIRIM NORTH DMH,5773.68,PAYMENT OF CLAIMS FOR MAY-26,01-Jul-2026
MUKYIA CHPS ZONE,BIRIM NORTH DMH,2163.99,PAYMENT OF CLAIM FOR APR-26,01-Jul-2026
MUNICIPAL HOSPITAL GOASO,ASUNAFO N,334393.17,PAYMENT OF CLAIMS FOR JAN-26,01-Jul-2026
MURAMURA CHPS COMPOUND,ASANTE AKIM S,10254.89,PAYMENT OF CLAIMS FOR APR-26,01-Jul-2026
MURUGU CHPS,WEST GONJA,1617.97,PAYMENT OF CLAIMS FOR APR-26,01-Jul-2026
Mframa CHPS,BONO EAST,691.80,PAYMENT OF CLAIMS FOR FEB-26,01-Jul-2026
Mframa CHPS,BONO EAST,688.66,PAYMENT OF CLAIMS FOR MAR-26,01-Jul-2026
Mframa CHPS,BONO EAST,769.60,PAYMENT OF CLAIMS FOR APR-26,01-Jul-2026
NAADEMA CHPS,NAVRONGO,592.13,PAYMENT OF CLAIMS FOR MAR-26,01-Jul-2026
NAAPAAL CHPS,LAWRA,1813.03,PAYMENT OF CLAIMS FOR APR. 2026,01-Jul-2026
NAAYIRI CHPS,JIRAPA-LAMB MHI,1939.55,PAYMENT OF CLAIMS FOR MAR. 2026,01-Jul-2026
NABANGO CHPS COMPOUND.,KASENA-NAN,4597.92,PAYMENT OF CLAIMS FOR MAR-26,01-Jul-2026
NABOGU CHPS,SAVELUGU / NANT,1850.31,PAYMENT OF CLAIMS FOR APR. 2026,01-Jul-2026
NABU CHPS COMPOUND,NKWANTA,1343.52,PAYMENT OF CLAIMS FOR FEB-26,01-Jul-2026
NABU CHPS COMPOUND,NKWANTA,1852.89,PAYMENT OF CLAIMS FOR MAR. 2026,01-Jul-2026
NABUGANGN CHPS COMPOUND,LAWRA,2185.88,PAYMENT OF CLAIMS FOR FEB-26,01-Jul-2026
NABUGUBELLE HEALTH CENTRE,SISSALA E,11958.16,PAYMENT OF CLAIMS FOR APR-26,01-Jul-2026
NABULO HEALTH CENTRE,SISSALA E,17100.14,PAYMENT OF CLAIMS FOR APR-26,01-Jul-2026
NACHAMBER NO. 2 CHPS,ZABZUGU TATALE,1074.01,PAYMENT OF CLAIMS FOR APR-26,01-Jul-2026
NACHANTA CHPS,WA MUN,2634.13,PAYMENT OF CLAIMS FOR APR-26,01-Jul-2026
NADOWLI DISTRICT HOSPITAL,NADOWLI,192963.31,PAYMENT OF CLAIMS FOR JAN-26,01-Jul-2026
NADOWLI DISTRICT HOSPITAL,NADOWLI,275166.40,PAYMENT OF CLAIMS FOR FEB 26,01-Jul-2026
NADOWLI HEALTH CENTRE,NADOWLI,8834.46,PAYMENT OF CLAIMS FOR FEB.-26,01-Jul-2026
NADOWLI HEALTH CENTRE,NADOWLI,9040.04,PAYMENT OF CLAIMS FOR MAR-26,01-Jul-2026
NAGANI CHPS COMPOUND,GARU,821.49,PAYMENT OF CLAIMS FOR APR-26,01-Jul-2026
NAGOOLE HEALTH CENTRE,ATWIMA MPONOA,8439.32,PAYMENT OF CLAIMS FOR JAN-26,01-Jul-2026
NAKOM HEALTH CENTRE,PUSIGA,14256.79,PAYMENT OF CLAIMS FOR APR-26,01-Jul-2026
NAKPAYILI CHPS,NANUMBA SOUTH,14964.92,PAYMENT OF CLAIMS FOR FEB-26,01-Jul-2026
"NALERIGU COLLEGE OF HEALTH, HEALTH CENTRE",GAMBAGA,23136.26,PAYMENT OF CLAIMS FOR APR-26,01-Jul-2026
NAMANWORA CHPS COMPOUND,ABURA-ASEBU-KWA,1227.21,PAYMENT OF CLAIMS FOR APR-26,01-Jul-2026
NAMBAGLA CHPS ZONE,SAVELUGU / NANT,1102.10,PAYMENT OF CLAIMS FOR APR-26,01-Jul-2026
NAMBIRI CHPS,SABOBA / CHIREP,5709.45,PAYMENT OF CLAIMS FOR MAR-26,01-Jul-2026
NAMOO HEALTH CENTRE,BONGO MHIS,32167.46,PAYMENT OF CLAIMS FOR FEB-26,01-Jul-2026
NANABENG CHPS COMPOUND,MFANTSIMAN,3064.03,PAYMENT OF CLAIMS FOR MAR-26,01-Jul-2026
NANAPA CHPS,ATIWA DHIS,741.53,PAYMENT OF CLAIMS FOR MAR-26,01-Jul-2026
NANDOM HEALTH CENTRE,LAWRA,9002.36,PAYMENT OF CLAIMS FOR MAR-26,01-Jul-2026
NANDOMKPEE CHPS COMPOUND,LAWRA MHIS,1048.03,PAYMENT OF CLAIMS FOR MAY-26,01-Jul-2026
NANJURO CHPS,EAST GONJA,5532.99,PAYMENT OF CLAIMS FOR FEB-26,01-Jul-2026
NANJURO CHPS,EAST GONJA,5273.12,PAYMENT OF CLAIMS FOR MAR-26,01-Jul-2026
NANKESE HEALTH CENTRE,SUHUM KRA C,10653.81,PAYMENT OF CLAIMS FOR JAN-26,01-Jul-2026
NANKPAWIE CHPS COMPOUND,SISSALA EAST,393.49,PAYMENT OF CLAIMS FOR FEB-26,01-Jul-2026
NANKPAWIE CHPS COMPOUND,SISSALA EAST,1242.41,PAYMENT OF CLAIMS FOR APR-26,01-Jul-2026
NANSONI CHPS COMPOUND,CHEREPONI,4617.62,PAYMENT OF CLAIMS FOR FEB.-26,01-Jul-2026
NANTE CHPS COMPOUND,KINTAMPO S,9774.64,PAYMENT OF CLAIMS FOR FEB-26,01-Jul-2026
NANTON KURUGU CHPS,SAVELUGU-NANTON,5279.61,PAYMENT OF CLAIMS FOR APR-25,01-Jul-2026
NANTON KURUGU CHPS,SAVELUGU-NANTON,8223.19,PAYMENT OF CLAIMS FOR FEB-26,01-Jul-2026
NANVILLE HEALTH CENTRE,NADOWLI,14312.03,PAYMENT OF CLAIMS FOR APR-26,01-Jul-2026
NANVILLE HEALTH CENTRE,NADOWLI,15111.95,PAYMENT OF CLAIMS FOR FEB-26,01-Jul-2026
NANVILLI CHPS,MION,878.38,PAYMENT OF CLAIMS FOR APR. 2026,01-Jul-2026
NANYAARE CHPS COMPOUND,LAWRA,1898.13,PAYMENT OF CLAIMS FOR APR-26,01-Jul-2026
NANYAARE CHPS COMPOUND,LAWRA,2024.46,PAYMENT OF CLAIMS FOR MAY-26,01-Jul-2026
NARKWA POLYCLINIC,MFANTSIMAN,23454.21,PAYMENT OF CLAIMS FOR FEB-26,01-Jul-2026
NARKWA POLYCLINIC,MFANTSIMAN,19754.94,PAYMENT OF CLAIMS FOR JAN-26,01-Jul-2026
NASIA CHPS COMPOUND,WEST MAMPRUSI,5839.46,PAYMENT OF CLAIMS FOR MAR-26,01-Jul-2026
NASUAN HEALTH CENTRE,BUNKPURUGU-YUNY,7456.19,PAYMENT OF CLAIMS FOR FEB-26,01-Jul-2026
NAVRONGO HEALTH CENTRE,KASENA-NAN,39181.77,PAYMENT OF CLAIMS FOR MAR-26,01-Jul-2026
NAYILIFONG CHPS COMPOUND,YENDI,5911.64,PAYMENT OF CLAIMS FOR MAR-26,01-Jul-2026
NCHAMBA CHPS COMPOUND,Pru,2319.85,PAYMENT OF CLAIMS FOR FEB-26,01-Jul-2026
NCHIRAA HEALTH CENTRE,WENCHI,30010.72,PAYMENT OF CLAIMS FOR MAR-26,01-Jul-2026
NEENYI AMANKOSAM III CLINIC,AWUTU,164.16,PAYMENT OF CLAIMS FOR APR-26,01-Jul-2026
NEW ABIREM GOVERNMENT HOSPITAL,NEW ABIREM,280578.19,PAYMENT OF CLAIMS FOR JAN-26,01-Jul-2026
NEW ABIREM GOVERNMENT HOSPITAL,NEW ABIREM,14567.14,CLAIMS UNDER-PAYMENT DIFFERENT FOR DEC-25,01-Jul-2026
NEW ABIREM GOVERNMENT HOSPITAL,NEW ABIREM,290341.48,ACCRUAL OF UNVETTED CLAIMS FOR NOV-25,01-Jul-2026
NEW ACHIASE CHPS COMPOUND,ATWIMA MPONOA,8379.70,PAYMENT OF CLAIMS FOR JAN-26,01-Jul-2026
NEW AKRADE CHPS ZONE,ASUOGYAMAN,2071.23,PAYMENT OF CLAIMS FOR APR-26,01-Jul-2026
NEW ATUABO HEALTH CENTRE,WASSA-WEST,9520.73,PAYMENT OF CLAIMS FOR MAR-26,01-Jul-2026
NEW AYOMA HEALTH CENTRE,JASIKAN,7645.20,PAYMENT OF CLAIMS FOR FEB-26,01-Jul-2026
NEW COMBINE CHPS COMPOUND,ASUOGYAMAN,5670.90,PAYMENT OF CLAIMS FOR FEB-26,01-Jul-2026
NEW KOFORIDUA CHPS COMPOUND,JUABEN,3197.15,PAYMENT OF CLAIMS FOR APR-26,01-Jul-2026
NEW LONGORO HEALTH CENTRE,KINTAMPO N,24403.47,PAYMENT OF CLAIMS FOR APR-26,01-Jul-2026
NEW NINGO CHPS,DANGME WEST,3015.48,PAYMENT OF CLAIM FOR APR-26,01-Jul-2026
NEW SOMANYA CHPS COMPOUND,JUABOSO,1403.76,PAYMENT OF CLAIMS FOR MAR-26,01-Jul-2026
NEW SOMANYA CHPS COMPOUND,JUABOSO,1034.96,PAYMENT OF CLAIMS FOR APR. 2026,01-Jul-2026
NEW SUBRI CHPS COMPOUND (WASSA EAST),MPOHOR WASSA EA,2158.42,CLAIMS PAYMENT FOR SEP-25,01-Jul-2026
NEW SUBRI CHPS COMPOUND (WASSA EAST),MPOHOR WASSA EA,2131.75,PAYMENT OF CLAIMS FOR APR-25,01-Jul-2026
NEW TAFO GOVT. HOSPITAL,EAST AKIM,281609.06,PAYMENT OF CLAIMS FOR MAR-26,01-Jul-2026
NEW TAFO GOVT. HOSPITAL,EAST AKIM,153446.43,PAYMENT OF CLAIMS FOR NOV-25,01-Jul-2026
NEW TOWN CLINIC,jomoro,9754.25,PAYMENT OF CLAIMS FOR FEB-25,01-Jul-2026
NEW TOWN CLINIC,jomoro,10823.08,PAYMENT OF CLAIMS FOR FEB-26,01-Jul-2026
NEW UPPER WEST REGIONAL HOSPITAL,WA MUNICIPAL,830748.34,PAYMENT OF CLAIMS FOR JAN-26,01-Jul-2026
NEW YAKASI CHPS ZONE,AOWIN SUAMAN,2386.94,PAYMENT OF CLAIM FOR FEB-26,01-Jul-2026
NEWSAWERESO CHPS COMPOUND,ASUNAFO,9220.12,PAYMENT OF CLAIMS FOR MAR-26,01-Jul-2026
NGLESHIE AMANFROM POLYCLINIC,GREATER ACCRA,83839.24,PAYMENT OF CLAIMS FOR FEB-26,01-Jul-2026
NINDOR WAALA CHPS,JIRAPA-LAMB MHI,1565.68,PAYMENT OF CLAIMS FOR APR. 2026,01-Jul-2026
NINDOR WAALA CHPS,JIRAPA-LAMB MHI,1345.96,PAYMENT OF CLAIMS FOR MAR. 2026,01-Jul-2026
NINSUM CHPS COMPOUND,GARU,2333.52,PAYMENT OF CLAIMS FOR APR-26,01-Jul-2026
NINSUM CHPS COMPOUND,GARU,3132.97,PAYMENT OF CLAIMS FOR AUGUST 2023,01-Jul-2026
NINSUM CHPS COMPOUND,GARU,1701.65,PAYMENT OF CLAIMS FOR NOV-25,01-Jul-2026
NINSUM CHPS COMPOUND,GARU,2081.15,PAYMENT OF CLAIMS FOR JULY 2023,01-Jul-2026
NINSUM CHPS COMPOUND,GARU,2224.62,PAYMENT OF CLAIMS FOR SEPTEMBER 2023,01-Jul-2026
NINSUM CHPS COMPOUND,GARU,1903.24,PAYMENT OF CLAIMS FOR JUNE 2023,01-Jul-2026
NINSUM CHPS COMPOUND,GARU,2141.95,PAYMENT OF CLAIMS FOR MAR. 2026,01-Jul-2026
NINSUM CHPS COMPOUND,GARU,1647.44,PAYMENT OF CLAIMS FOR MAY 2023,01-Jul-2026
NINSUM CHPS COMPOUND,GARU,1944.95,PAYMENT OF CLAIMS FOR DECEMBER 2023,01-Jul-2026
NINSUM CHPS COMPOUND,GARU,1782.50,PAYMENT OF CLAIMS FOR APRIL 2023,01-Jul-2026
NINSUM CHPS COMPOUND,GARU,1376.81,PAYMENT OF CLAIMS FOR NOVEMBER 2023,01-Jul-2026
NJARE CHPS COMP,KRACHI EAST,1328.32,PAYMENT OF CLAIMS FOR FEB. 2026,01-Jul-2026
NJARE CHPS COMP,KRACHI EAST,2157.46,PAYMENT OF CLAIMS FOR JAN-26,01-Jul-2026
NJAU-TANOSO CHPS COMPOUND,TAIN DISTRICT,8755.33,PAYMENT OF CLAIMS FOR APR-26,01-Jul-2026
"NKANFOA CHPS COMPOUND,",OGUAMAN,2168.76,PAYMENT OF CLAIM FOR APR-26,01-Jul-2026
NKANKAMA CHPS,FANTEAKWA,1502.22,PAYMENT OF CLAIMS FOR APR-26,01-Jul-2026
NKANKAMA CHPS,FANTEAKWA,1368.00,PAYMENT OF CLAIMS FOR MAR. 2026,01-Jul-2026
NKAWANDA NO.1 CHPS,OKWAHUMAN W,2119.07,PAYMENT OF CLAIM FOR APR-26,01-Jul-2026
NKAWIE TOASE GOVERNMENT HOSPITAL,ATWIMA NWAB,200778.86,PAYMENT OF CLAIMS FOR JAN-26,01-Jul-2026
NKETEPA CHPS COMPOUND,OKWAWUMAN HIS S,407.99,PAYMENT OF CLAIMS FOR MAR-26,01-Jul-2026
NKETEPA CHPS COMPOUND,OKWAWUMAN HIS S,1062.51,PAYMENT OF CLAIMS FOR FEB. 2026,01-Jul-2026
NKONYA CHPS COMPOUND,SEFWI WIAWSO DM,1215.17,PAYMENT OF CLAIMS FOR MAR-26,01-Jul-2026
NKORANZA CHPS ZONE,GOMOAMAN,1592.63,PAYMENT OF CLAIMS FOR APR. 2026,01-Jul-2026
NKRAMPOR CHPS,EJURA SEKYEDUMA,2686.91,PAYMENT OF CLAIMS FOR MAR-26,01-Jul-2026
NKRAN EKURA CHPS,AGONA,334.78,PAYMENT OF CLAIMS FOR APR-26,01-Jul-2026
NKROFUL HEALTH CENTRE,ELEMBELLE,24706.09,PAYMENT OF CLAIMS FOR APR-26,01-Jul-2026
NKROMA CHPS,ATWIMA MPONOA,6400.82,PAYMENT OF CLAIMS FOR FEB-26,01-Jul-2026
NKRONUA CHPS COMPOUND,UPPER DENKYIRA,681.96,PAYMENT OF CLAIMS FOR MAR. 2026,01-Jul-2026
NKRONUA CHPS COMPOUND,UPPER DENKYIRA,575.64,PAYMENT OF CLAIMS FOR APR. 2026,01-Jul-2026
NKUJUA CHPS,SEKYERE WEST,845.52,PAYMENT OF CLAIMS FOR FEB-26,01-Jul-2026
NKUMKROM CHPS COMPOUND,AKUAPEM SOUTH,1426.88,ACCRUAL OF UNVETTED CLAIMS FOR DEC-25,01-Jul-2026
NKUMKROM CHPS COMPOUND,AKUAPEM SOUTH,1958.32,ACCRUAL OF UNVETTED CLAIMS FOR OCT-25,01-Jul-2026
NKUMKROM CHPS COMPOUND,AKUAPEM SOUTH,2322.54,PAYMENT OF CLAIM FOR MAR-26,01-Jul-2026
NKURAKAN HEALTH CENTRE,YILO KROBO,22197.87,PAYMENT OF CLAIMS FOR FEB-26,01-Jul-2026
NKWADUM CHPS COMPOUND,SEFWI AKON,3243.06,PAYMENT OF CLAIM FOR MAR-26,01-Jul-2026
NKWANKWANUA HEALTH CENTRE,SEKYERE E_EFF,11271.43,PAYMENT OF CLAIMS FOR FEB-26,01-Jul-2026
NKWANTA CHPS COMPOUND (SEKYERE WEST),SEKYERE WEST,14757.69,PAYMENT OF CLAIMS FOR MAR-26,01-Jul-2026
NKWANTA SOUTH DISTRICT HOSPITAL,NKWANTA,198065.82,PAYMENT OF CLAIMS FOR DEC-25,01-Jul-2026
NKWANTANAN CHPS COMPOUND (AAK),ABURA-ASEBU-KWA,10779.32,PAYMENT OF CLAIMS FOR APR-26,01-Jul-2026
NKWANTANAN CHPS COMPOUND (AAK),ABURA-ASEBU-KWA,11632.91,PAYMENT OF CLAIMS FOR MAR-26,01-Jul-2026
NKWANTANANDO CHPS,ASIKUMA ODO BRA,1333.00,PAYMENT OF CLAIMS FOR APR-26,01-Jul-2026
NKWANTASO HEALTH CENTRE,DORMAA WEST,5112.72,PAYMENT OF CLAIMS FOR JAN.-26,01-Jul-2026
NKWANTASO HEALTH CENTRE,DORMAA WEST,3591.09,PAYMENT OF CLAIMS FOR FEB-26,01-Jul-2026
NKYENENKYENE HEALTH CENTRE,OKWAWUMAN HIS S,2408.25,PAYMENT OF CLAIMS FOR APR-26,01-Jul-2026
NKYENENKYENE HEALTH CENTRE,OKWAWUMAN HIS S,1450.40,PAYMENT OF CLAIMS FOR MAY-26,01-Jul-2026
NKYEREPOASE CHPS COMPOUNDNKYEREPOASE CHPS COMPOUND,EJISU-JUABEN,2425.01,PAYMENT OF CLAIMS FOR APR-26,01-Jul-2026
NNADIESO HEALTH CENTRE (AR),ASANTE AKIM SOU,9901.56,PAYMENT OF CLAIMS FOR FEB-26,01-Jul-2026
NO. 4 CHPS,KWAEBIBIREM,1175.76,PAYMENT OF CLAIMS FOR APR-26,01-Jul-2026
NO. 4 CHPS,KWAEBIBIREM,836.81,PAYMENT OF CLAIMS FOR MAR. 2026,01-Jul-2026
NOBI CHPS COMPOUND,EAST AKIM,1115.23,PAYMENT OF CLAIMS FOR APR. 2026,01-Jul-2026
NOBI CHPS COMPOUND,EAST AKIM,1370.42,PAYMENT OF CLAIMS FOR MAY-26,01-Jul-2026
NOBI CHPS COMPOUND,EAST AKIM,732.69,PAYMENT OF CLAIMS FOR JAN. 2026,01-Jul-2026
NOGOKPO CHPS COMPOUND,KETU,3431.81,PAYMENT OF CLAIMS FOR FEB-26,01-Jul-2026
NOKWAREASA CHPS COMPOUND,EJURA SEKYED,6580.25,PAYMENT OF CLAIMS FOR APR-26,01-Jul-2026
NOMBOKO CHPS,GARU,1631.96,PAYMENT OF CLAIMS FOR MAR. 2026,01-Jul-2026
NOTRE DAME CLINIC,AKUAPEM S,65746.08,PAYMENT OF CLAIMS FOR FEB-26,01-Jul-2026
NOTRE DAME CLINIC,AKUAPEM S,70392.58,PAYMENT OF CLAIMS FOR MARCH-26,01-Jul-2026
NOYEM CHPS,BIRIM NORTH,3663.72,PAYMENT OF CLAIMS FOR APR-26,01-Jul-2026
NSADWESO CHPS COMPOUND,MPOHOR WASS E,4904.29,PAYMENT OF CLAIMS FOR APR-26,01-Jul-2026
NSAKYE CHPS,AKUAPEM SOUTH,5682.90,PAYMENT OF CLAIMS FOR MAR-26,01-Jul-2026
NSAKYE CHPS,AKUAPEM SOUTH,4791.83,PAYMENT OF CLAIMS FOR MAR-26,01-Jul-2026
NSAPOR CHPS COMPOUND,BEREKUM,6222.70,PAYMENT OF CLAIMS FOR MAR-26,01-Jul-2026
NSAWAM HEALTH CENTRE,AKUAPEM S,100030.61,PAYMENT OF CLAIMS FOR MARCH-26,01-Jul-2026
NSAWORA HEALTH CENTRE,SEFWI AKON,22117.61,PAYMENT OF CLAIMS FOR APR-26,01-Jul-2026
NSOATRE HEALTH CENTRE,SUNYANI W,192552.34,PAYMENT OF CLAIMS FOR JAN-26,01-Jul-2026
NSOATRE HEALTH CENTRE,SUNYANI W,209823.21,PAYMENT OF CLAIMS FOR NOV 25,01-Jul-2026
NSONSOMEA CHPS,JAMAN N,10011.41,PAYMENT OF CLAIMS FOR APR-26,01-Jul-2026
NSUANSA CHPS COMPOUND (AGONA),AGONA NHIS,354.85,PAYMENT OF CLAIMS FOR APR-26,01-Jul-2026
NSUANSA CHPS(EASTERN),BIRIM SOUTH,372.31,PAYMENT OF CLAIMS FOR MAR-26,01-Jul-2026
NSUANSA CHPS(EASTERN),BIRIM SOUTH,1579.09,PAYMENT OF CLAIMS FOR APR. 2026,01-Jul-2026
NSUGYASO CHPS COMPOUND,AFRAM PLANS HIS,4102.75,PAYMENT OF CLAIMS FOR OCT-25,01-Jul-2026
NSUGYASO CHPS COMPOUND,AFRAM PLANS HIS,3968.20,PAYMENT OF CLAIM FOR APR-26,01-Jul-2026
NSUGYASO CHPS COMPOUND,AFRAM PLANS HIS,3351.95,ACCRUAL OF UNVETTED CLAIMS FOR DEC-25,01-Jul-2026
NSUGYASO CHPS COMPOUND,AFRAM PLANS HIS,4910.51,PAYMENT OF CLAIMS FOR MAY-26,01-Jul-2026
NSUGYASO CHPS COMPOUND,AFRAM PLANS HIS,3694.54,PAYMENT OF CLAIMS FOR NOV-25,01-Jul-2026
NSUMIA-CHINTO CHPS,NSAWAM,13544.42,PAYMENT OF CLAIMS FOR MAR-26,01-Jul-2026
NSUNENSA CHPS,NKORANZA,17538.58,PAYMENT OF CLAIMS FOR APR-26,01-Jul-2026
NSUONSUA CHPS COMPOUND,SEFWI WIAWSO,2234.20,PAYMENT OF CLAIMS FOR MAR-26,01-Jul-2026
NSUTA CHPS,TANO S,4284.84,PAYMENT OF CLAIMS FOR MAR-26,01-Jul-2026
NSUTA CHPS COMPOUND,NSUTIFI,4195.80,PAYMENT OF CLAIMS FOR MAR-26,01-Jul-2026
"NSUTA HEALTH CENTRE,,.",TECHIMAN,65266.75,PAYMENT OF CLAIMS FOR FEB-26,01-Jul-2026
NSUTAM CHPS COMPOUND,FANTEAKWA,5247.63,PAYMENT OF CLAIMS FOR MAR-26,01-Jul-2026
NSUTAPONG HEALTH CENTRE,YILO KROBO,2064.18,PAYMENT OF CLAIMS FOR SEPT-25,01-Jul-2026
NSUTAPONG HEALTH CENTRE,YILO KROBO,1843.40,PAYMENT OF CLAIMS FOR AUG-25,01-Jul-2026
NTAKEM CHPS COMPOUND,BIBIANI-ANHWIAS,1466.69,PAYMENT OF CLAIMS FOR FEB-26,01-Jul-2026
BISA CHPS COMPOUND,MANYA KROBO,1305.09,PAYMENT OF CLAIMS FOR MAR-26,01-Jul-2026
BISAASO CHPS COMPOUND,AMENFIMAN,3891.88,PAYMENT OF CLAIMS FOR APR-26,01-Jul-2026
BISHOP ACKON MEMORIAL EYE CENTRE,OGUAMAN,57729.74,PAYMENT OF CLAIMS FOR APR-26,01-Jul-2026
BISHOP ANGLIONBY MEMORIAL CLINIC,BODI,19151.80,PAYMENT OF CLAIMS FOR FEB-26,01-Jul-2026
BITRE CHPS COMPOUND,ASUNAFO N,7090.47,PAYMENT OF CLAIMS FOR MAR-26,01-Jul-2026
BLEKUSU HEALTH CENTRE (KETU),KETU,24569.22,PAYMENT OF CLAIMS FOR APR-26,01-Jul-2026
BLUE DIAMOND CHPS COMPOUND,WEST AKIM,2141.53,PAYMENT OF CLAIMS FOR APR-26,01-Jul-2026
BNI CLINIC (GAR),AYAWASO,10034.83,PAYMENT OF CLAIMS FOR APR-26,01-Jul-2026
BOABENG CHPS COMPOUND,NKORANZA,8818.53,ACCRUAL OF UNVETTED CLAIMS FOR DEC-25,01-Jul-2026
BOABENG CHPS COMPOUND,NKORANZA,8629.38,ACCRUAL OF UNVETTED CLAIMS FOR NOV-25,01-Jul-2026
BOADUA CHPS,KWAEBIBIREM,1650.13,PAYMENT OF CLAIMS FOR APR-26,01-Jul-2026
BOADUA CHPS,KWAEBIBIREM,1146.82,PAYMENT OF CLAIMS FOR MAR-26,01-Jul-2026
BOAGYAA NO 1 CHPS COMPOUND,AHAFO ANO SOUTH,1430.17,PAYMENT OF CLAIMS FOR FEB. 2026,01-Jul-2026
BOANA CHPS COMPOUND,NKORANZA,1467.19,PAYMENT OF CLAIMS FOR APR-26,01-Jul-2026
BOANIA,KASENA-NANKANA,242.03,PAYMENT OF CLAIMS FOR MAR-26,01-Jul-2026
BOATELEGU CHPS,BUNKPURUGU YUNY,2089.11,PAYMENT OF CLAIM FOR MAR-26,01-Jul-2026
BOATENGKROM CHPS COMPOUND,ASANTE AKIM NOR,3102.83,PAYMENT OF CLAIMS FOR APR-26,01-Jul-2026
BOATYARD CHPS COMPOUND,GOMOAMAN,4324.30,PAYMENT OF CLAIMS FOR MAR-26,01-Jul-2026
BOBIKUMA HEALTH CENTRE,AGONA,11407.97,PAYMENT OF CLAIMS FOR MAR-26,01-Jul-2026
BODAA CHPS COMPOUND,JAMAN S,17085.89,PAYMENT OF CLAIMS FOR APR-26,01-Jul-2026
BODADA HEALTH CENTRE,JASIKAN,6224.22,PAYMENT OF CLAIMS FOR FEB.-26,01-Jul-2026
BODINKA CHPS COMPOUND,SENE,8638.28,PAYMENT OF CLAIMS FOR JAN-26,01-Jul-2026
BODOMA CHPS COMPOUND,AMANSIE EAST,786.15,PAYMENT OF CLAIMS FOR APR-26,01-Jul-2026
BODOMA CHPS COMPOUND,AMANSIE EAST,1319.75,PAYMENT OF CLAIMS FOR MAR-26,01-Jul-2026
BODOMASE HEALTH CENTRE,SEKYERE EAST-EF,11983.64,PAYMENT OF CLAIMS FOR FEB-26,01-Jul-2026
BODOMASE HEALTH CENTRE,SEKYERE EAST-EF,12725.68,PAYMENT OF CLAIMS FOR JAN-26,01-Jul-2026
BOFOYILI CHPS (YENDI),YENDI DIST HIS,2187.56,PAYMENT OF CLAIM FOR APR-26,01-Jul-2026
BOGNAAYILI CHPS COMPOUND,TOLON KUMBUNGU,5483.55,ACCRUAL OF UNVETTED CLAIMS FOR DEC-25,01-Jul-2026
BOGNAAYILI CHPS COMPOUND,TOLON KUMBUNGU,7664.83,ACCRUAL OF UNVETTED CLAIMS FOR OCT-25,01-Jul-2026
BOGNUO CHPS,JIRAPA-LAMB,1668.32,PAYMENT OF CLAIMS FOR APR-26,01-Jul-2026
BOI HEALTH CENTRE,GA,4753.64,PAYMENT OF CLAIMS FOR MAR-26,01-Jul-2026
BOI HEALTH CENTRE,GA,3943.93,PAYMENT OF CLAIMS FOR FEB-26,01-Jul-2026
BOINSO HEALTH CENTRE,AOWIN-SUAMAN,5371.61,PAYMENT OF CLAIMS FOR APR-26,01-Jul-2026
BOINZAN ANGLICAN CLINIC,JUABOSO,16346.65,PAYMENT OF CLAIMS FOR FEB-26,01-Jul-2026
BOKABO CHPS COMPOUND,BODI,1312.34,PAYMENT OF CLAIMS FOR MAR-26,01-Jul-2026
BOKABO CHPS COMPOUND,BODI,2839.66,PAYMENT OF CLAIMS FOR FEB-26,01-Jul-2026
BOKABO CHPS COMPOUND,BODI,857.00,PAYMENT OF CLAIMS FOR APR-26,01-Jul-2026
BOKO CHPS COMPOUND,BONGO,3442.28,PAYMENT OF CLAIMS FOR APR-26,01-Jul-2026
BOKUROWA CHPS COMPOUND,AHAFO ANO SOUTH,2323.66,PAYMENT OF CLAIMS FOR APR-26,01-Jul-2026
BOKURUWA CHPS COMPOUND,OKWAWUMAN SOUTH,1088.39,PAYMENT OF CLAIMS FOR APR. 2026,01-Jul-2026
BOLE DISTRICT HOSPITAL.,BOLE DMHIS,396571.54,PAYMENT OF CLAIMS FOR MARCH-26,01-Jul-2026
BOLGA HEALTH CENTRE,BOLGA,79422.11,PAYMENT OF CLAIMS FOR APR-26,01-Jul-2026
BOLGATANGA REGIONAL HOSPITAL,BOLGATANGA,967501.45,PAYMENT OF CLAIMS FOR JAN-26,01-Jul-2026
BOLI CHPS,WA MUN,2289.98,PAYMENT OF CLAIM FOR MAR-26,01-Jul-2026
BOLI CHPS,WA MUN,3910.83,PAYMENT OF CLAIMS FOR FEB-26,01-Jul-2026
BOMAA POLYCLINIC,TANO N,83726.76,PAYMENT OF CLAIMS FOR JAN-26,01-Jul-2026
BOMAA POLYCLINIC,TANO N,97723.11,PAYMENT OF CLAIMS FOR DEC-25,01-Jul-2026
BOMBA CHPS,MPOHOR WASS E,919.60,PAYMENT OF CLAIMS FOR FEB-26,01-Jul-2026
BOMENG CHPS COMPOUND,SEKYERE EAST,2925.16,PAYMENT OF CLAIMS FOR APR-26,01-Jul-2026
BOMFA HEALTH CENTRE,EJISU-JUABEN,21526.28,PAYMENT OF CLAIMS FOR MAR-26,01-Jul-2026
BOMPATA HEALTH CENTRE,ASANTE AKIM SOU,26089.56,PAYMENT OF CLAIMS FOR FEB-26,01-Jul-2026
BOMPONSO CHPS,EAST AKIM,2736.36,PAYMENT OF CLAIMS FOR APR-26,01-Jul-2026
BOMSO CHPS,KWAEBIBIREM,5090.59,PAYMENT OF CLAIMS FOR APR-26,01-Jul-2026
BONAA CHPS,WA EAST,4245.15,PAYMENT OF CLAIMS FOR MAR-26,01-Jul-2026
BONAA CHPS,WA EAST,3794.50,PAYMENT OF CLAIMS FOR FEB-26,01-Jul-2026
BONAKIRE CHPS,JAMAN N,21941.94,PAYMENT OF CLAIMS FOR APR-26,01-Jul-2026
BONITA HEALTH CENTRE,TAIN DIST,41494.74,PAYMENT OF CLAIMS FOR FEB-26,01-Jul-2026
BONKRASE CHPS,OKWAWUMAN S,447.62,PAYMENT OF CLAIMS FOR FEB 2026,01-Jul-2026
BONKROM CHPS,AFRAM PLAINS,2399.79,PAYMENT OF CLAIM FOR APR-25,01-Jul-2026
BONO MANSO CHPS,NKORANZA DIST.,16168.55,PAYMENT OF CLAIMS FOR FEB-26,01-Jul-2026
BONSA CHPS COMPOUND (WASSA WEST),WASSA WEST,2076.13,PAYMENT OF CLAIMS FOR SEPT-25,01-Jul-2026
BONSA CHPS COMPOUND (WASSA WEST),WASSA WEST,2259.17,PAYMENT OF CLAIMS FOR AUG-25,01-Jul-2026
BONSA CHPS COMPOUND (WASSA WEST),WASSA WEST,2747.23,PAYMENT OF CLAIMS FOR MAY-25,01-Jul-2026
BONSA CHPS COMPOUND (WASSA WEST),WASSA WEST,2518.74,PAYMENT OF CLAIMS FOR JUN-25,01-Jul-2026
BONSA CHPS COMPOUND (WASSA WEST),WASSA WEST,3015.88,PAYMENT OF CLAIMS FOR OCT-25,01-Jul-2026
BONSA CHPS COMPOUND (WASSA WEST),WASSA WEST,2490.34,PAYMENT OF CLAIMS FOR NOV-25,01-Jul-2026
BONSIE CHPS ZONE,AMENFIMAN,1035.04,PAYMENT OF CLAIMS FOR APR. 2026,01-Jul-2026
BONSU NKWANTA HEALTH CENTRE,JUABOSO,14439.35,PAYMENT OF CLAIMS FOR APR-26,01-Jul-2026
BONTE CHPS COMPOUND,NKORANZA,6157.57,PAYMENT OF CLAIMS FOR MAR-26,01-Jul-2026
BONTODIASE CHPS ZONE,BIRIM NORTH,1423.51,PAYMENT OF CLAIMS FOR APR. 2026,01-Jul-2026
BONTODIASE CHPS ZONE,BIRIM NORTH,419.92,PAYMENT OF CLAIMS FOR MAY-26,01-Jul-2026
BONTRASE HEALTH CENTRE,AWUTU-EFFUTU-SE,8471.04,PAYMENT OF CLAIMS FOR APR-26,01-Jul-2026
BONUAMA POLYCLINIC,AMENFIMAN MHIS,16939.87,PAYMENT OF CLAIMS FOR APR-26,01-Jul-2026
BOO CHPS,LAWRA,3710.86,PAYMENT OF CLAIMS FOR MAY-25,01-Jul-2026
BOO CHPS,LAWRA,2703.89,PAYMENT OF CLAIMS FOR APR-26,01-Jul-2026
BORAE HEALTH CENTRE (KRACHI WEST),KRACHI WEST,14360.57,PAYMENT OF CLAIMS FOR DEC-25,01-Jul-2026
BORAE HEALTH CENTRE (KRACHI WEST),KRACHI WEST,18372.83,PAYMENT OF CLAIMS FOR JAN-26,01-Jul-2026
BORGU CHPS,GUSHEGU,5819.73,PAYMENT OF CLAIMS FOR APR-26,01-Jul-2026
BORTIANOR HEALTH CENTRE,WEIJA,51607.36,PAYMENT OF CLAIMS FOR FEB-26,01-Jul-2026
BOSO HEALTH CENTRE,ASUOGYAMAN,18241.34,PAYMENT OF CLAIMS FOR APR-26,01-Jul-2026
BOSOVILLA CHPS,BIRIM NORTH,3563.36,PAYMENT OF CLAIM FOR APR-26,01-Jul-2026
BOSUSO HEALTH CENTRE,FANTEAKWA,14431.73,PAYMENT OF CLAIMS FOR APR-26,01-Jul-2026
BOTODWINA CHPSCOMPOUND,MPOHOR WASSA EA,927.20,PAYMENT OF CLAIMS FOR FEB-26,01-Jul-2026
BOTOKU HEALTH CENTRE,KPANDO,3616.41,PAYMENT OF CLAIM FOR APR-26,01-Jul-2026
BOWIRI AMANFROM CHPS COMPOUND,JASIKAN,495.60,PAYMENT OF CLAIMS FOR FEB-26,01-Jul-2026
BRAFO YAW CHPS ZONE,ABURA ASEBU KWA,2789.23,PAYMENT OF CLAIMS FOR MAR-26,01-Jul-2026
BRAHABEBOME CHPS,WASSA-WEST,1709.19,PAYMENT OF CLAIMS FOR APR. 2026,01-Jul-2026
BRAHABEBOME CHPS,WASSA-WEST,1153.09,PAYMENT OF CLAIMS FOR MAR. 2026,01-Jul-2026
BRAHOBOKUM CHPS,AGONA,1038.58,PAYMENT OF CLAIMS FOR APR-26,01-Jul-2026
BRAKWA HEALTH CENTER (CENTRAL),ASIKUMA ODOBEN,95957.33,PAYMENT OF CLAIMS FOR FEB 2026,01-Jul-2026
BREKENTE CHPS COMPOUND,BONO_EAST,588.61,PAYMENT OF CLAIMS FOR APR. 2026,01-Jul-2026
BREKU CHPS COMPOUND,ASANTE AKIM SOU,1169.41,PAYMENT OF CLAIMS FOR MAR-26,01-Jul-2026
BREKU CHPS COMPOUND,ASANTE AKIM SOU,809.66,PAYMENT OF CLAIMS FOR FEB. 2026,01-Jul-2026
BREKUMANSO HEALTH CENTRE,WEST AKIM,15857.03,PAYMENT OF CLAIMS FOR MAR-26,01-Jul-2026
BREKUMANSO HEALTH CENTRE,WEST AKIM,22295.43,PAYMENT OF CLAIMS FOR APR-26,01-Jul-2026
BREMAN ASIKUMA HEALTH CENTRE,ASIKUMA ODO BRA,23713.64,PAYMENT OF CLAIMS FOR MAR-26,01-Jul-2026
BREMAN ASIKUMA HEALTH CENTRE,ASIKUMA ODO BRA,18549.14,PAYMENT OF CLAIMS FOR FEB-26,01-Jul-2026
BREMAN CHPS,WEST AKIM,1023.59,PAYMENT OF CLAIMS FOR JAN. 2026,01-Jul-2026
BREMANG CHPS,TLD,2151.67,PAYMENT OF CLAIM FOR APR-26,01-Jul-2026
BRENASE HEALTH CENTRE,BIRIM NORTH,53979.71,PAYMENT OF CLAIMS FOR MARCH-26,01-Jul-2026
BRENU AKYINIM CHPS,KOM-ED-EGUA-ABI,1893.13,PAYMENT OF CLAIMS FOR FEB-26,01-Jul-2026
BRENU AKYINIM CHPS,KOM-ED-EGUA-ABI,1513.07,PAYMENT OF CLAIMS FOR APR. 2026,01-Jul-2026
BROFOYEDRU HEALTH CENTRE,KWABRE,5032.24,PAYMENT OF CLAIMS FOR APR-26,01-Jul-2026
BROFOYEDUR CHPS,MPOHOR WASS E,3488.20,PAYMENT OF CLAIM FOR APR-26,01-Jul-2026
BROFOYEDUR CHPS,MPOHOR WASS E,2026.52,PAYMENT OF CLAIMS FOR SEP-25,01-Jul-2026
BROHANI CHPS COMPOUND,TAIN DIST,51918.32,PAYMENT OF CLAIMS FOR FEB 2026,01-Jul-2026
BRONG AHAFO ANGLICAN HEALTH SERVICES,SUNYANI,25258.59,PAYMENT OF CLAIMS FOR JAN. 2026,01-Jul-2026
BRONG DENSUSO CHPS,SUHUM,5610.09,PAYMENT OF CLAIMS FOR MAR-26,01-Jul-2026
BRONIKROM CHPS,SEFWI AKON,1452.45,PAYMENT OF CLAIMS FOR APR. 2026,01-Jul-2026
BRONIKROM CHPS COMPOUND,PRU,1371.76,PAYMENT OF CLAIMS FOR MAR. 2026,01-Jul-2026
BRUBEN CHPS COMPOUND,AFRAM PLAINS,2120.41,PAYMENT OF CLAIM FOR APR-26,01-Jul-2026
BRYANT MISSION HOSPITAL,OBUASI,282585.57,PAYMENT OF CLAIMS FOR JAN-26,01-Jul-2026
BUABIN CHPS COMPOUND,UPPER DENKYIRA,3020.39,PAYMENT OF CLAIM FOR APR-26,01-Jul-2026
BUABINSO CHPS,UPPER DENKYIRA,3078.35,PAYMENT OF CLAIMS FOR JAN-26,01-Jul-2026
BUEM ODUMASE CHPS,JASIKAN,811.19,PAYMENT OF CLAIMS FOR APR. 2026,01-Jul-2026
BUEM ODUMASE CHPS,JASIKAN,2391.96,ACCRUAL OF UNVETTED CLAIMS FOR OCT-25,01-Jul-2026
BUGRI HEALTH CENTRE,GARU,11043.73,CLAIMS PAYMENT FOR NOV-25,01-Jul-2026
BUGSONGO-NYANGOLINGO CHPS,KASENA-NANKANA,4047.62,PAYMENT OF CLAIMS FOR FEB-26,01-Jul-2026
BUGSONGO-NYANGOLINGO CHPS,KASENA-NANKANA,4741.56,PAYMENT OF CLAIMS FOR MAR-26,01-Jul-2026
BUI CHPS 1,TAIN DIST,9204.37,PAYMENT OF CLAIMS FOR MAR-26,01-Jul-2026
BUILSA DISTRICT HOSPITAL (SANDEMA HOSPITAL),BUILSA,150918.88,PAYMENT OF CLAIMS FOR NOV-25,01-Jul-2026
BUILSA SOUTH COMMUNITY DISTRICT HOSPITAL,BUILSA,102145.35,PAYMENT OF CLAIMS FOR JAN-26,01-Jul-2026
BUILSA SOUTH COMMUNITY DISTRICT HOSPITAL,BUILSA,110632.93,PAYMENT OF CLAIMS FOR DEC-25,01-Jul-2026
BUKUNOR HEALTH CENTRE,YILO KROBO,10597.39,PAYMENT OF CLAIMS FOR MAR-26,01-Jul-2026
BULKPALI CHPS,ZABZUGU/TATALE,4034.54,PAYMENT OF CLAIMS FOR APR-26,01-Jul-2026
BULUGU CHPS COMPOUND,PUSIGA,12725.45,PAYMENT OF CLAIMS FOR APR-26,01-Jul-2026
BUME HEALTH CENTRE,KPANDO,1837.63,PAYMENT OF CLAIMS FOR APR. 2026,01-Jul-2026
BUMPATA CHPS COMPOUND,AFRAM PLAINS HI,1412.13,PAYMENT OF CLAIMS FOR APR. 2026,01-Jul-2026
BUNKPURUGU HEALTH CENTRE,BUNKPURUGU-YUNY,10114.27,PAYMENT OF CLAIMS FOR MAR-26,01-Jul-2026
BUNSO CHPS COMPOUND,WEST AKIM,1305.66,PAYMENT OF CLAIMS FOR MAR. 2026,01-Jul-2026
BUNUSO HEALTH CENTRE,SEKYERE WEST,853.48,ACCRUAL OF UNVETTED CLAIMS FOR DEC-25,01-Jul-2026
BUOBAI MATERNITY HOME,ASAWASE,1003.00,PAYMENT OF CLAIMS FOR APR. 2026,01-Jul-2026
BUOKRUKRUWA PRESBYTERIAN HEALTH CENTRE,TANO N,4706.73,PAYMENT OF CLAIMS FOR FEB-26,01-Jul-2026
BUSA HEALTH CENTRE,WA MUN,14550.26,PAYMENT OF CLAIMS FOR MAR-26,01-Jul-2026
BUSSIE HEALTH CENTRE,NADOWLI,330.64,PAYMENT OF CLAIMS FOR APR-26,01-Jul-2026
BUSUA CHPS ZONE,AHANTAMAN,4751.10,PAYMENT OF CLAIMS FOR APR-26,01-Jul-2026
BUSUNU HEALTH CENTRE,WEST GONJA,17779.12,PAYMENT OF CLAIMS FOR MAR-26,01-Jul-2026
BUSUNYA HEALTH CENTRE,NKORANZA,64254.64,PAYMENT OF CLAIMS FOR JAN-26,01-Jul-2026
BUTERISA CHPS COMPOUND,BUILSA DMHIS,1339.44,PAYMENT OF CLAIMS FOR MAR. 2026,01-Jul-2026
BUYA HEALTH CENTRE,EAST GONJA,7475.28,PAYMENT OF CLAIMS FOR MAR-26,01-Jul-2026
CAMP 1 CHPS,ASUNAFO,5986.34,PAYMENT OF CLAIMS FOR MAR-26,01-Jul-2026
CAMP 15 CHPS COMPOUND,BIA,4400.27,PAYMENT OF CLAIMS FOR APR-26,01-Jul-2026
CANNERY QUARTERS CHPS,AKUAPIM SOUTH,1045.87,PAYMENT OF CLAIMS FOR FEB-26,01-Jul-2026
CANNERY QUARTERS CHPS,AKUAPIM SOUTH,1025.23,PAYMENT OF CLAIMS FOR MAR-26,01-Jul-2026
CANNERY QUARTERS CHPS,AKUAPIM SOUTH,1088.88,PAYMENT OF CLAIMS FOR APR-26,01-Jul-2026
CANNERY QUARTERS CHPS,AKUAPIM SOUTH,440.74,PAYMENT OF CLAIMS FOR JAN-26,01-Jul-2026
CAPE COAST METROPOLITAN HOSPITAL,OGUAMAN,80938.66,PAYMENT OF CLAIMS FOR NOV-25,01-Jul-2026
CAPE COAST METROPOLITAN HOSPITAL,OGUAMAN,66203.76,PAYMENT OF CLAIMS FOR OCT-25,01-Jul-2026
CAPE COAST METROPOLITAN HOSPITAL,OGUAMAN,60250.12,PAYMENT OF CLAIMS FOR AUG-25,01-Jul-2026
CAPE COAST METROPOLITAN HOSPITAL,OGUAMAN,72529.90,PAYMENT OF CLAIMS FOR DEC-25,01-Jul-2026
CAPE COAST METROPOLITAN HOSPITAL,OGUAMAN,111522.88,PAYMENT OF CLAIMS FOR JAN-26,01-Jul-2026
CAPE COAST POLYTECHNIC CLINIC,OGUAMAN,11264.38,PAYMENT OF CLAIMS FOR MAR-26,01-Jul-2026
CAPE COAST TEACHING HOSPITAL POLYCLINIC,CAPE COAST,72537.71,PAYMENT OF CLAIMS FOR JAN-26,01-Jul-2026
CAPE COAST TEACHING HOSPITAL POLYCLINIC,CAPE COAST,30059.65,PAYMENT OF CLAIMS FOR NOV-25,01-Jul-2026
CAPE COAST TEACHING HOSPITAL POLYCLINIC,CAPE COAST,79629.42,PAYMENT OF CLAIMS FOR FEB-26,01-Jul-2026
CASTLE CLINIC/FLAGSTAFF HOUSE MEDICAL CENTRE,OSU-KLOTTEY,5977.86,PAYMENT OF CLAIMS FOR FEB.-26,01-Jul-2026
"CATHOLIC CLINIC AND MATERNITY,AKIM SWEDRU",BIRIM SOUTH,40388.25,PAYMENT OF CLAIMS FOR FEB-26,01-Jul-2026
"CATHOLIC CLINIC, OKU",SEKYERE WEST,9956.58,PAYMENT OF CLAIMS FOR JAN-26,01-Jul-2026
CATHOLIC CLINIC/PHC SALAGA,EAST GONJA,2899.47,PAYMENT OF CLAIM FOR APR-26,01-Jul-2026
CATHOLIC CLINIC/PHC SALAGA,EAST GONJA,4084.48,PAYMENT OF CLAIMS FOR FEB-26,01-Jul-2026
CATHOLIC HOSPITAL BATTOR,NORTH TONGU,596510.53,PAYMENT OF CLAIMS FOR FEB 26,01-Jul-2026
CATHOLIC HOSPITAL BATTOR,NORTH TONGU,580512.11,PAYMENT OF CLAIMS FOR JAN-26,01-Jul-2026
CEDIKOPE CHPS,AFRAM PLAINS,6943.17,PAYMENT OF CLAIMS FOR MAR-26,01-Jul-2026
CEMENT CHPS COMPOUND,KRACHIE EAST,2469.02,PAYMENT OF CLAIMS FOR SEPT-25,01-Jul-2026
CENTRAL MARKET HEALTH CENTRE(obuasi estate health centre),OBUASI,7408.62,PAYMENT OF CLAIMS FOR JAN.-26,01-Jul-2026
CFAO QUARTERS CHPS COMPOUND,SENE,3530.22,PAYMENT OF CLAIMS FOR APR-26,01-Jul-2026
CHAANG CHPS,NADOWLI MHIS,427.80,PAYMENT OF CLAIMS FOR MAR-26,01-Jul-2026
CHAANG CHPS,NADOWLI MHIS,906.61,PAYMENT OF CLAIMS FOR APR-26,01-Jul-2026
CHAGGUPAANI CHPS,WA EAST,1871.17,PAYMENT OF CLAIMS FOR APR. 2026,01-Jul-2026
CHAISO CHPS ZONE,NKWANTA,997.68,PAYMENT OF CLAIMS FOR FEB-26,01-Jul-2026
CHALLA CHPS,NADOWLI,1069.50,PAYMENT OF CLAIMS FOR APR. 2026,01-Jul-2026
CHALLU CHPS COMPOUND,SISSALA EAST,7041.31,PAYMENT OF CLAIMS FOR MAR-26,01-Jul-2026
CHALLU CHPS COMPOUND,SISSALA EAST,5474.31,PAYMENT OF CLAIMS FOR FEB-26,01-Jul-2026
CHALLU CHPS COMPOUND,SISSALA EAST,7976.01,PAYMENT OF CLAIMS FOR MAR-26,01-Jul-2026
CHANTAI CHPS (KRACHI WEST),KRACHI WEST,808.44,PAYMENT OF CLAIMS FOR FEB-26,01-Jul-2026
CHANTAI CHPS (KRACHI WEST),KRACHI WEST,1452.55,PAYMENT OF CLAIMS FOR JAN-26,01-Jul-2026
CHARIA HEALTH CENTRE,WA MUN,11997.93,PAYMENT OF CLAIMS FOR APR-26,01-Jul-2026
CHARILE CHPS,WA WEST,1277.29,PAYMENT OF CLAIMS FOR APR-26,01-Jul-2026
CHARINGU HEALTH CENTRE,WA MUN,2973.54,PAYMENT OF CLAIMS FOR APR-26,01-Jul-2026
CHARINGU HEALTH CENTRE,WA MUN,3260.87,PAYMENT OF CLAIMS FOR MAR-26,01-Jul-2026
CHASIA CHPS,WA EAST,1892.64,PAYMENT OF CLAIMS FOR APR. 2026,01-Jul-2026
CHAVANE CHPS COMPOUND,AHANTAMAN MHIS,751.26,PAYMENT OF CLAIMS FOR APR. 2026,01-Jul-2026
CHEREPONI GOVERNMENT HOSPITAL,CHEREPONI,166386.45,PAYMENT OF CLAIMS FOR JAN-26,01-Jul-2026
CHETU CHPS,SISSALA W,2954.73,PAYMENT OF CLAIMS FOR APR-26,01-Jul-2026
CHETU CHPS ZONE,JIRAPA-LAMB,477.54,PAYMENT OF CLAIMS FOR APR-26,01-Jul-2026
CHIA CHPS ZONE,BIRIM NORTH,4742.90,PAYMENT OF CLAIMS FOR MAR-26,01-Jul-2026
CHIANA HEALTH CENTRE,KASENA-NAN,21905.76,PAYMENT OF CLAIMS FOR FEB-26,01-Jul-2026
CHICHISO NO. 1 CHPS,AMANSIE WEST,2675.11,PAYMENT OF CLAIMS FOR NOV-25,01-Jul-2026
CHICHISO NO. 1 CHPS,AMANSIE WEST,958.67,PAYMENT OF CLAIMS FOR JUL-25,01-Jul-2026
CHICHISO NO. 1 CHPS,AMANSIE WEST,841.59,PAYMENT OF CLAIMS FOR AUG-25,01-Jul-2026
CHICHISO NO. 1 CHPS,AMANSIE WEST,1081.25,PAYMENT OF CLAIMS FOR JUN-25,01-Jul-2026
CHICHISO NO. 1 CHPS,AMANSIE WEST,1571.09,PAYMENT OF CLAIMS FOR MAR-25,01-Jul-2026
CHINCHANG HEALTH CENTRE,SISSALA E,803.74,PAYMENT OF CLAIMS FOR APR-26,01-Jul-2026
CHINDERI HEALTH CENTRE ( KRACHI WEST)),KRACHI WEST,6735.84,PAYMENT OF CLAIMS FOR MAR-26,01-Jul-2026
CHINDERI HEALTH CENTRE ( KRACHI WEST)),KRACHI WEST,8601.21,PAYMENT OF CLAIMS FOR MAR-26,01-Jul-2026
CHIRANO HEALTH CENTRE,BIBIANI-ANHWIAS,7088.69,PAYMENT OF CLAIMS FOR FEB.-26,01-Jul-2026
CHIRIFOYILI CHPS,TOLON KUMBUNGU,4926.21,PAYMENT OF CLAIMS FOR FEB.-26,01-Jul-2026
CHOGNOUR CHPS,JIRAPA-LAMB,372.93,PAYMENT OF CLAIMS FOR APR-26,01-Jul-2026
CHUCHULIGA HEALTH CENTER,BUILSA,16106.87,PAYMENT OF CLAIMS FOR APR-26,01-Jul-2026
CHUM CHPS,UP_WEST,1506.09,PAYMENT OF CLAIMS FOR APR. 2026,01-Jul-2026
CHURCH OF CHRIST HEALTH CENTRE,ASUOGYAMAN,17686.98,PAYMENT OF CLAIMS FOR APR-26,01-Jul-2026
CHURCH OF CHRIST HEALTH CENTRE,ASUOGYAMAN,22594.15,PAYMENT OF CLAIMS FOR FEB-26,01-Jul-2026
CHURCH OF CHRIST HEALTH CENTRE,ASUOGYAMAN,21401.30,PAYMENT OF CLAIMS FOR MAR-26,01-Jul-2026
CHURCH OF CHRIST MISSION CLINIC (BOMSO),ASOKWA,144469.11,PAYMENT OF CLAIMS FOR MARCH-26,01-Jul-2026
"CHURCH OF GOD CLINIC, APAASO",BOSOMTWE-ATWIMA,3687.22,PAYMENT OF CLAIMS FOR APR-26,01-Jul-2026
"CHURCH OF GOD CLINIC, APAASO",BOSOMTWE-ATWIMA,4484.59,PAYMENT OF CLAIMS FOR FEB-26,01-Jul-2026
CITADEL MEDICAL CENTER LTD,"ACCRA, GAR",30566.40,PAYMENT OF CLAIMS FOR MAR-26,01-Jul-2026
CIVIL SERVICE POLYCLINIC,OSU-KLOTTEY,19593.99,PAYMENT OF CLAIMS FOR NOV-25,01-Jul-2026
COCOA CLINC (DEBISO),BIA,75603.18,PAYMENT OF CLAIMS FOR FEB 2026,01-Jul-2026
COCOA CLINIC- GREATER ACCRA,OKAIKOI,38254.52,PAYMENT OF CLAIMS FOR MAR-26,01-Jul-2026
COCOA CLINIC- GREATER ACCRA,OKAIKOI,35791.34,PAYMENT OF CLAIMS FOR JAN-26,01-Jul-2026
COCOA CLINIC- GREATER ACCRA,OKAIKOI,33580.43,PAYMENT OF CLAIMS FOR FEB-26,01-Jul-2026
COCOA LIFE CHPS COMPOUND,AKIM ODA,1222.35,PAYMENT OF CLAIMS FOR APR. 2026,01-Jul-2026
COCOA LIFE CHPS COMPOUND,AKIM ODA,1001.23,PAYMENT OF CLAIMS FOR MAR. 2026,01-Jul-2026
COMBONI HOSPITAL SOGAKOPE,SOUTH TONGU,321779.34,PAYMENT OF CLAIMS FOR MAR-26,01-Jul-2026
COMBONI HOSPITAL SOGAKOPE,SOUTH TONGU,297454.85,PAYMENT OF CLAIMS FOR JAN-26,01-Jul-2026
COMFORT OFEDIA MEMORIAL CLINIC(NKONYA AHENKRO CHPS),JASIKAN,13003.24,PAYMENT OF CLAIMS FOR APR-26,01-Jul-2026
COMFORT OFEDIA MEMORIAL CLINIC(NKONYA AHENKRO CHPS),JASIKAN,12063.55,PAYMENT OF CLAIMS FOR MAR-26,01-Jul-2026
COMMUNITY 22 POLY CLINIC,GA,139657.43,ACCRUAL OF UNVETTED CLAIMS FOR OCT-25,01-Jul-2026
COMMUNITY 22 POLY CLINIC,GA,97545.60,PAYMENT OF CLAIMS FOR JAN-26,01-Jul-2026
COMMUNITY HEALTH NURSES TRAINING SCHOOL CLINIC,TAMALE,1799.29,PAYMENT OF CLAIMS FOR APR-26,01-Jul-2026
COPPON CHPS,BIRIM SOUTH,1034.77,PAYMENT OF CLAIMS FOR MAY-26,01-Jul-2026
COPPON CHPS,BIRIM SOUTH,810.21,PAYMENT OF CLAIMS FOR APR-26,01-Jul-2026
CORONATION (PLAZA) HEALTH CENTRE,BOLGA,23393.49,PAYMENT OF CLAIMS FOR APR-26,01-Jul-2026
CUNIBERTO CLINIC,AKATSI,13300.27,PAYMENT OF CLAIMS FOR FEB 2026,01-Jul-2026
DA-EYIREI CHPS,WA WEST,442.90,PAYMENT OF CLAIMS FOR FEB-26,01-Jul-2026
DA-EYIREI CHPS,WA WEST,324.40,PAYMENT OF CLAIMS FOR APR-26,01-Jul-2026
DABALA HEALTH CENTRE,SOUTH TONGU,14325.83,PAYMENT OF CLAIMS FOR FEB-26,01-Jul-2026
DABALA HEALTH CENTRE,SOUTH TONGU,15421.22,PAYMENT OF CLAIMS FOR JAN-26,01-Jul-2026
DABIA CHPS,PUSIGA,6986.21,PAYMENT OF CLAIMS FOR APR-26,01-Jul-2026
DABILLA CHPS COMPOUND,GARU,3068.82,PAYMENT OF CLAIMS FOR APR-26,01-Jul-2026
DABO CHPS COMPOUND,WA WEST,6772.44,PAYMENT OF CLAIMS FOR MAR-26,01-Jul-2026
DABOASE HEALTH CENTRE,MPOHOR WASS E,83269.44,PAYMENT OF CLAIMS FOR MAR-25,01-Jul-2026
DADEASE CHPS COMPOUND,SEKYERE EAST,1128.83,PAYMENT OF CLAIMS FOR APR. 2026,01-Jul-2026
DADEKRO CHPS,KRACH WEST,1892.75,PAYMENT OF CLAIMS FOR JAN-26,01-Jul-2026
DADEKRO CHPS,KRACH WEST,1559.62,PAYMENT OF CLAIMS FOR MAR. 2026,01-Jul-2026
DADIESO HEALTH CENTRE / POLYCLINIC,AOWIN SUAMAN,95246.32,PAYMENT OF CLAIMS FOR JAN-26,01-Jul-2026
DAFFIAMA HEALTH CENTRE,NADOWLI,15866.27,PAYMENT OF CLAIMS FOR APR-26,01-Jul-2026
DAFOR CHPS,KPANDO,3909.06,PAYMENT OF CLAIMS FOR FEB-26,01-Jul-2026
DAFOR CHPS,KPANDO,4016.05,PAYMENT OF CLAIMS FOR MAR-26,01-Jul-2026
DAGBAMATE CHPS,AKATSI,3720.20,PAYMENT OF CLAIMS FOR FEB-26,01-Jul-2026
DAGBAMATE CHPS,AKATSI,4878.47,PAYMENT OF CLAIMS FOR MAR-26,01-Jul-2026
DAGBAMBIA CHPS COMPOUND,EAST GONJA,1037.99,PAYMENT OF CLAIMS FOR APR. 2026,01-Jul-2026
DAGBERIBOARE CHPS COMPOUND,EAST MAMPRUSI,5368.90,PAYMENT OF CLAIMS FOR FEB-26,01-Jul-2026
DAGO CHPS,AKUAPEM S,2537.70,PAYMENT OF CLAIM FOR FEB-26,01-Jul-2026
DAGO CHPS,AKUAPEM S,3373.76,PAYMENT OF CLAIM FOR APR-26,01-Jul-2026
DAGOMBA CHPS COMPOUND,SEKYERE EAST,2235.34,PAYMENT OF CLAIM FOR MAR-26,01-Jul-2026
DAHILE CHPS,JIRAPA-LAMB,501.18,PAYMENT OF CLAIMS FOR APR. 2026,01-Jul-2026
DAIN-KOPE CHPS ZONE,NKWANTA,2369.57,PAYMENT OF CLAIM FOR FEB-26,01-Jul-2026
DAKURPE HEALTH CENTRE,BOLE DMHIS,9525.12,PAYMENT OF CLAIMS FOR MAR-26,01-Jul-2026
DALIVE CHPS COMPOUND,SOUTH TONGU,2090.78,PAYMENT OF CLAIMS FOR APR-26,01-Jul-2026
DAMANKO HEALTH CENTRE (V/R),NKWANTA,14649.51,ACCRUAL OF UNVETTED CLAIMS FOR DEC-25,01-Jul-2026
DAMBAI HEALTH CENTER,KRACHI EAST,63745.47,PAYMENT OF CLAIMS FOR JAN-26,01-Jul-2026
DAMONGO HEALTH CENTRE,WEST GONJA,30962.41,PAYMENT OF CLAIMS FOR APR-26,01-Jul-2026
DAMPAASE CHPS,GOMOAMAN,680.32,PAYMENT OF CLAIMS FOR APR. 2026,01-Jul-2026
DANSOMAN POLYCLINIC,GREATER ACCRA,25347.21,PAYMENT OF CLAIMS FOR FEB-26,01-Jul-2026
DANSOMAN POLYCLINIC,GREATER ACCRA,23300.14,PAYMENT OF CLAIMS FOR JAN-26,01-Jul-2026
DANTENG HEALTH CENTRE,OKWAHUMAN W,7809.56,PAYMENT OF CLAIMS FOR MAR-26,01-Jul-2026
DANTENG HEALTH CENTRE,OKWAHUMAN W,10463.51,PAYMENT OF CLAIMS FOR MAY-26,01-Jul-2026
DANYAME HEALTH CENTRE,DORMAA,14269.21,PAYMENT OF CLAIMS FOR MAR-26,01-Jul-2026
DANYAME HEALTH CENTRE,DORMAA,12702.12,PAYMENT OF CLAIMS FOR FEB-26,01-Jul-2026
DANYAUKURA CHPS,WA EAST,1012.06,PAYMENT OF CLAIMS FOR APR. 2026,01-Jul-2026
DAPAA CHPS COMPOUND,KADJEBI,3888.52,PAYMENT OF CLAIMS FOR MAR-26,01-Jul-2026
DAPUORI HEALTH CENTRE(ST CHRISTOPHER H/C),NADOWLI,8341.24,PAYMENT OF CLAIMS FOR MAR-26,01-Jul-2026
DARMANG CHPS ZONE,WASSA AMENFI E,874.77,PAYMENT OF CLAIMS FOR APR-26,01-Jul-2026
DARMANG CHPS ZONE,WASSA AMENFI E,942.30,PAYMENT OF CLAIMS FOR FEB-26,01-Jul-2026
DASAGUA CHPS COMPOUND,NKORANZA,674.41,PAYMENT OF CLAIMS FOR MAR-26,01-Jul-2026
DASAGUA CHPS COMPOUND,NKORANZA,1373.53,PAYMENT OF CLAIMS FOR APR-26,01-Jul-2026
DASIMA CHPS COMPOUND,SISSALA WEST,3005.09,PAYMENT OF CLAIM FOR APR-26,01-Jul-2026
DASUM CHPS,GOMOAMAN,1817.73,PAYMENT OF CLAIMS FOR MAR. 2026,01-Jul-2026
DASUM CHPS,GOMOAMAN,1392.28,PAYMENT OF CLAIMS FOR APR. 2026,01-Jul-2026
DATANO CHPS COMPOUND - AMANSIE WEST,AMANSIE WEST,2174.23,PAYMENT OF CLAIMS FOR FEB-26,01-Jul-2026
"DATANO CHPS,",SEFWI WIAWSO,5294.25,PAYMENT OF CLAIMS FOR MAR-26,01-Jul-2026
AMUEKU CHPS,AMENFIMAN,1584.25,PAYMENT OF CLAIMS FOR FEB-26,01-Jul-2026
ANDO CHILDREN'S CLINIC,OGUAMAN,4410.02,PAYMENT OF CLAIMS FOR FEB-26,01-Jul-2026
ANLO AFIADENYIGBA HEALTH CENTRE,KETA,15080.31,PAYMENT OF CLAIMS FOR FEB-26,01-Jul-2026
ANWEAM CHPS COMPOUND,KWAEBIBIREM DMH,2611.28,PAYMENT OF CLAIMS FOR JAN-26,01-Jul-2026
ANWIAFUTU CHPS COMPOUND (AOWIN),AOWIN-SUAMAN,3734.36,PAYMENT OF CLAIMS FOR JAN-26,01-Jul-2026
APODABOGO CHPS,BAWKU WEST,1147.83,CLAIMS PAYMENT FOR DEC-25,01-Jul-2026
APREMDO CHPS,TAKORADI,9402.39,PAYMENT OF CLAIMS FOR JAN-26,01-Jul-2026
APRUSAYA CHPS,NANUMBA SOUTH,2316.75,PAYMENT OF CLAIMS FOR FEB-26,01-Jul-2026
ASAREKROM RURAL CLINIC,ASUNAFO S,7359.27,PAYMENT OF CLAIMS FOR JAN-26,01-Jul-2026
ASOKWA HEALTH CENTRE,ADANSI NORTH,22824.02,PAYMENT OF CLAIMS FOR FEB-26,01-Jul-2026
ASSIN ACHIASE CHPS  COMPOUND,ASSIN SOUTH,2070.94,PAYMENT OF CLAIMS FOR JAN-26,01-Jul-2026
ASSIN DANSAME CHPS COMPOUND,ASSIN NORTH,5258.81,PAYMENT OF CLAIMS FOR JAN-26,01-Jul-2026
ASSIN NUANUA CHPS COMPOUND,ASSIN SOUTH,3620.55,PAYMENT OF CLAIMS FOR FEB-26,01-Jul-2026
ASUANSI RURAL CLINIC.,ABURA-ASEBU-KWA,3925.74,PAYMENT OF CLAIMS FOR FEB-26,01-Jul-2026
ASUANSI RURAL CLINIC.,ABURA-ASEBU-KWA,5739.96,PAYMENT OF CLAIMS FOR JAN-26,01-Jul-2026
ASUBUASU HEALTH CENTRE,SEKYERE WEST,13111.32,PAYMENT OF CLAIMS FOR JAN-26,01-Jul-2026
ATONSU HEALTH CENTRE (SEKYERE),SEKYERE WEST,24807.99,PAYMENT OF CLAIMS FOR FEB-26,01-Jul-2026
ATTOBRAKROM CHPS COMPOUND,AMENFIMAN,1965.63,PAYMENT OF CLAIMS FOR APR. 2026,01-Jul-2026
ATWEREBOANA CHPS COMPOUND,ADANSI NORTH,6060.18,PAYMENT OF CLAIMS FOR JAN-26,01-Jul-2026
ATWEREBOANA CHPS COMPOUND,ADANSI NORTH,6323.07,PAYMENT OF CLAIMS FOR FEB-26,01-Jul-2026
ATWEREBOANDA CHPS COMPOUND,SHAMA,1048.76,PAYMENT OF CLAIMS FOR FEB-26,01-Jul-2026
ATWIMA TECHIMAN CHPS COMPOUND,BOSOMTWE-ATWIMA,3394.64,PAYMENT OF CLAIMS FOR FEB-26,01-Jul-2026
AZUWERA CHPS,BAWKU WEST,1620.78,CLAIMS PAYMENT FOR OCT-25,01-Jul-2026
BAAKO CHPS COMPOUND,Asikuma Odoben,2907.30,PAYMENT OF CLAIMS FOR FEB-26,01-Jul-2026
BADUKROM CHPS COMPOUND,WASSA-WEST,138.35,PAYMENT OF CLAIMS FOR MAR-26,01-Jul-2026
BEPOASE CHPS COMPOUND,BODI,2754.14,PAYMENT OF CLAIMS FOR FEB-26,01-Jul-2026
BEPOSO CHIPS COMPOUND (BIRIM SOUTH),BIRIM SOUTH,5720.30,PAYMENT OF CLAIMS FOR MAR-26,01-Jul-2026
BEPOSO CHPS COMPOUND (BAR),ASUNAFO SOUTH,5304.05,PAYMENT OF CLAIMS FOR FEB-26,01-Jul-2026
BEPOSO CHPS COMPOUND (SHAMA),SHAMA,5467.46,PAYMENT OF CLAIMS FOR FEB-26,01-Jul-2026
BOATELEGU CHPS,BUNKPURUGU YUNY,1801.41,PAYMENT OF CLAIMS FOR FEB-26,01-Jul-2026
BODAA CHPS COMPOUND,JAMAN S,14452.67,PAYMENT OF CLAIMS FOR JAN-26,01-Jul-2026
BODOMA CHPS COMPOUND,AMANSIE EAST,976.50,PAYMENT OF CLAIMS FOR FEB-26,01-Jul-2026
BOFOURKROM HEALTH CENTRE,SUNYANI WEST,3369.02,PAYMENT OF CLAIMS FOR JAN-26,01-Jul-2026
BOI HEALTH CENTRE,GA,4151.52,PAYMENT OF CLAIMS FOR JAN-26,01-Jul-2026
BOLNI HEALTH CENTER,NANUMBA NORTH,2705.27,PAYMENT OF CLAIMS FOR FEB-26,01-Jul-2026
BOMFA HEALTH CENTRE,EJISU-JUABEN,11353.60,PAYMENT OF CLAIMS FOR JAN-25,01-Jul-2026
BREKU CHPS COMPOUND,ASANTE AKIM SOU,809.29,PAYMENT OF CLAIMS FOR JAN-26,01-Jul-2026
BRONIKROM CHPS COMPOUND,PRU,1230.47,PAYMENT OF CLAIMS FOR JAN-26,01-Jul-2026
DADEASE CHPS COMPOUND,SEKYERE EAST,942.19,PAYMENT OF CLAIMS FOR FEB-26,01-Jul-2026
DAGADU CHPS COMPOUND,TAIN,21335.12,PAYMENT OF CLAIMS FOR JAN-26,01-Jul-2026
DANGBE CHPS COMPOUND,NANUMBA NORTH,11960.67,PAYMENT OF CLAIMS FOR FEB-26,01-Jul-2026
DAWA CHPS COMPOUND,DANGME W,1854.90,PAYMENT OF CLAIMS FOR JAN-26,01-Jul-2026
DIGYA CHPS,AFRAM PLAINS,342.10,PAYMENT OF CLAIMS FOR FEB-26,01-Jul-2026
DISUEANO CHPS COMPOUND,AOWIN-SU,919.69,PAYMENT OF CLAIMS FOR FEB-26,01-Jul-2026
DOBA CHPS COMPOUND,KASENA-NANKANA,3979.38,PAYMENT OF CLAIMS FOR JAN-26,01-Jul-2026
DOMEABRA CHPS COMPOUND - WASSA AMENFI EAST,WASSA AMENFI EA,401.59,PAYMENT OF CLAIMS FOR MAR-26,01-Jul-2026
DOMEABRA NEWTOWN CHPS COMPOUND,ASANTE AKIM NOR,1036.14,PAYMENT OF CLAIMS FOR APR-26,01-Jul-2026
DORKPLOAME CHPS COMPOUND,SOUTH TONGU,2133.35,PAYMENT OF CLAIMS FOR FEB-26,01-Jul-2026
DUNGU CHPS,SAGNARIGU,1554.12,PAYMENT OF CLAIMS FOR FEB-26,01-Jul-2026
EKURABADZE CHPS ZONE,CENTRAL,1005.87,PAYMENT OF CLAIMS FOR JAN-26,01-Jul-2026
ESSUEKYIR CHPS COMPOUND,OGUAMAN,4749.12,PAYMENT OF CLAIMS FOR MAR-26,01-Jul-2026
FANTE BAWJIASE CHPS,AGONA,314.36,PAYMENT OF CLAIMS FOR JAN-26,01-Jul-2026
FANTE BAWJIASE CHPS,AGONA,314.42,PAYMENT OF CLAIMS FOR FEB-26,01-Jul-2026
FEO CHPS,BONGO,14076.73,CLAIMS PAYMENT FOR DEC-25,01-Jul-2026
FETTEH KAKRABA CHPS COMPOUND,GOMOA,2129.25,PAYMENT OF CLAIMS FOR FEB-26,01-Jul-2026
FEYIASE CHPS COMPOUND,BOSOMTWE-ATWIMA,1846.51,PAYMENT OF CLAIMS FOR JAN-26,01-Jul-2026
FOSUANSA CHPS COMPOUND,ASIKUMA ODO BRA,4170.84,PAYMENT OF CLAIMS FOR JAN-26,01-Jul-2026
"FUNSI HEALTH CENTRE,",WA EAST,3131.01,PAYMENT OF CLAIMS FOR FEB-26,01-Jul-2026
GARIZEGU CHPS,SAGNARIGU,2790.28,PAYMENT OF CLAIMS FOR FEB-26,01-Jul-2026
GBEDEMA CHPS COMPOUND,BUILSA,8388.50,PAYMENT OF CLAIMS FOR JAN-26,01-Jul-2026
GBUNGBALIGA CHPS,YENDI,5722.41,PAYMENT OF CLAIMS FOR FEB-26,01-Jul-2026
GBUNGBALIGA CHPS,YENDI,4167.41,ACCRUAL OF UNVETTED CLAIMS FOR DEC-25,01-Jul-2026
GIDIKPOE CHPS COMPOUND,NORTH TONGU,1123.14,PAYMENT OF CLAIMS FOR JAN-26,01-Jul-2026
GOMOA MANSO CHPS COMPOUND,GOMOAMAN,2591.49,PAYMENT OF CLAIMS FOR JAN-26,01-Jul-2026
GOVIEFE AGODOME CHPS COMPOUND,HOHOE,1770.17,PAYMENT OF CLAIMS FOR MAR-26,01-Jul-2026
GOVIEFE AGODOME CHPS COMPOUND,HOHOE,2679.21,PAYMENT OF CLAIMS FOR MAR-26,01-Jul-2026
GYEDUA CHPS COMPOUND,WASSA AMENFI E,3156.05,PAYMENT OF CLAIMS FOR NOV-25,01-Jul-2026
GYEDUA CHPS COMPOUND,WASSA AMENFI E,2151.81,PAYMENT OF CLAIMS FOR JAN-26,01-Jul-2026
HARBOUR CLINIC (PRU),PRU,31374.55,PAYMENT OF CLAIMS FOR FEB-26,01-Jul-2026
HYEWOHODEN CHPS,OKWAWUMAN S,1233.09,PAYMENT OF CLAIMS FOR JAN-26,01-Jul-2026
JANJORI-KUKUO H/ CENTRE,SAVE/NANTONG,8899.65,PAYMENT OF CLAIMS FOR FEB-26,01-Jul-2026
JUANSA HEALTH CENTRE,ASANTE AKIM N,149644.25,PAYMENT OF CLAIMS FOR DEC 25,01-Jul-2026
KAYORO-WURU CHPS,KASENA-NAN,3799.92,CLAIMS PAYMENT NOV 25,01-Jul-2026
KITARE HEALTH CENTRE,EAST GONJA,14167.60,PAYMENT OF CLAIMS FOR FEB-26,01-Jul-2026
KOJOKROM CHPS COMPOUND,SEFWI AKON,2757.55,PAYMENT OF CLAIMS FOR FEB-26,01-Jul-2026
KOKOASE CHPS COMPOUND,WESTERN,395.82,PAYMENT OF CLAIMS FOR FEB-26,01-Jul-2026
KOKOASE CHPS COMPOUND,WESTERN,700.29,PAYMENT OF CLAIMS FOR MAR-26,01-Jul-2026
KONGO-LOGRE ( MARY IMMACULATE HEALTH CENTRE,UPPER EAST,20521.68,PAYMENT OF CLAIMS FOR APR-26,01-Jul-2026
KONZOKALAA CHPS COMPOUND,NADOWLI,1617.78,PAYMENT OF CLAIMS FOR FEB-26,01-Jul-2026
KPATIA CHPS COMPOUND,TALENSI NAB,953.35,PAYMENT OF CLAIMS FOR FEB-26,01-Jul-2026
KPEMBE CHPS COMPOUND,EAST GONJA,399.89,PAYMENT OF CLAIMS FOR JAN-26,01-Jul-2026
KPORMETERY CHPS COMPOUND,AWUTU-EFFUTU-SE,211.10,PAYMENT OF CLAIMS FOR FEB-26,01-Jul-2026
KUNDUGU HEALTH CENTRE,WA EAST,3717.19,PAYMENT OF CLAIMS FOR FEB-26,01-Jul-2026
KUNKUA CHPS COMPOUND,BOLGA,3238.54,PAYMENT OF CLAIMS FOR JAN-26,01-Jul-2026
KUNSU CAMP CHPS COMPOUND,AHAFO,4244.59,PAYMENT OF CLAIMS FOR JAN-26,01-Jul-2026
KUNSU HEALTH CENTRE,AHAFO ANO SOUTH,20205.60,PAYMENT OF CLAIMS FOR JAN-26,01-Jul-2026
KUPALI CHPS,KARAGA,2831.47,PAYMENT OF CLAIMS FOR JAN-26,01-Jul-2026
KURUGU CHPS COMPOUND,KASENA-NAN,5209.92,PAYMENT OF CLAIMS FOR FEB-26,01-Jul-2026
LADY JULIA HEALTH CENTER,ASOKWA SUB-METR,12854.61,PAYMENT OF CLAIMS FOR JAN-26,01-Jul-2026
LARBIKROM CHPS,KWAEBIBIREM,5993.90,PAYMENT OF CLAIMS FOR JAN-26,01-Jul-2026
LESSENI CHPS,EAST GONJA,3192.67,PAYMENT OF CLAIMS FOR FEB-26,01-Jul-2026
LOTAKOR CHPS ZONE,KETU,3283.09,PAYMENT OF CLAIMS FOR FEB-26,01-Jul-2026
MADINA CHPS COMPOUND,BOLGA,1961.33,PAYMENT OF CLAIMS FOR FEB-26,01-Jul-2026
MAMPONG URBAN CHPS,AKUAPEM NORTH,2632.22,PAYMENT OF CLAIMS FOR FEB-26,01-Jul-2026
MANTUKWA CHPS JUABOSO,JUABOSO,124.24,PAYMENT OF CLAIMS FOR JAN 2026,01-Jul-2026
MODASO CHPS COMPOUND,UPPER DENKYIRA,3525.93,PAYMENT OF CLAIMS FOR JAN-26,01-Jul-2026
MOSEASO CHPS COMPOUND (AMENFI EAST),AMENFIMAN MHIS,771.13,PAYMENT OF CLAIMS FOR FEB-26,01-Jul-2026
MPRIM CHPS COMPOUND,SEKYERE WEST,1220.22,PAYMENT OF CLAIMS FOR FEB-26,01-Jul-2026
NAKPAA CHPS COMPOUND,NANUMBA N,8552.98,PAYMENT OF CLAIMS FOR FEB-26,01-Jul-2026
NAMASA CHPS COMPOUND,TAIN DIST,14028.98,PAYMENT OF CLAIMS FOR JAN-26,01-Jul-2026
NEW KOFORIDUA CHPS COMPOUND,JUABEN,2561.08,PAYMENT OF CLAIMS FOR FEB-26,01-Jul-2026
NEWSAWERESO CHPS COMPOUND,ASUNAFO,10694.49,PAYMENT OF CLAIMS FOR JAN-26,01-Jul-2026
NKONYA CHPS COMPOUND,SEFWI WIAWSO DM,596.24,PAYMENT OF CLAIMS FOR FEB-26,01-Jul-2026
NKROMA CHPS,ATWIMA MPONOA,7016.16,PAYMENT OF CLAIMS FOR JAN-26,01-Jul-2026
NKWANTANAN CHPS,GOMOAMAN,357.41,PAYMENT OF CLAIMS FOR FEB-26,01-Jul-2026
NOBERKAW CHPS,ASUNAFO S,7209.24,PAYMENT OF CLAIMS FOR JAN-26,01-Jul-2026
NSAKINA CHPS COMPOUND,GA,392.50,PAYMENT OF CLAIMS FOR JAN-26,01-Jul-2026
NSUAEM CHPS COMPOUND,AMANSIE EAST,4588.56,PAYMENT OF CLAIMS FOR JAN-26,01-Jul-2026
NSUANSA CHPS(EASTERN),BIRIM SOUTH,550.94,PAYMENT OF CLAIMS FOR JAN-26,01-Jul-2026
NTAKEM CHPS COMPOUND,BIBIANI-ANHWIAS,1606.73,PAYMENT OF CLAIMS FOR JAN-26,01-Jul-2026
NTONSUA CHPS COMPOUND,OBUASI MUNICIPA,601.10,PAYMENT OF CLAIMS FOR JAN-26,01-Jul-2026
NYAGBO-GAGBEFE CHPS COMPOUND,HOHOE,4974.41,PAYMENT OF CLAIMS FOR APR-26,01-Jul-2026
NYAMEKROM CHPS COMPOUND.,NEW JUABEN,1250.06,PAYMENT OF CLAIMS FOR FEB-26,01-Jul-2026
NYANYANO HEALTH CENTRE,GOMOAMAN HIS,16419.22,PAYMENT OF CLAIMS FOR FEB-26,01-Jul-2026
NYINASE CHPS,TWI HEM LO DEN,2751.67,PAYMENT OF CLAIMS FOR FEB-26,01-Jul-2026
OTOASE CHPS COMPOUND,SUHUM KRA C,1926.68,PAYMENT OF CLAIMS FOR FEB-26,01-Jul-2026
OTUATER CHPS,FANTEAKWA,1788.31,PAYMENT OF CLAIMS FOR FEB-26,01-Jul-2026
PAKRO ZONGO CHPS COMPOUND,AKUAPEM S,12068.62,PAYMENT OF CLAIMS FOR DEC-25,01-Jul-2026
PATABAN CHPS COMPOUND,ASANTE AKIM NOR,379.95,PAYMENT OF CLAIMS FOR JAN-26,01-Jul-2026
POKUKROM HEALTH CENTRE,AHAFO ANO SOUTH,33241.58,CLAIMS PAYMENT FOR DEC. 2025,01-Jul-2026
POTROASE CHPS,EAST AKIM,4803.67,PAYMENT OF CLAIMS FOR FEB-26,01-Jul-2026
PUMPUNGU CHPS COMPOUND,BOLGATANGA,2137.16,PAYMENT OF CLAIMS FOR FEB-26,01-Jul-2026
SAKYIKROM CHPS,KWAEBIBIREM,3046.59,PAYMENT OF CLAIMS FOR FEB-26,01-Jul-2026
SALVATION ARMY URBAN AID HEALTH CENTRE,AYAWASO,17661.02,PAYMENT OF CLAIMS FOR MAR-26,01-Jul-2026
SANTROKOFI BUME HEALTH CENTRE,HOHOE,3494.21,PAYMENT OF CLAIM FOR FEB-26,01-Jul-2026
SASEKOPE CHPS,SOUTH TONGU,457.45,PAYMENT OF CLAIMS FOR FEB-26,01-Jul-2026
SEBEBIA CHPS COMPOUND,BIA,2693.69,PAYMENT OF CLAIMS FOR JAN-26,01-Jul-2026
SHAMA HEALTH CENTRE,SHAMA,65517.24,PAYMENT OF CLAIMS FOR FEB 2026,01-Jul-2026
SHIA HEALTH CENTRE.,HO,7175.31,PAYMENT OF CLAIMS FOR FEB-26,01-Jul-2026
SOKODE ANDO/BAGBLE CHPS,HO,6029.51,PAYMENT OF CLAIMS FOR FEB-26,01-Jul-2026
SUBONPANG CHPS,TANO N,7075.08,PAYMENT OF CLAIMS FOR JAN-26,01-Jul-2026
SUHYEN CHPS COMPOUND,NEW JUABEN MHIS,4556.22,PAYMENT OF CLAIMS FOR FEB-26,01-Jul-2026
TANOANO CHPS COMPOUND,TANO NORTH,3299.75,PAYMENT OF CLAIMS FOR JAN-26,01-Jul-2026
TANOKROM CHPS,AMENFIMAN,644.39,PAYMENT OF CLAIMS FOR FEB-26,01-Jul-2026
TANYELI CHPS,KARAGA,2511.61,PAYMENT OF CLAIMS FOR FEB-26,01-Jul-2026
TREDE HEALTH CENTRE,BOSOMTWE-A_K,15186.07,PAYMENT OF CLAIMS FOR FEB-26,01-Jul-2026
VINGVING CHPS,JIRAPA LAMBUSSI,1605.98,PAYMENT OF CLAIMS FOR FEB-26,01-Jul-2026
WAMASI CHPS COMPOUND,ADANSI SOUTH,766.77,CLAIMS PAYMENT-NOV 25,01-Jul-2026
WANTUGU HEALTH CENTRE,TOLON/KUM,9094.59,PAYMENT OF CLAIMS FOR FEB-26,01-Jul-2026
WIAE CHPS COMPOUND,EAST GONJA,14663.38,PAYMENT OF CLAIMS FOR FEB-26,01-Jul-2026
YABRASO CHPS,TAIN,9826.26,PAYMENT OF CLAIMS FOR JAN-26,01-Jul-2026
YARIGABISI CHPS COMPOUND,BOLGATANGA,2328.16,PAYMENT OF CLAIMS FOR FEB-26,01-Jul-2026
YONG CHPS,SAVELUGU-NANTON,1912.61,PAYMENT OF CLAIMS FOR JAN-26,01-Jul-2026
YONG CHPS,SAVELUGU-NANTON,1041.36,PAYMENT OF CLAIMS FOR APR-26,01-Jul-2026
ZONGO MACHERI HEALTH CENTRE,KRACHI WEST,2108.62,PAYMENT OF CLAIMS FOR JAN-26,01-Jul-2026
ABRONYE CHPS,SUNYANI W,3111.88,PAYMENT OF CLAIMS FOR JAN-26,01-Jul-2026
MILE 18 HEALTH CENTER,AMANSIE CENTRAL,20526.69,PAYMENT OF CLAIMS FOR AUG-25,01-Jul-2026
MILE 18 HEALTH CENTER,AMANSIE CENTRAL,16728.01,PAYMENT OF CLAIMS FOR SEP-25,01-Jul-2026
MILE 18 HEALTH CENTER,AMANSIE CENTRAL,13954.53,PAYMENT OF CLAIMS FOR OCT-25,01-Jul-2026
MILE 18 HEALTH CENTER,AMANSIE CENTRAL,14353.74,PAYMENT OF CLAIMS FOR NOV-25,01-Jul-2026
MILE 18 HEALTH CENTER,AMANSIE CENTRAL,12685.03,PAYMENT OF CLAIMS FOR DEC-25,01-Jul-2026
MILE 18 HEALTH CENTER,AMANSIE CENTRAL,13712.93,PAYMENT OF CLAIMS FOR JAN-26,01-Jul-2026
MILE 18 HEALTH CENTER,AMANSIE CENTRAL,11051.70,PAYMENT OF CLAIMS FOR JAN-26,01-Jul-2026
AMOAMANG CHPS,ATWIMA NWABIAGY,330.43,PAYMENT OF CLAIMS FOR DEC-25,01-Jul-2026
SRA HEALTH CENTRE,SUHUM KRA C,445.33,PAYMENT OF CLAIMS FOR DEC-25,01-Jul-2026
MANHYIA DISTRICT HOSPITAL,MANHYIA,800345.83,PAYMENT OF CLAIMS FOR MAY-25,01-Jul-2026
BRONG AHAFO ANGLICAN HEALTH SERVICES,SUNYANI,22313.69,PAYMENT OF CLAIMS FOR FEB-26,01-Jul-2026
BRONG AHAFO ANGLICAN HEALTH SERVICES,SUNYANI,26555.22,PAYMENT OF CLAIMS FOR APR-26,01-Jul-2026
BRONG AHAFO ANGLICAN HEALTH SERVICES,SUNYANI,20287.63,PAYMENT OF CLAIMS FOR MAR-26,01-Jul-2026
KYERADESO CHPS COMPOUND,NKORANZA SOUTH,1726.56,PAYMENT OF CLAIMS FOR OCT-24,01-Jul-2026
KYERADESO CHPS COMPOUND,NKORANZA SOUTH,1724.74,PAYMENT OF CLAIMS FOR NOV-24,01-Jul-2026
KYERADESO CHPS COMPOUND,NKORANZA SOUTH,1904.87,PAYMENT OF CLAIMS FOR DEC-24,01-Jul-2026
KYERADESO CHPS COMPOUND,NKORANZA SOUTH,2268.88,PAYMENT OF CLAIMS FOR JAN-25,01-Jul-2026
KYERADESO CHPS COMPOUND,NKORANZA SOUTH,1549.86,PAYMENT OF CLAIMS FOR FEB-25,01-Jul-2026
KYERADESO CHPS COMPOUND,NKORANZA SOUTH,1789.17,PAYMENT OF CLAIMS FOR MAR-25,01-Jul-2026
KYERADESO CHPS COMPOUND,NKORANZA SOUTH,2760.12,PAYMENT OF CLAIMS FOR APR-25,01-Jul-2026
KYERADESO CHPS COMPOUND,NKORANZA SOUTH,3297.20,PAYMENT OF CLAIMS FOR MAY-25,01-Jul-2026
KYERADESO CHPS COMPOUND,NKORANZA SOUTH,2293.73,PAYMENT OF CLAIMS FOR JUN-25,01-Jul-2026
KYERADESO CHPS COMPOUND,NKORANZA SOUTH,2032.68,PAYMENT OF CLAIMS FOR JUL-25,01-Jul-2026
KYERADESO CHPS COMPOUND,NKORANZA SOUTH,2557.18,PAYMENT OF CLAIMS FOR AUG-25,01-Jul-2026
KYERADESO CHPS COMPOUND,NKORANZA SOUTH,2725.14,PAYMENT OF CLAIMS FOR SEP-25,01-Jul-2026
KYERADESO CHPS COMPOUND,NKORANZA SOUTH,1309.83,PAYMENT OF CLAIMS FOR OCT-25,01-Jul-2026
KYERADESO CHPS COMPOUND,NKORANZA SOUTH,2019.59,PAYMENT OF CLAIMS FOR DEC-25,01-Jul-2026
KYERADESO CHPS COMPOUND,NKORANZA SOUTH,1696.33,PAYMENT OF CLAIMS FOR JAN-26,01-Jul-2026
KYERADESO CHPS COMPOUND,NKORANZA SOUTH,3741.74,PAYMENT OF CLAIMS FOR FEB-26,01-Jul-2026
BOLGATANGA REGIONAL HOSPITAL,BOLGATANGA,1018461.44,PAYMENT OF CLAIMS FOR FEB 26,01-Jul-2026
HOLY FAMILY HOSPITAL BREKUM,BEREKUM,1386707.49,PAYMENT OF CLAIMS FOR JAN-26,01-Jul-2026
HOLY FAMILY HOSPITAL (TECHIMAN),TECHIMAN MUNICI,2209066.99,PAYMENT OF CLAIMS FOR FEB-26,01-Jul-2026
NTANAASO CHPS COMPOUND,NKORANZA,7244.45,PAYMENT OF CLAIMS FOR APR-26,01-Jul-2026
NTEWUSAE HEALTH CENTRE (KRACHI WEST),KRACHI WEST,11913.00,PAYMENT OF CLAIMS FOR FEB-26,01-Jul-2026
NTRABAN CHPS COMPOUN,KINTAMPO NORTH,2886.30,PAYMENT OF CLAIMS FOR APR-26,01-Jul-2026
NUAMAKROM CHPS COMPOUND,TWIFU HEMANG LO,1407.11,PAYMENT OF CLAIMS FOR APR-26,01-Jul-2026
NUASO CHPS COMPOUND,MANYA KROBO,7100.62,PAYMENT OF CLAIMS FOR APR-26,01-Jul-2026
NUBA CHPS,JOMORO MHIS,1772.81,PAYMENT OF CLAIMS FOR APR. 2026,01-Jul-2026
NUMERESO CHPS COMPOUND,AMANSIE CENT,8874.12,PAYMENT OF CLAIMS FOR APR-26,01-Jul-2026
NUMERESO CHPS COMPOUND,AMANSIE CENT,8870.41,PAYMENT OF CLAIMS FOR FEB-26,01-Jul-2026
NUNGUA ZIMMERMAN HEALTH CENTRE,KPESHIE,6575.64,PAYMENT OF CLAIMS FOR DEC.-25,01-Jul-2026
NUNGUA ZIMMERMAN HEALTH CENTRE,KPESHIE,8074.47,PAYMENT OF CLAIMS FOR FEB.-26,01-Jul-2026
NUTIFAFA HEALTH CENTRE,ADAKLU-ANY,5663.70,PAYMENT OF CLAIMS FOR MAR-26,01-Jul-2026
NWAMASE HEALTH CENTRE,BANTAMA,10989.14,PAYMENT OF CLAIMS FOR FEB-26,01-Jul-2026
NWANDUONU CHPS,SISSALA EAST,3484.06,PAYMENT OF CLAIMS FOR APR-26,01-Jul-2026
NWENESO NO.2 HEALTH CENTER,BOSOMTWE-ATWIMA,2892.39,PAYMENT OF CLAIMS FOR APR-26,01-Jul-2026
NWOASE CHPS COMPOUND,WENCHI DISTRICT,4080.04,PAYMENT OF CLAIMS FOR APR-26,01-Jul-2026
NYAFOMAN CHPS ZONE,BIRIM NORTH DMH,2027.49,PAYMENT OF CLAIMS FOR APR-26,01-Jul-2026
NYAFOMAN CHPS ZONE,BIRIM NORTH DMH,2578.49,PAYMENT OF CLAIMS FOR MAY-26,01-Jul-2026
NYAGBO-GAGBEFE CHPS COMPOUND,HOHOE,6028.14,PAYMENT OF CLAIMS FOR JAN-26,01-Jul-2026
NYAGBO-GAGBEFE CHPS COMPOUND,HOHOE,5410.12,PAYMENT OF CLAIMS FOR MAR-26,01-Jul-2026
NYAKROM HEALTH CENTRE,AGONA NHIS,40978.75,PAYMENT OF CLAIMS FOR APR-26,01-Jul-2026
NYAKUIKOPE CHPS,AFRAM PLAINS,3179.72,PAYMENT OF CLAIM FOR APR-26,01-Jul-2026
NYAKUIKOPE CHPS,AFRAM PLAINS,3149.17,PAYMENT OF CLAIM FOR MAR-26,01-Jul-2026
NYAME NTI CHPS COMPOUND,BIRIM NORTH DMH,3449.84,PAYMENT OF CLAIMS FOR FEB-26,01-Jul-2026
NYAME NTI CHPS COMPOUND,BIRIM NORTH DMH,4022.63,PAYMENT OF CLAIMS FOR MAY-26,01-Jul-2026
NYAME NTI CHPS COMPOUND,BIRIM NORTH DMH,4043.63,PAYMENT OF CLAIMS FOR MAR-26,01-Jul-2026
NYAMEAMA BROFOYEDRU CHPS COMPOUND,DORMAA WEST,3065.42,PAYMENT OF CLAIMS FOR APR-26,01-Jul-2026
NYAMEAMA BROFOYEDRU CHPS COMPOUND,DORMAA WEST,3204.43,PAYMENT OF CLAIM FOR MAR-26,01-Jul-2026
NYAMEBEKYERE CHPS (EASTERN),BRIM NORTH,2733.89,PAYMENT OF CLAIM FOR APR-26,01-Jul-2026
NYAMEBEKYERE CHPS COMPOUND (03-CR-00753),TWIFO HEMAN LOW,703.63,PAYMENT OF CLAIMS FOR APR. 2026,01-Jul-2026
NYAMEBEKYERE CHPS COMPOUND (AMENFI WEST),AMENFI WEST,2833.64,PAYMENT OF CLAIMS FOR APR-26,01-Jul-2026
NYAMEBEKYERE CHPS COMPOUND (ELLEMBELLE),ELEMBELLE,3737.36,PAYMENT OF CLAIMS FOR FEB-26,01-Jul-2026
NYAMEKROM CHPS COMPOUND.,NEW JUABEN,1911.25,PAYMENT OF CLAIMS FOR MAR. 2026,01-Jul-2026
NYAMESSA CHPS COMPOUND,AOWIN-SU,2744.10,PAYMENT OF CLAIM FOR MAR-26,01-Jul-2026
NYANFEKU CHPS (AAK),ABURA-ASEBU-KWA,7204.85,PAYMENT OF CLAIMS FOR MAR-26,01-Jul-2026
NYANGANIA CHPS COMPOUND.,KASENA-NANKANA,2146.88,PAYMENT OF CLAIMS FOR FEB-26,01-Jul-2026
NYANGBO-SROE CHPS COMPOUND,HOHOE,1244.58,PAYMENT OF CLAIMS FOR APR. 2026,01-Jul-2026
NYANGBO-SROE CHPS COMPOUND,HOHOE,1547.09,PAYMENT OF CLAIMS FOR MAR. 2026,01-Jul-2026
NYANGBO-SROE CHPS COMPOUND,HOHOE,1403.26,PAYMENT OF CLAIMS FOR FEB. 2026,01-Jul-2026
NYANKOMASE CHPS COMPOUND,ADANSI NORTH MH,7105.01,PAYMENT OF CLAIMS FOR FEB-26,01-Jul-2026
NYANKPALA HEALTH CENTRE,TOLON/KUM,11434.94,PAYMENT OF CLAIMS FOR APR-26,01-Jul-2026
NYANKUMASI AHENKRO HEALTH CENTRE,ASSIN SOUTH,23731.88,PAYMENT OF CLAIMS FOR FEB-26,01-Jul-2026
NYANKUMASI AHENKRO HEALTH CENTRE,ASSIN SOUTH,24244.40,PAYMENT OF CLAIMS FOR MAR-26,01-Jul-2026
NYANYANO HEALTH CENTRE,GOMOAMAN HIS,20285.48,PAYMENT OF CLAIMS FOR MAR-26,01-Jul-2026
NYATIKPOE CHPS,NORTH TONGU,3394.99,PAYMENT OF CLAIM FOR APR-26,01-Jul-2026
NYINAMPONG CHPS COMPOUND,SEKYERE WEST,761.21,PAYMENT OF CLAIMS FOR MAR-26,01-Jul-2026
NYINASE CHPS,TWI HEM LO DEN,2968.27,PAYMENT OF CLAIMS FOR APR-26,01-Jul-2026
NYIRE CHPS,TAIN DIST,8114.63,PAYMENT OF CLAIMS FOR APR-26,01-Jul-2026
NYIVE HEALTH CENTRE,HO,12873.44,PAYMENT OF CLAIMS FOR APR-26,01-Jul-2026
NYIVE HEALTH CENTRE,HO,12483.54,PAYMENT OF CLAIMS FOR FEB-26,01-Jul-2026
NYOHINI HEALTH CENTRE,TAMALE,27051.25,PAYMENT OF CLAIMS FOR APR-26,01-Jul-2026
NYOLUGU CHPS,SAVE/NANTONG,5348.05,PAYMENT OF CLAIMS FOR MAR-26,01-Jul-2026
NZEMA BAPTIST HOSPITAL,JOMORO MHIS,26362.07,PAYMENT OF CLAIMS FOR FEB-26,01-Jul-2026
OBANDA CHPS ZONE,NKWANTA,2985.84,PAYMENT OF CLAIMS FOR JAN-26,01-Jul-2026
OBEMLA CHPS COMPOUND,HO,1601.81,PAYMENT OF CLAIMS FOR MAR-26,01-Jul-2026
OBENEMASE CHPS COMPOUND,ASANTE AKIM NOR,4031.68,PAYMENT OF CLAIMS FOR MAR-26,01-Jul-2026
OBENG CHPS,AMENFIMAN,4106.99,PAYMENT OF CLAIMS FOR FEB.-26,01-Jul-2026
OBENG CHPS,AMENFIMAN,5472.67,PAYMENT OF CLAIMS FOR MAR-26,01-Jul-2026
OBLOGO HEALTH CENTRE,WEIJA,25043.28,PAYMENT OF CLAIMS FOR MAR-26,01-Jul-2026
OBLOGO HEALTH CENTRE,WEIJA,20737.73,PAYMENT OF CLAIMS FOR FEB-26,01-Jul-2026
OBOKOR CHPS COMPOUND,ABURA-ASEBU-KWA,3471.77,PAYMENT OF CLAIM FOR APR-26,01-Jul-2026
OBOM HEALTH CENTRE,GA,20430.84,PAYMENT OF CLAIMS FOR APR-26,01-Jul-2026
OBOMENG CHPS,OKWAWUMAN HIS S,2999.74,PAYMENT OF CLAIM FOR APR-26,01-Jul-2026
OBOMOFODENSUA CHPS COMPOUND,SUHUM KRA C,1367.69,PAYMENT OF CLAIMS FOR APR-26,01-Jul-2026
OBOOHO CHPS,FANTEAKWA,662.97,PAYMENT OF CLAIMS FOR APR. 2026,01-Jul-2026
OBORPAH HEALTH CENTRE,EASTERN REGION,7507.69,PAYMENT OF CLAIMS FOR MAR-26,01-Jul-2026
OBOTWERI CHPS COMPOUND,AKUAPEM S,4374.51,PAYMENT OF CLAIMS FOR FEB.-26,01-Jul-2026
OBOTWERI CHPS COMPOUND,AKUAPEM S,8708.75,PAYMENT OF CLAIMS FOR MAR-26,01-Jul-2026
OBOURTUMPANG CHPS ZONE,SUHUM KRABOA-CO,701.37,PAYMENT OF CLAIMS FOR MAR. 2026,01-Jul-2026
OBRAYEBONA CHPS COMPOUND,MPOHOR WASS E,629.31,PAYMENT OF CLAIMS FOR APR-26,01-Jul-2026
OBUOHO CHPS COMPOUND,SUHUM DISTRICT,1943.48,PAYMENT OF CLAIMS FOR APR-26,01-Jul-2026
OBUOHO CHPS COMPOUND,SUHUM DISTRICT,2567.94,PAYMENT OF CLAIM FOR MAR-26,01-Jul-2026
ODA GOVERNMENT HOSPITAL,BIRIM SOUTH,582415.10,PAYMENT OF CLAIMS FOR JAN-26,01-Jul-2026
ODA KOTOAMSO CHPS,AMENFIMAN,5172.95,PAYMENT OF CLAIMS FOR MAR-26,01-Jul-2026
ODA NKWANTA CHPS COMPOUND,BIRIM SOUTH,11426.06,PAYMENT OF CLAIMS FOR MAR-26,01-Jul-2026
ODA NKWANTA CHPS COMPOUND,BIRIM SOUTH,9467.47,PAYMENT OF CLAIMS FOR MAR-26,01-Jul-2026
ODUMAN HEALTH CENTRE,GA,99104.35,PAYMENT OF CLAIMS FOR FEB-26,01-Jul-2026
ODUMAN HEALTH CENTRE,GA,127400.45,PAYMENT OF CLAIMS FOR MARCH-26,01-Jul-2026
ODUMASE CHPS,JASIKAN,4091.41,PAYMENT OF CLAIMS FOR JAN.-26,01-Jul-2026
ODUMASE CHPS COMPOUND,BIRIM NORTH,2649.10,PAYMENT OF CLAIM FOR APR-26,01-Jul-2026
ODUMASE HEALTH CENTRE(LOWER MANYA KROBO),MANYA KROBO DMH,7032.56,PAYMENT OF CLAIMS FOR APR-26,01-Jul-2026
ODUMASE HEALTH CENTRE(LOWER MANYA KROBO),MANYA KROBO DMH,9697.10,PAYMENT OF CLAIMS FOR FEB-26,01-Jul-2026
ODUMASI HEALTH CENTER,"OBUASI, ASHANTI",10216.93,PAYMENT OF CLAIMS FOR JAN-26,01-Jul-2026
ODUMASI HEALTH CENTER,"OBUASI, ASHANTI",8109.73,PAYMENT OF CLAIMS FOR FEB-26,01-Jul-2026
OFAAKOR CHPS ZONE (AWUTU SENYA),AWUTU-EFFUTU-SE,1132.41,PAYMENT OF CLAIMS FOR FEB-26,01-Jul-2026
OFFINSO HEALTH CENTRE,OFFINSOMAN,56720.29,PAYMENT OF CLAIMS FOR JAN-26,01-Jul-2026
OFOASE HEALTH CENTRE,ASANTE AKIM SOU,25440.89,PAYMENT OF CLAIMS FOR JAN-26,01-Jul-2026
OFOASE URBAN CHPS (BIRIM NORTH),BIRIM NORTH DMH,857.62,ACCRUAL OF UNVETTED CLAIMS FOR DEC-25,01-Jul-2026
OFORIKROM CHPS,BIRIM SOUTH,7522.80,PAYMENT OF CLAIMS FOR MAY-26,01-Jul-2026
OFORIKROM CHPS,BIRIM SOUTH,7429.50,PAYMENT OF CLAIMS FOR MAR-26,01-Jul-2026
OFOSU CHPS ZONE,NKWANTA,6288.66,PAYMENT OF CLAIMS FOR MAR-26,01-Jul-2026
OGBOJO POLYCLINIC,ADENTA,113246.82,PAYMENT OF CLAIMS FOR MARCH-26,01-Jul-2026
OGBOJO POLYCLINIC,ADENTA,95979.52,PAYMENT OF CLAIMS FOR FEB-26,01-Jul-2026
OHAWU HEALTH CENTRE,KETU NORTH,6835.81,PAYMENT OF CLAIMS FOR MAR-26,01-Jul-2026
OHAWU HEALTH CENTRE,KETU NORTH,7173.52,PAYMENT OF CLAIMS FOR MAR-26,01-Jul-2026
OHIAMPEANIKA CHPS,AMENFIMAN,895.64,PAYMENT OF CLAIMS FOR APR. 2026,01-Jul-2026
OIL MILLS HEALTH CENTER,ATEBUBU,25063.92,PAYMENT OF CLAIMS FOR JAN-26,01-Jul-2026
OIL MILLS HEALTH CENTER,ATEBUBU,25320.66,PAYMENT OF CLAIMS FOR MAR-26,01-Jul-2026
OIL MILLS HEALTH CENTER,ATEBUBU,20314.92,PAYMENT OF CLAIMS FOR FEB-26,01-Jul-2026
OJOBI HEALTH CENTRE,GOMOAMAN,8154.79,PAYMENT OF CLAIMS FOR FEB-26,01-Jul-2026
OJOJA CHPS COMPOUND,ZABZUGU/TATALE,3472.33,PAYMENT OF CLAIM FOR APR-26,01-Jul-2026
OKADJAKROM HEALTH CENTRE,JASIKAN,1990.40,PAYMENT OF CLAIMS FOR MAR. 2026,01-Jul-2026
OKAIKROM CHPS,BIRIM NORTH,7871.99,ACCRUAL OF UNVETTED CLAIMS FOR NOV-25,01-Jul-2026
OKAIKROM CHPS,BIRIM NORTH,6864.25,PAYMENT OF CLAIMS FOR MAR-26,01-Jul-2026
OKAIKROM HEALTH CENTRE,SEKYERE E_EFF,19175.63,PAYMENT OF CLAIMS FOR FEB-26,01-Jul-2026
OKERE DISTRICT HOSPITAL,AKROPONG,42846.48,PAYMENT OF CLAIMS FOR JAN-26,01-Jul-2026
OKERE DISTRICT HOSPITAL,AKROPONG,72651.54,ACCRUAL OF UNVETTED CLAIMS FOR OCT-25,01-Jul-2026
OKORASE CHPS,SUHUM KRA C,3504.63,PAYMENT OF CLAIMS FOR MAR-26,01-Jul-2026
OKORASE CHPS,SUHUM KRA C,5155.65,PAYMENT OF CLAIMS FOR APR-26,01-Jul-2026
OKORASE CHPS COMPOUND,AKUAPEM NORTH,3439.51,PAYMENT OF CLAIM FOR APR-26,01-Jul-2026
OKUAPEMAN EAST ORANGE CLINIC (EASTERN REGION),WEST AKIM,18658.73,PAYMENT OF CLAIMS FOR JAN-26,01-Jul-2026
OKUMANING CHPS,KWAEBIBIREM,6663.17,PAYMENT OF CLAIMS FOR MAR-26,01-Jul-2026
OKYIRIKU CHPS COMPOUND,ABURA-ASEBU-K,3185.78,PAYMENT OF CLAIM FOR APR-26,01-Jul-2026
OLD ABIREM CHPS COMPOUND,BIRIM NORTH DMH,3822.14,PAYMENT OF CLAIM FOR APR-26,01-Jul-2026
OLD AYOMA HEALTH CENTRE,JASIKAN,2031.72,PAYMENT OF CLAIM FOR FEB-26,01-Jul-2026
OLD EBU CHPS ZONE,ABURA ASEBU KWA,1532.37,PAYMENT OF CLAIMS FOR APR-26,01-Jul-2026
OLD ESTATE CHPS COMPOUND,NEW JUABEN,726.44,PAYMENT OF CLAIMS FOR MAR-26,01-Jul-2026
OLD ESTATE CHPS COMPOUND,NEW JUABEN,1291.40,PAYMENT OF CLAIMS FOR JAN-26,01-Jul-2026
OLD GOVERNMENT HOSPITAL (TARKWA),TARKWA,243047.92,PAYMENT OF CLAIMS FOR FEB-26,01-Jul-2026
OLD GOVERNMENT HOSPITAL (TARKWA),TARKWA,267747.26,PAYMENT OF CLAIMS FOR JAN-26,01-Jul-2026
OLLI CHPS,WA WEST,2456.28,PAYMENT OF CLAIM FOR MAR-26,01-Jul-2026
ONYEMSO CHPS,OKWAWUMAN S,3491.54,PAYMENT OF CLAIMS FOR MAR-26,01-Jul-2026
ONYEMSO CHPS,OKWAWUMAN S,2981.34,PAYMENT OF CLAIMS FOR JAN-26,01-Jul-2026
ONYEMSO CHPS,OKWAWUMAN S,2994.21,PAYMENT OF CLAIMS FOR FEB-26,01-Jul-2026
OPEIKUMA CHPS COMPOUND,AWUTU-EFF-SEN,2156.74,PAYMENT OF CLAIMS FOR MAR-26,01-Jul-2026
OPERSIKA HEALTH CENTRE,YILO,6231.65,PAYMENT OF CLAIMS FOR MAR-26,01-Jul-2026
OPERSIKA HEALTH CENTRE,YILO,6122.62,PAYMENT OF CLAIMS FOR APRIL-26,01-Jul-2026
OPPON VALLEY HEALTH CENTRE,WASSA AMENFI E,16792.27,PAYMENT OF CLAIMS FOR APR-26,01-Jul-2026
OPPONGKROM CHPS COMPOUND,ASUNAFO S,4358.39,PAYMENT OF CLAIMS FOR MAR-26,01-Jul-2026
OSABENE CHPS,AKUAPEM N,2009.19,PAYMENT OF CLAIM FOR APR-26,01-Jul-2026
OSEIKROM CHPS COMPOUND,AMANSIE CENTRAL,5934.75,PAYMENT OF CLAIMS FOR FEB.-26,01-Jul-2026
OSENASE HEALTH CENTRE,WEST AKIM,33940.97,PAYMENT OF CLAIMS FOR APR-26,01-Jul-2026
OSENHO-TABITA CHPS COMPOUND,BIRIM SOUTH,1814.63,PAYMENT OF CLAIMS FOR APR-26,01-Jul-2026
OSENHO-TABITA CHPS COMPOUND,BIRIM SOUTH,2014.33,PAYMENT OF CLAIM FOR MAR-26,01-Jul-2026
OSENSO CHPS COMPOUND,MPOHOR WASSA EA,3327.23,PAYMENT OF CLAIMS FOR MAR-26,01-Jul-2026
OSIABURA CHPS,ASUOGYAMAN,842.93,PAYMENT OF CLAIMS FOR MAR-26,01-Jul-2026
OSIABURA CHPS,ASUOGYAMAN,5063.61,PAYMENT OF CLAIMS FOR MAR-26,01-Jul-2026
OSINO HEALTH CENTRE,FANTEAKWA,30270.94,PAYMENT OF CLAIMS FOR MAR-26,01-Jul-2026
OSONSON CHPS ZONE,MANYA KROBO,901.74,PAYMENT OF CLAIMS FOR APR. 2026,01-Jul-2026
OSORASE CHPS COMPOUND,ATIWA,2852.33,PAYMENT OF CLAIM FOR APR-26,01-Jul-2026
OSORASE CHPS COMPOUND,ATIWA,7070.96,PAYMENT OF CLAIMS FOR MAR-26,01-Jul-2026
OSRAMANAE HEALTH CENTRE,KRACHI WEST,7185.04,PAYMENT OF CLAIMS FOR JAN.-26,01-Jul-2026
OSU GOVERNMENT MATERNITY HOME,OSU-KLOTTEY,9683.04,PAYMENT OF CLAIMS FOR APR-26,01-Jul-2026
OSUWEM CHPS COMPOUND,DANGME W,3116.69,PAYMENT OF CLAIM FOR APR-26,01-Jul-2026
OTABANADZE CHPS ZONE,MFANTSIMAN,1143.92,PAYMENT OF CLAIMS FOR FEB. 2026,01-Jul-2026
OTAIPRO CHPS COMPOUND,BIRIM SOUTH,780.51,PAYMENT OF CLAIMS FOR APR. 2026,01-Jul-2026
OTOASE CHPS COMPOUND,SUHUM KRA C,1751.03,PAYMENT OF CLAIMS FOR APR. 2026,01-Jul-2026
OTROKPER REPRODUCTIVE AND CHILD HEALTH (RCH),MANYA KROBO,6725.13,PAYMENT OF CLAIMS FOR MAR-26,01-Jul-2026
OTROKPER REPRODUCTIVE AND CHILD HEALTH (RCH),MANYA KROBO,6994.08,PAYMENT OF CLAIMS FOR MAR-26,01-Jul-2026
OTSENKORANG CHPS COMPOUND,AGONA NHIS,3683.98,PAYMENT OF CLAIM FOR APR-26,01-Jul-2026
OTUATER CHPS,FANTEAKWA,1241.42,PAYMENT OF CLAIMS FOR APR. 2026,01-Jul-2026
OTUATER CHPS,FANTEAKWA,1458.90,PAYMENT OF CLAIMS FOR MAR. 2026,01-Jul-2026
OTUMFUO OSEI TUTU II,AMANSIE EAST,5927.44,PAYMENT OF CLAIMS FOR FEB-26,01-Jul-2026
OTWEKWA CHPS COMPOUND,AGONA,694.91,PAYMENT OF CLAIMS FOR FEB. 2026,01-Jul-2026
OTWERESO CHPS ZONE,BIRIM NORTH,5293.90,PAYMENT OF CLAIMS FOR MAY-26,01-Jul-2026
OTWETIRI CHPS COMPOUND,AKUAPEM NORTH,4044.14,PAYMENT OF CLAIMS FOR MAY-26,01-Jul-2026
OTWETIRI CHPS COMPOUND,AKUAPEM NORTH,4250.32,PAYMENT OF CLAIMS FOR APR-26,01-Jul-2026
"OUR LADY OF FATIMA HEALTH CENTRE, ABEASE",PRU,18378.71,PAYMENT OF CLAIMS FOR MAR-26,01-Jul-2026
"OUR LADY OF FATIMA HEALTH CENTRE, ABEASE",PRU,18378.67,PAYMENT OF CLAIMS FOR FEB-26,01-Jul-2026
OUR LADY OF GRACE HOSPITAL,ASIKUMA ODOBEN,377619.44,PAYMENT OF CLAIMS FOR FEB-26,01-Jul-2026
OYIBI HEALTH CENTRE,ADENTA,9990.98,PAYMENT OF CLAIMS FOR MAR-26,01-Jul-2026
OYIBI HEALTH CENTRE,ADENTA,13440.54,PAYMENT OF CLAIMS FOR APR-26,01-Jul-2026
OYOKO CHPS,BOSOMTWE-ATWIMA,2811.85,PAYMENT OF CLAIMS FOR MAR-26,01-Jul-2026
OYOKO HEALTH CENTRE,NEW JUABEN,43302.86,PAYMENT OF CLAIMS FOR MAR-26,01-Jul-2026
OYOKO HEALTH CENTRE,NEW JUABEN,39264.71,PAYMENT OF CLAIMS FOR APR-26,01-Jul-2026
PABOASE HEALTH CENTRE,SEFWI WIAWSO,11523.76,PAYMENT OF CLAIMS FOR MAR-26,01-Jul-2026
PABOASE HEALTH CENTRE,SEFWI WIAWSO,10646.64,PAYMENT OF CLAIMS FOR FEB-26,01-Jul-2026
PAKRO ZONGO CHPS COMPOUND,AKUAPEM S,8432.91,PAYMENT OF CLAIMS FOR FEB.-26,01-Jul-2026
PAKRO ZONGO CHPS COMPOUND,AKUAPEM S,20280.43,PAYMENT OF CLAIMS FOR JAN-26,01-Jul-2026
PAKRO ZONGO CHPS COMPOUND,AKUAPEM S,12927.61,PAYMENT OF CLAIMS FOR MAR-26,01-Jul-2026
PAMENG CHPS COMPOUND,ATIWA,2011.70,PAYMENT OF CLAIMS FOR FEB-26,01-Jul-2026
PAMPAWIE HEALTH CENTRE,KADJEBI,3080.80,PAYMENT OF CLAIM FOR FEB-26,01-Jul-2026
PAMPAWIE HEALTH CENTRE,KADJEBI,5279.92,PAYMENT OF CLAIMS FOR JAN.-26,01-Jul-2026
PAMPAWIE HEALTH CENTRE,KADJEBI,6079.16,PAYMENT OF CLAIMS FOR MAR-26,01-Jul-2026
PANFOKROM CHPS,GOMOAMAN,627.25,PAYMENT OF CLAIMS FOR APR-26,01-Jul-2026
PANKESE CHPS ZONE,BIRIM NORTH DMH,7002.45,PAYMENT OF CLAIMS FOR APR-26,01-Jul-2026
PANTANG HOSPITAL,GA,89387.83,PAYMENT OF CLAIMS FOR JAN-25,01-Jul-2026
PAPASE CHPS COMPOUND,AWUTU-EFF-SEN,4205.10,PAYMENT OF CLAIMS FOR MAR-26,01-Jul-2026
"PARAMBO HEALTH CENTRE,",PRU,21607.05,PAYMENT OF CLAIMS FOR NOV-25,01-Jul-2026
PATRIENSA HEALTH CENTRE,ASANTE AKIM N,31251.35,PAYMENT OF CLAIMS FOR MAR-26,01-Jul-2026
PAWA CHPS COMPOUND,NKWANTA,2323.16,PAYMENT OF CLAIM FOR FEB-26,01-Jul-2026
PEKI GOVERNMENT HOSPITAL,SOUTH DAYI,196262.72,PAYMENT OF CLAIMS FOR JAN-26,01-Jul-2026
PEKI GOVERNMENT HOSPITAL,SOUTH DAYI,161128.76,PAYMENT OF CLAIMS FOR FEB-26,01-Jul-2026
PELUNGU CLINIC,TALENSI NAB,19961.39,PAYMENT OF CLAIMS FOR APR-26,01-Jul-2026
"PENTECOST CLINIC, YAWMATWA",BIA,32015.93,PAYMENT OF CLAIMS FOR JAN-26,01-Jul-2026
"PENTECOST HOSPITAL,MADINA/ALPHA MEDICAL CENTRE)",MADINA,293488.02,PAYMENT OF CLAIMS FOR FEB-26,01-Jul-2026
"PENTECOST HOSPITAL,MADINA/ALPHA MEDICAL CENTRE)",MADINA,281642.17,CLAIMS PAYMENT FOR SEP 25,01-Jul-2026
"PENTECOST HOSPITAL,MADINA/ALPHA MEDICAL CENTRE)",MADINA,327238.03,PAYMENT OF CLAIMS FOR JAN-26,01-Jul-2026
PENYI HEALTH CENTRE,KETU NORTH,10724.89,PAYMENT OF CLAIMS FOR MAR-26,01-Jul-2026
PENYI HEALTH CENTRE,KETU NORTH,3391.94,PAYMENT OF CLAIMS FOR JAN-26,01-Jul-2026
PENYI HEALTH CENTRE,KETU NORTH,9996.86,PAYMENT OF CLAIMS FOR FEB.-26,01-Jul-2026
PEPEASE HEALTH CENTER,OKWAWUMAN S,20088.36,PAYMENT OF CLAIMS FOR MAR-26,01-Jul-2026
PIASE CHPS,BOSOMTWE-ATWIMA,2973.37,PAYMENT OF CLAIMS FOR JAN-26,01-Jul-2026
PIENG CHPS COMPOUND,SISSALA E,6883.38,PAYMENT OF CLAIMS FOR APR-26,01-Jul-2026
PIGU CHPS COMPOUND,SAVELUGU / NANT,2178.97,PAYMENT OF CLAIMS FOR APR-26,01-Jul-2026
PIISI CHPS COMPOUND,WA MUN,4130.97,PAYMENT OF CLAIMS FOR FEB.-26,01-Jul-2026
PIISIE CHPS COMPOUND,WA WEST,1123.52,PAYMENT OF CLAIMS FOR MAR. 2026,01-Jul-2026
PIISIE CHPS COMPOUND,WA WEST,1833.57,PAYMENT OF CLAIMS FOR APR. 2026,01-Jul-2026
PIISIE CHPS COMPOUND,WA WEST,1748.57,PAYMENT OF CLAIMS FOR FEB. 2026,01-Jul-2026
PING CHPS COMPOUND,JIRAPA-LAMB,2216.36,PAYMENT OF CLAIM FOR APR-26,01-Jul-2026
PINTENGSA CHPS,NAVRONGO,1775.63,PAYMENT OF CLAIMS FOR MAR. 2026,01-Jul-2026
PIPIE CHPS COMPOUND,BOSOMTWE-ATWIMA,3231.35,PAYMENT OF CLAIM FOR JAN-26,01-Jul-2026
PIPIISO CHPS COMPOUND,ADANSI NORTH,3495.28,PAYMENT OF CLAIMS FOR MAR-26,01-Jul-2026
PIREE-KAANGU,NADOWLI,541.01,PAYMENT OF CLAIMS FOR MAR. 2026,01-Jul-2026
PITANGA CHPS,TALENSI NABDAM,5401.01,PAYMENT OF CLAIMS FOR APR-26,01-Jul-2026
PLANNED PARENTHOOD ASSOCIATION OF GHANA HEALTH CENTRE,WEST MAMPRUSI D,15352.45,PAYMENT OF CLAIMS FOR FEB-26,01-Jul-2026
POASE CEMENT HEALTH CENTRE,KADJEBI,10819.78,PAYMENT OF CLAIMS FOR FEB-26,01-Jul-2026
PODOE HEALTH CENTRE,NORTH TONGU,7562.74,PAYMENT OF CLAIMS FOR MAR-26,01-Jul-2026
"POKUASE HEALTH CENTRE,",GA,14669.93,PAYMENT OF CLAIMS FOR JAN-26,01-Jul-2026
POKUKROM HEALTH CENTRE,AHAFO ANO SOUTH,36805.42,PAYMENT OF CLAIMS FOR JAN-26,01-Jul-2026
POLEE CHPS COMPOUND,WA WEST,1223.12,PAYMENT OF CLAIMS FOR APR-26,01-Jul-2026
PONG-TAMALE HEALTH CENTRE,SAVE/NANTONG,11309.43,PAYMENT OF CLAIMS FOR APR-26,01-Jul-2026
PONG-TAMALE HEALTH CENTRE,SAVE/NANTONG,9456.64,PAYMENT OF CLAIMS FOR MAR-26,01-Jul-2026
PONPONYA CHPS,YILO KROBO,2179.24,PAYMENT OF CLAIM FOR APR-26,01-Jul-2026
POTROASE CHPS,EAST AKIM,5016.83,PAYMENT OF CLAIMS FOR APR-26,01-Jul-2026
PRAMPRAM POLYCLINIC,DANGME W,35882.35,PAYMENT OF CLAIMS FOR JAN-26,01-Jul-2026
PRAMPRAM POLYCLINIC,DANGME W,23999.81,PAYMENT OF CLAIMS FOR FEB-26,01-Jul-2026
"PRANG HEALTH CENTRE, PRANG",PRU,58272.23,PAYMENT OF CLAIMS FOR MARCH-26,01-Jul-2026
PRAPRABEBIDA CHPS,AFRAM PLAINS HI,1128.17,PAYMENT OF CLAIMS FOR APR-26,01-Jul-2026
PREMUASE CHPS,SENE,5244.58,PAYMENT OF CLAIMS FOR MAR-26,01-Jul-2026
"PRESBYTERIAN CLINIC, JANKUFA",JAMAN N,9506.92,PAYMENT OF CLAIMS FOR FEB-26,01-Jul-2026
"PRESBYTERIAN CLINIC, JANKUFA",JAMAN N,14069.62,PAYMENT OF CLAIMS FOR MAR-26,01-Jul-2026
PRESBYTERIAN CLINIC-ANTWIRIFO,DORMAA DIST.MHO,14389.32,PAYMENT OF CLAIMS FOR FEB-26,01-Jul-2026
PRESBYTERIAN CLINIC-ANTWIRIFO,DORMAA DIST.MHO,20693.11,PAYMENT OF CLAIMS FOR APR-26,01-Jul-2026
PRESBYTERIAN HEALTH CENTER - KWADWOKUMIKROM,DORMAA,5969.50,PAYMENT OF CLAIMS FOR APR-26,01-Jul-2026
PRESBYTERIAN HEALTH CENTER - KWADWOKUMIKROM,DORMAA,3337.87,PAYMENT OF CLAIMS FOR MAR-26,01-Jul-2026
PRESBYTERIAN HEALTH CENTER - KWADWOKUMIKROM,DORMAA,6245.77,PAYMENT OF CLAIMS FOR JAN-26,01-Jul-2026
PRESBYTERIAN HEALTH CENTRE (OBREGYIMA CHPS COMPOUND),AKUAPEM S,20955.83,PAYMENT OF CLAIMS FOR SEP-25,01-Jul-2026
PRESBYTERIAN HEALTH CENTRE (OBREGYIMA CHPS COMPOUND),AKUAPEM S,23741.68,PAYMENT OF CLAIMS FOR APR-26,01-Jul-2026
PRESBYTERIAN HEALTH CENTRE - LOLOTO,EAST GONJA,7464.34,PAYMENT OF CLAIMS FOR APR-26,01-Jul-2026
PRESBYTERIAN HEALTH CENTRE - SALAGA,EAST GONJA,4229.38,PAYMENT OF CLAIMS FOR APR-26,01-Jul-2026
PRESBYTERIAN HEALTH CENTRE - SALAGA,EAST GONJA,2424.61,PAYMENT OF CLAIMS FOR FEB-26,01-Jul-2026
"PRESBYTERIAN HEALTH CENTRE, JENJEMIREJA",JAMAN S,15864.57,PAYMENT OF CLAIMS FOR JAN-26,01-Jul-2026
"PRESBYTERIAN HEALTH CENTRE, JENJEMIREJA",JAMAN S,14158.82,PAYMENT OF CLAIMS FOR APR-26,01-Jul-2026
"PRESBYTERIAN HEALTH CENTRE, KUWANI",EAST GONJA,3219.71,PAYMENT OF CLAIMS FOR APR-26,01-Jul-2026
"PRESBYTERIAN HEALTH CENTRE, KWAMEASUA",DORMAA,14762.80,PAYMENT OF CLAIMS FOR APR-26,01-Jul-2026
"PRESBYTERIAN HEALTH CENTRE, KWAMEBIKROM",BIA,6817.26,PAYMENT OF CLAIMS FOR FEB-26,01-Jul-2026
"PRESBYTERIAN HEALTH CENTRE, YAAKROM",DORMAA,6971.85,PAYMENT OF CLAIMS FOR FEB-26,01-Jul-2026
"PRESBYTERIAN HEALTH CENTRE,ABOABO",DORMAA,25490.52,PAYMENT OF CLAIMS FOR APR-26,01-Jul-2026
"PRESBYTERIAN HEALTH CENTRE,KYEREMASU",DORMAA,18079.38,PAYMENT OF CLAIMS FOR JAN-26,01-Jul-2026
PRESBYTERIAN HEALTH CENTRE-FOOSHEGU,TAMALE,27476.97,PAYMENT OF CLAIMS FOR APR-26,01-Jul-2026
PRESBYTERIAN HEALTH CENTRE-FOOSHEGU,TAMALE,20337.38,PAYMENT OF CLAIMS FOR FEB-26,01-Jul-2026
PRESBYTERIAN HEALTH CENTRE-LANGBENSI,E MAMPRUSI,31291.70,PAYMENT OF CLAIMS FOR FEB-26,01-Jul-2026
PRESBYTERIAN HEALTH CENTRE-LANGBENSI,E MAMPRUSI,41301.24,PAYMENT OF CLAIMS FOR APR-26,01-Jul-2026
"PRESBYTERIAN HOSPITAL, DORMAA AHENKRO",DORMAA,485500.39,PAYMENT OF CLAIMS FOR FEB-26,01-Jul-2026
PRESBYTERIAN HOSPITAL-BAWKU,BAWKU,222370.77,PAYMENT OF CLAIMS FOR MARCH-26,01-Jul-2026
PRESBYTERIAN REGIONAL EYE CENTRE,BOLGA MHIS,74036.92,PAYMENT OF CLAIMS FOR MAR-26,01-Jul-2026
PRESBYTERIAN URBAN HEALTH CENTRE (SANDEMA),BUILSA,7372.93,PAYMENT OF CLAIMS FOR APR-26,01-Jul-2026
PRESTEA GOVERNMENT HOSPITAL,WASSA-WEST,270515.83,PAYMENT OF CLAIMS FOR JAN-26,01-Jul-2026
PRINCESS TOWN HEALTH CENTRE,AHANTAMAN,10382.02,PAYMENT OF CLAIMS FOR APR-26,01-Jul-2026
"PRISONS CLINIC, ROMAN RIDGE",ACCRA,3163.19,PAYMENT OF CLAIMS FOR MAR-26,01-Jul-2026
"PRISONS CLINIC, ROMAN RIDGE",ACCRA,3599.79,PAYMENT OF CLAIMS FOR FEB-26,01-Jul-2026
PUBLIC HEALTH NURSES SCHOOL DEMONSTRATION CLINIC(MALLAM),WEIJA,25612.43,PAYMENT OF CLAIMS FOR APR-26,01-Jul-2026
PUBLIC HEALTH NURSES SCHOOL DEMONSTRATION CLINIC(MALLAM),WEIJA,21463.48,PAYMENT OF CLAIMS FOR JAN-26,01-Jul-2026
PUFFIEN HEALTH CENTRE,LAWRA,5091.54,PAYMENT OF CLAIMS FOR APR-26,01-Jul-2026
PULBAA CHPS COMPOUND,NADOWLI MHIS,1706.86,PAYMENT OF CLAIMS FOR APR. 2026,01-Jul-2026
PUMPUNGU CHPS COMPOUND,BOLGATANGA,2101.46,PAYMENT OF CLAIMS FOR APR-26,01-Jul-2026
PUNIKROM S.D.A CLINIC AND MATERNITY,SEFWI WIAWSO,18310.76,PAYMENT OF CLAIMS FOR APR-26,01-Jul-2026
PUSUGA CHPS COMPOUND,NANUMBA NORTH,9149.58,PAYMENT OF CLAIMS FOR FEB-26,01-Jul-2026
PUSUPU CHPS COMPOUND,NKWANTA,1761.29,PAYMENT OF CLAIMS FOR FEB-26,01-Jul-2026
PUTUBIW CHPS COMPOUND,ABURA-ASEBU-K,9116.01,PAYMENT OF CLAIMS FOR FEB-26,01-Jul-2026
PWALUGU HEALTH CENTRE,TALENSI NABDAM,9209.27,PAYMENT OF CLAIMS FOR MAR-26,01-Jul-2026
RAILWAY STATION CHPS COMPOUND,BIRIM SOUTH,2112.11,PAYMENT OF CLAIM FOR MAR-26,01-Jul-2026
RAILWAY STATION CHPS COMPOUND,BIRIM SOUTH,3285.37,PAYMENT OF CLAIM FOR APR-26,01-Jul-2026
"DATANO CHPS,",SEFWI WIAWSO,5729.04,PAYMENT OF CLAIMS FOR MAR-26,01-Jul-2026
DATUKO CLINIC,TALENSI NAB,10768.48,PAYMENT OF CLAIMS FOR FEB-26,01-Jul-2026
DAUNGA CHPS COMPOUND,BAWKU WEST,329.66,PAYMENT OF CLAIMS FOR MAR-25,01-Jul-2026
DAUNGA CHPS COMPOUND,BAWKU WEST,1346.79,PAYMENT OF CLAIMS FOR JUL-25,01-Jul-2026
DAUNGA CHPS COMPOUND,BAWKU WEST,648.55,PAYMENT OF CLAIMS FOR NOV-24,01-Jul-2026
DAUNGA CHPS COMPOUND,BAWKU WEST,705.09,PAYMENT OF CLAIMS FOR JAN-25,01-Jul-2026
DAUNGA CHPS COMPOUND,BAWKU WEST,475.31,PAYMENT OF CLAIMS FOR APR-25,01-Jul-2026
DAUNGA CHPS COMPOUND,BAWKU WEST,1211.90,PAYMENT OF CLAIMS FOR JUN-25,01-Jul-2026
DAUNGA CHPS COMPOUND,BAWKU WEST,386.08,PAYMENT OF CLAIMS FOR DEC-23,01-Jul-2026
DAUNGA CHPS COMPOUND,BAWKU WEST,1088.40,PAYMENT OF CLAIMS FOR JUL-24,01-Jul-2026
DAUNGA CHPS COMPOUND,BAWKU WEST,1010.50,PAYMENT OF CLAIMS FOR AUG-24,01-Jul-2026
DAUNGA CHPS COMPOUND,BAWKU WEST,523.29,PAYMENT OF CLAIMS FOR DEC-24,01-Jul-2026
DAUNGA CHPS COMPOUND,BAWKU WEST,2294.81,PAYMENT OF CLAIM FOR APR-26,01-Jul-2026
DAUNGA CHPS COMPOUND,BAWKU WEST,2639.91,PAYMENT OF CLAIMS FOR SEP-25,01-Jul-2026
DAUNGA CHPS COMPOUND,BAWKU WEST,3627.67,PAYMENT OF CLAIMS FOR OCT-25,01-Jul-2026
DAUNGA CHPS COMPOUND,BAWKU WEST,382.09,PAYMENT OF CLAIMS FOR JUN-24,01-Jul-2026
DAUNGA CHPS COMPOUND,BAWKU WEST,1884.38,PAYMENT OF CLAIMS FOR FEB-26,01-Jul-2026
DAUNGA CHPS COMPOUND,BAWKU WEST,355.33,PAYMENT OF CLAIMS FOR MAY-24,01-Jul-2026
DAUNGA CHPS COMPOUND,BAWKU WEST,508.22,PAYMENT OF CLAIMS FOR FEB-24,01-Jul-2026
DAUNGA CHPS COMPOUND,BAWKU WEST,1813.78,PAYMENT OF CLAIMS FOR AUG-25,01-Jul-2026
DAUNGA CHPS COMPOUND,BAWKU WEST,2867.33,PAYMENT OF CLAIMS FOR AUG-25,01-Jul-2026
DAUNGA CHPS COMPOUND,BAWKU WEST,662.68,PAYMENT OF CLAIMS FOR MAY-25,01-Jul-2026
DAUNGA CHPS COMPOUND,BAWKU WEST,2019.18,PAYMENT OF CLAIMS FOR JAN-26,01-Jul-2026
DAUNGA CHPS COMPOUND,BAWKU WEST,723.89,PAYMENT OF CLAIMS FOR FEB-25,01-Jul-2026
DAUNGA CHPS COMPOUND,BAWKU WEST,1802.33,PAYMENT OF CLAIMS FOR DEC. 2025,01-Jul-2026
DAUNGA CHPS COMPOUND,BAWKU WEST,360.78,PAYMENT OF CLAIMS FOR NOV-23,01-Jul-2026
DAUNGA CHPS COMPOUND,BAWKU WEST,1827.53,PAYMENT OF CLAIMS FOR MAR-26,01-Jul-2026
DAWADAWA HEALTH CENTRE,KINTAMPO N,12080.03,PAYMENT OF CLAIMS FOR APR-26,01-Jul-2026
DAWIRI CHPS,JAMAN N,13502.72,PAYMENT OF CLAIMS FOR APR-26,01-Jul-2026
DAWURAMPONG CHPS ZONE,WASSA AMENFI E,2327.27,PAYMENT OF CLAIM FOR APR-26,01-Jul-2026
DAWURAMPONG POLYCLINIC,GOMOAMAN,20898.72,PAYMENT OF CLAIMS FOR FEB-26,01-Jul-2026
DAZONGO CHPS COMPOUND,BOLGATANGA,604.87,PAYMENT OF CLAIMS FOR MAR-26,01-Jul-2026
DAZONGO CHPS COMPOUND,BOLGATANGA,682.88,PAYMENT OF CLAIMS FOR APR. 2026,01-Jul-2026
DEBIBI HEALTH CENTER,TAIN DIST,48979.48,PAYMENT OF CLAIMS FOR FEB-26,01-Jul-2026
DEBRA CAMP CHPS COMPOUND,ATWIMA MPONUA,2771.03,PAYMENT OF CLAIM FOR MAR-26,01-Jul-2026
DEDEDO CHPS COMPOUND,HO,3845.65,PAYMENT OF CLAIM FOR APR-26,01-Jul-2026
DEHIA CHPS COMPOUND,OGUAMAN,280.33,PAYMENT OF CLAIMS FOR APR-26,01-Jul-2026
DEKPOR CHPS ZONE,KETU NORTH,2859.83,PAYMENT OF CLAIM FOR APR-26,01-Jul-2026
DENKYIRA FOSU CHPS ZONE,UPPER DENKYIRA,1648.45,PAYMENT OF CLAIMS FOR APR. 2026,01-Jul-2026
DENSUANO HEALTH CENTRE,NEW JUABEN,3964.97,PAYMENT OF CLAIMS FOR FEB-26,01-Jul-2026
DENSUANO HEALTH CENTRE,NEW JUABEN,5923.10,PAYMENT OF CLAIMS FOR MAR-26,01-Jul-2026
DENUGU HEALTH CENTRE,GARU,16387.17,PAYMENT OF CLAIMS FOR FEB-26,01-Jul-2026
DENUGU HEALTH CENTRE,GARU,14275.39,PAYMENT OF CLAIMS FOR MAR-26,01-Jul-2026
DENYASE CHPS COMPOUND,TLD,1290.02,PAYMENT OF CLAIMS FOR APR-26,01-Jul-2026
DERMAA CHPS COMPOUND,TANO S,31166.04,PAYMENT OF CLAIMS FOR MAR-26,01-Jul-2026
DEVEGO HEALTH CENTRE,KETU NORTH,7330.79,PAYMENT OF CLAIMS FOR MAR-26,01-Jul-2026
DIABAA HEALTH CENTRE,DORMAA W,8501.58,PAYMENT OF CLAIMS FOR MAR-26,01-Jul-2026
DIARE HEALTH CENTRE,SAVELUGU / NANT,15098.15,PAYMENT OF CLAIMS FOR FEB-26,01-Jul-2026
DIARE HEALTH CENTRE,SAVELUGU / NANT,15812.80,PAYMENT OF CLAIMS FOR MAR-26,01-Jul-2026
DIASO HEALTH CENTRE,UPPER DENKYIRA,23515.15,PAYMENT OF CLAIMS FOR MAR-26,01-Jul-2026
DIE (GYANVUUR) CHPS,JIRAPA-LAMB MHI,1310.61,PAYMENT OF CLAIMS FOR APR. 2026,01-Jul-2026
DIGYA CHPS,AFRAM PLAINS,1000.47,PAYMENT OF CLAIMS FOR APR. 2026,01-Jul-2026
DIMAJAN CHPS COMPOUND,SISSALA EAST,1850.27,PAYMENT OF CLAIMS FOR FEB-26,01-Jul-2026
DISTRICT HOSPITAL ABURA DUNKWA,ABURA-ASEBU-K,203254.79,PAYMENT OF CLAIMS FOR JAN-26,01-Jul-2026
"DISTRICT HOSPITAL, BEGORO",FANTEAKWA,221632.70,PAYMENT OF CLAIMS FOR JAN-26,01-Jul-2026
DJANKROM HEALTH CENTRE,AKUAPEM S,75717.54,PAYMENT OF CLAIMS FOR MARCH-26,01-Jul-2026
DOBA CHPS COMPOUND,KASENA-NANKANA,4992.90,PAYMENT OF CLAIMS FOR MAR-26,01-Jul-2026
DOBINYENTO CHPS,BUNKPURUGU YUNY,3518.87,PAYMENT OF CLAIMS FOR APR-26,01-Jul-2026
DODI ASANTEKROM CHPS COMPOUND,ASUOGYAMAN,1035.51,PAYMENT OF CLAIMS FOR MAR-26,01-Jul-2026
DODI MEMPEASEM HEALTH CENTRE,KADJEBI,4232.03,PAYMENT OF CLAIMS FOR MAR-26,01-Jul-2026
"DODO PEPESU CHPS,",KADJEBI,6272.09,PAYMENT OF CLAIMS FOR MAR-26,01-Jul-2026
"DODO PEPESU CHPS,",KADJEBI,3828.05,PAYMENT OF CLAIM FOR MAR-26,01-Jul-2026
DODOFIE CHPS COMPOUND,KADJEBI,1833.99,PAYMENT OF CLAIMS FOR MAR. 2026,01-Jul-2026
DODOFIE CHPS COMPOUND,KADJEBI,933.09,ACCRUAL OF UNVETTED CLAIMS FOR DEC-25,01-Jul-2026
DODOFIE CHPS COMPOUND,KADJEBI,2576.65,ACCRUAL OF UNVETTED CLAIMS FOR NOV-25,01-Jul-2026
DODOME AWUIASU HEALTH CENTRE,HO,4967.57,PAYMENT OF CLAIMS FOR MAR-26,01-Jul-2026
DODOME TELEAFENUI HEALTH CENTRE,HO,3328.84,PAYMENT OF CLAIM FOR APR-26,01-Jul-2026
DOKPONG CHPS COMPOUND,WA MUNICIPAL,2575.22,PAYMENT OF CLAIMS FOR APR-26,01-Jul-2026
DOKROCHIWA HEALTH CENTRE,SUHUM KRA C,25097.11,PAYMENT OF CLAIMS FOR APR-26,01-Jul-2026
DOKROCHIWA HEALTH CENTRE,SUHUM KRA C,25488.40,PAYMENT OF CLAIMS FOR MAR-26,01-Jul-2026
DOLI CHPS COMPOUND,BOLE,3093.82,PAYMENT OF CLAIMS FOR APR-26,01-Jul-2026
DOMAMA CHPS,WESTERN,6824.88,PAYMENT OF CLAIMS FOR DEC-25,01-Jul-2026
DOMAWA CHPS COMPOUND,WA WEST,1343.37,PAYMENT OF CLAIMS FOR APR-26,01-Jul-2026
DOME CHPS - AYENSUANO,SUHUM KRABOA CO,2761.41,PAYMENT OF CLAIMS FOR MAR-26,01-Jul-2026
DOMEABRA CHPS (ASIKUMA O. BRAKWA),ASIKUMA ODOBEN,4314.16,PAYMENT OF CLAIMS FOR MAR-26,01-Jul-2026
DOMEABRA CHPS (NKAWKAW),OKWAWUMAN WEST,1334.71,PAYMENT OF CLAIMS FOR JAN-26,01-Jul-2026
DOMEABRA NEWTOWN CHPS COMPOUND,ASANTE AKIM NOR,847.00,PAYMENT OF CLAIMS FOR MAR. 2026,01-Jul-2026
DOMEABRA NEWTOWN CHPS COMPOUND,ASANTE AKIM NOR,513.57,PAYMENT OF CLAIMS FOR FEB-26,01-Jul-2026
DOMINASE CHPS COMPOUND,ASUNAFO N,5318.14,PAYMENT OF CLAIMS FOR MAR-26,01-Jul-2026
DOMPUASE CHPS COMPOUND,WASSA AMENFI E,927.43,PAYMENT OF CLAIMS FOR APR-26,01-Jul-2026
DOMWINE HEALTH CENTRE,LAWRA,11564.10,PAYMENT OF CLAIMS FOR APR-26,01-Jul-2026
DONDOLI CHPS COMPOUND,WA MUNICIPAL,8192.07,PAYMENT OF CLAIMS FOR MAR-26,01-Jul-2026
DORBOR CHPS COMPOUND,TAIN DISTRICT,22929.12,PAYMENT OF CLAIMS FOR JAN-26,01-Jul-2026
DORDOEKOPE CHPS - KETU SOUTH,KETU,1888.21,PAYMENT OF CLAIMS FOR APR-26,01-Jul-2026
DORDOEKOPE CHPS - KETU SOUTH,KETU,5679.53,PAYMENT OF CLAIMS FOR FEB-26,01-Jul-2026
DORDOEKOPE CHPS - KETU SOUTH,KETU,5939.67,PAYMENT OF CLAIMS FOR JUL-25,01-Jul-2026
DORFOR ADIDOME HEALTH CENTRE,NORTH TONGU,2038.68,PAYMENT OF CLAIM FOR APR-26,01-Jul-2026
DORKPLOAME CHPS COMPOUND,SOUTH TONGU,1597.81,PAYMENT OF CLAIMS FOR APR. 2026,01-Jul-2026
DORMABIN HEALTH CENTRE (KRACHI EAST),KRACHI EAST,8710.08,PAYMENT OF CLAIMS FOR FEB.-26,01-Jul-2026
DORNYE CHPS,WA WEST,1675.77,PAYMENT OF CLAIMS FOR APR. 2026,01-Jul-2026
DORTOPONG CHPS COMPOUND,EASTERN,2341.39,ACCRUAL OF UNVETTED CLAIMS FOR OCT-25,01-Jul-2026
DOVE HEALTH CENTRE,NORTH TONGU,5131.36,PAYMENT OF CLAIMS FOR MAR-26,01-Jul-2026
DOVE HEALTH CENTRE,NORTH TONGU,3058.88,PAYMENT OF CLAIMS FOR APR-24,01-Jul-2026
DOVE HEALTH CENTRE,NORTH TONGU,6760.10,PAYMENT OF CLAIMS FOR MAR-26,01-Jul-2026
"DR. PRAH GEORGE KWAME, MD PHD CHPS",AWUTU,143.29,PAYMENT OF CLAIMS FOR APR-26,01-Jul-2026
DRAMAVE CHPS COMPOUND,HO,306.93,PAYMENT OF CLAIMS FOR JUN-25,01-Jul-2026
DROBO POLYCLINIC,JAMAN S,61206.99,PAYMENT OF CLAIMS FOR MAR-26,01-Jul-2026
DROBOSO HEALTH CENTRE,WENCHI,18921.32,PAYMENT OF CLAIMS FOR MAR-26,01-Jul-2026
DROMANKESSE HEALTH CENTER,NKORANZA,60413.61,PAYMENT OF CLAIMS FOR MAR-26,01-Jul-2026
DUA HEALTH CENTRE,BONGO,8448.25,PAYMENT OF CLAIMS FOR MAR-26,01-Jul-2026
DUABONE CHPS,AGONA,1049.99,PAYMENT OF CLAIMS FOR FEB-26,01-Jul-2026
DUABONE CHPS,AGONA,737.82,PAYMENT OF CLAIMS FOR MAR-26,01-Jul-2026
DUADZE CHPS ZONE,MFANTSIMAN,2189.85,PAYMENT OF CLAIMS FOR FEB-26,01-Jul-2026
DUAKOR ABEKAM CHPS COMPOUND,OGUAMAN,816.63,PAYMENT OF CLAIMS FOR APR. 2026,01-Jul-2026
DUALA MEDICAL CENTRE,KPESHIE SM,1835.86,PAYMENT OF CLAIMS FOR NOV-23,01-Jul-2026
DUALA MEDICAL CENTRE,KPESHIE SM,5722.71,PAYMENT OF CLAIMS FOR FEB-26,01-Jul-2026
DUALA MEDICAL CENTRE,KPESHIE SM,7564.40,PAYMENT OF CLAIMS FOR OCT-25,01-Jul-2026
DUALA MEDICAL CENTRE,KPESHIE SM,4365.97,PAYMENT OF CLAIMS FOR MAR-26,01-Jul-2026
DUALA MEDICAL CENTRE,KPESHIE SM,4912.82,PAYMENT OF CLAIMS FOR APR-26,01-Jul-2026
DUANG CHPS,NADOWLI,2014.98,PAYMENT OF CLAIMS FOR APR-26,01-Jul-2026
DUASE CHPS COMPOUND,Amansie East,416.01,PAYMENT OF CLAIMS FOR APR-26,01-Jul-2026
DUASE CHPS COMPOUND,Amansie East,492.93,PAYMENT OF CLAIMS FOR FEB-26,01-Jul-2026
DULUGU CHPS,UP_EAST,1932.03,PAYMENT OF CLAIMS FOR MAR-26,01-Jul-2026
DULUGU CHPS,UP_EAST,2016.58,PAYMENT OF CLAIMS FOR APR-26,01-Jul-2026
DUMAKWAI CHPS,EJISU JUABEN,2268.66,PAYMENT OF CLAIMS FOR APR-26,01-Jul-2026
DUNGU CHPS,SAGNARIGU,1999.36,PAYMENT OF CLAIMS FOR APR. 2026,01-Jul-2026
DUNGU CHPS,SAGNARIGU,1377.26,PAYMENT OF CLAIMS FOR MAR-26,01-Jul-2026
DUNGU CHPS,SAGNARIGU,728.58,ACCRUAL OF UNVETTED CLAIMS FOR DEC-25,01-Jul-2026
DUNKRO CHPS COMPOUND,AFRAM PLAINS,901.82,PAYMENT OF CLAIMS FOR JAN. 2026,01-Jul-2026
DUNKURA HEALTH CENTRE,AMANSIE EAST,15152.91,PAYMENT OF CLAIMS FOR JAN-26,01-Jul-2026
DUNKWA MUNICIPAL HOSPITAL,UPPER DENKYIRA,398032.89,PAYMENT OF CLAIMS FOR MARCH-26,01-Jul-2026
DUODOKROM CHPS COMPOUND,SUHUM KRABOA CO,801.53,PAYMENT OF CLAIMS FOR FEB-26,01-Jul-2026
DUODOKROM CHPS COMPOUND,SUHUM KRABOA CO,902.83,PAYMENT OF CLAIMS FOR MAR. 2026,01-Jul-2026
DUODOKROM CHPS COMPOUND,SUHUM KRABOA CO,995.94,PAYMENT OF CLAIMS FOR APR. 2026,01-Jul-2026
DUONG CHPS COMPOUND,NADOWLI,696.38,PAYMENT OF CLAIMS FOR APR-26,01-Jul-2026
DUU EAST CHPS,SISSALA E,1203.18,PAYMENT OF CLAIMS FOR APR-26,01-Jul-2026
DUU HEALTH CENTRE,WEST MAMPRUSI,7207.78,PAYMENT OF CLAIMS FOR APR-26,01-Jul-2026
DUURI CHPS COMPOUND,GARU,322.23,PAYMENT OF CLAIMS FOR MAR-26,01-Jul-2026
DUURI CHPS COMPOUND,GARU,481.87,PAYMENT OF CLAIMS FOR APR-26,01-Jul-2026
DUUSI HEALTH CENTRE,TALENSI NAB,15617.97,PAYMENT OF CLAIMS FOR FEB-26,01-Jul-2026
DUWIE CHPS COMPOUND,SISSALA W,2582.91,PAYMENT OF CLAIMS FOR APR-26,01-Jul-2026
DWEASE HEALTH CENTRE,ASANTE AKIM NOR,24553.99,PAYMENT OF CLAIMS FOR MAR-26,01-Jul-2026
DWENASE CHPS COMPOUND,TANI NORTH,3878.82,ACCRUAL OF UNVETTED CLAIMS FOR DEC-25,01-Jul-2026
DWENASE HEALTH CENTRE,KWAEBIBIREM,18350.08,PAYMENT OF CLAIMS FOR MAR-26,01-Jul-2026
DWENEM RURAL CLINIC,JAMAN S,21703.52,PAYMENT OF CLAIMS FOR MAR-26,01-Jul-2026
DWEREBEASE CHPS COMPOUND,OKWAWUMAN SOUTH,4224.40,PAYMENT OF CLAIMS FOR MAR-26,01-Jul-2026
DWOMO CHPS COMPOUND,TANO SOUTH,3094.88,PAYMENT OF CLAIMS FOR MAR-26,01-Jul-2026
"DZAKE HEALTH CENTRE,",SOUTH DAYI,24078.31,PAYMENT OF CLAIMS FOR AUG-25,01-Jul-2026
"DZAKE HEALTH CENTRE,",SOUTH DAYI,28023.53,PAYMENT OF CLAIMS FOR OCT-25,01-Jul-2026
"DZAKE HEALTH CENTRE,",SOUTH DAYI,25524.10,PAYMENT OF CLAIMS FOR JUL-25,01-Jul-2026
"DZAKE HEALTH CENTRE,",SOUTH DAYI,19211.81,PAYMENT OF CLAIMS FOR APR-26,01-Jul-2026
DZAMLOME CHPS ZONE,KADJEBI,3013.08,PAYMENT OF CLAIMS FOR MAR-26,01-Jul-2026
DZEBETATO-TADZE CHPS,VOLTA,875.19,PAYMENT OF CLAIMS FOR FEB-26,01-Jul-2026
DZEBETATO-TADZE CHPS,VOLTA,1179.32,PAYMENT OF CLAIMS FOR APR. 2026,01-Jul-2026
DZEBETATO-TADZE CHPS,VOLTA,617.55,PAYMENT OF CLAIMS FOR MAR. 2026,01-Jul-2026
DZEMENI E.P. CLINIC(V/R),SOUTHAYI,17329.13,PAYMENT OF CLAIMS FOR MAR-26,01-Jul-2026
DZEMENI E.P. CLINIC(V/R),SOUTHAYI,13288.88,PAYMENT OF CLAIMS FOR FEB-26,01-Jul-2026
DZIEDZORVE CHPS COMPOUND,KETA,3786.79,PAYMENT OF CLAIMS FOR APR-26,01-Jul-2026
DZIEDZORVE CHPS COMPOUND,KETA,3291.87,PAYMENT OF CLAIMS FOR MAR-26,01-Jul-2026
DZITA CHPS COMPOUND,KETA,2102.86,PAYMENT OF CLAIM FOR APR-26,01-Jul-2026
DZOGBORVE CHPS COMPOUND,SOUTH TONGU,1301.84,PAYMENT OF CLAIMS FOR APR. 2026,01-Jul-2026
DZOLO GBORGAME HEALTH CENTRE,HO,20018.41,PAYMENT OF CLAIMS FOR APR-26,01-Jul-2026
DZOLO GBORGAME HEALTH CENTRE,HO,19791.79,PAYMENT OF CLAIMS FOR MAR-26,01-Jul-2026
DZOLOKPUITA HEALTH CENTRE,HO,14498.38,PAYMENT OF CLAIMS FOR APR-26,01-Jul-2026
E.P CHURCH HATORGODO CHPS,KETA,14701.37,PAYMENT OF CLAIMS FOR FEB-26,01-Jul-2026
"E.P CHURCH HEALTH CENTRE, HO",HO,27404.43,PAYMENT OF CLAIMS FOR JAN-26,01-Jul-2026
"E.P CHURCH HEALTH CENTRE, HO",HO,24286.53,PAYMENT OF CLAIMS FOR MAR-26,01-Jul-2026
E.P. CHURCH INTERNATIONAL MISSION HOSPITAL,KETU NORTH,256638.77,PAYMENT OF CLAIMS FOR FEB-26,01-Jul-2026
E.P. CHURCH INTERNATIONAL MISSION HOSPITAL,KETU NORTH,242989.46,PAYMENT OF CLAIMS FOR MAR-26,01-Jul-2026
EASTEN NAVAL COMMAND SICK BAY,TEMA,2329.62,PAYMENT OF CLAIM FOR MAR-26,01-Jul-2026
EASTEN NAVAL COMMAND SICK BAY,TEMA,1988.70,PAYMENT OF CLAIMS FOR MAY-26,01-Jul-2026
EASTEN NAVAL COMMAND SICK BAY,TEMA,2765.24,PAYMENT OF CLAIM FOR APR-26,01-Jul-2026
EBEYEYIE CHPS COMPOUND-TANO ODUMASE,AFIGYA SEKYERE,1344.11,PAYMENT OF CLAIMS FOR APR. 2026,01-Jul-2026
EBEYEYIE CHPS COMPOUND-TANO ODUMASE,AFIGYA SEKYERE,1343.00,PAYMENT OF CLAIMS FOR FEB. 2026,01-Jul-2026
EBUKROM CHPS COMPOUND,WASSA AMENFI EA,2394.76,PAYMENT OF CLAIMS FOR SEP-25,01-Jul-2026
EBUKROM CHPS COMPOUND,WASSA AMENFI EA,3424.98,PAYMENT OF CLAIMS FOR JAN-26,01-Jul-2026
EDEWAKROM CHPS COMPOUND,SEFWI AKON,1964.68,PAYMENT OF CLAIMS FOR FEB. 2026,01-Jul-2026
EDEWAKROM CHPS COMPOUND,SEFWI AKON,1997.63,PAYMENT OF CLAIMS FOR MAR-26,01-Jul-2026
EDUKROM CHPS COMPOUND,AGONA,765.55,PAYMENT OF CLAIMS FOR APR. 2026,01-Jul-2026
EDUKROM CHPS COMPOUND,AGONA,474.93,PAYMENT OF CLAIMS FOR MAR-26,01-Jul-2026
EDUMANU CHPS COMPOUND,ASIKUMA ODOBEN,823.44,PAYMENT OF CLAIMS FOR MAR-26,01-Jul-2026
EDUOSIA CHPS COMPOUND,ASIKUMA ODO BRA,709.24,PAYMENT OF CLAIMS FOR APR-26,01-Jul-2026
EDWENASE CHPS,MPOHOR WASS E,5482.38,PAYMENT OF CLAIMS FOR MAR-25,01-Jul-2026
EDWENASE CHPS,MPOHOR WASS E,6168.27,PAYMENT OF CLAIMS FOR JUN-25,01-Jul-2026
EDWENASE CHPS,MPOHOR WASS E,5675.12,PAYMENT OF CLAIMS FOR SEPT-25,01-Jul-2026
EFFIDUASE CHPS COMPOUND,NEW JUABEN,5803.08,PAYMENT OF CLAIMS FOR MAR-26,01-Jul-2026
EFUTU HEALTH CENTRE,OGUAMAN,25778.65,PAYMENT OF CLAIMS FOR APR-26,01-Jul-2026
EGAMBO CHPS,NANUMBA SOUTH,5665.15,PAYMENT OF CLAIMS FOR MAR-26,01-Jul-2026
EGAMBO CHPS,NANUMBA SOUTH,5534.57,PAYMENT OF CLAIMS FOR JAN-26,01-Jul-2026
EGBAZO CHPS ZONE,JOMORO,1371.12,PAYMENT OF CLAIMS FOR APR. 2026,01-Jul-2026
EGBAZO CHPS ZONE,JOMORO,2159.17,PAYMENT OF CLAIMS FOR MAY-25,01-Jul-2026
EGGU HEALTH CENTRE,WA WEST,12705.55,PAYMENT OF CLAIMS FOR APR-26,01-Jul-2026
EGGU HEALTH CENTRE,WA WEST,11979.47,PAYMENT OF CLAIMS FOR JAN-26,01-Jul-2026
EGUAFO CHPS,KEEA,1287.18,PAYMENT OF CLAIMS FOR MAR. 2026,01-Jul-2026
EGYANKWA CHPS COMPOUND,MFANTSIMAN,796.29,PAYMENT OF CLAIMS FOR MAR-26,01-Jul-2026
EHIAMANKYENE CHPS,FANTEAKWA,6910.54,PAYMENT OF CLAIMS FOR APR-26,01-Jul-2026
EHIAMANKYENE HEALTH CENTRE (KRACHI WEST),KRACHI WEST,10861.98,PAYMENT OF CLAIMS FOR FEB-26,01-Jul-2026
EHIAWANWU CHPS COMPOUND,ATIWA,2086.35,PAYMENT OF CLAIM FOR MAR-26,01-Jul-2026
EHIAWANWU CHPS COMPOUND,ATIWA,1769.37,PAYMENT OF CLAIMS FOR APR. 2026,01-Jul-2026
EJURA GOVERNMENT HOSPITAL,EJURA SEKYED,220789.53,PAYMENT OF CLAIMS FOR FEB 26,01-Jul-2026
EJURA GOVERNMENT HOSPITAL,EJURA SEKYED,319548.56,PAYMENT OF CLAIMS FOR JAN-26,01-Jul-2026
EKABAKU HEALTH CENTR,JOMORO MHIS,5212.05,PAYMENT OF CLAIMS FOR MAR-26,01-Jul-2026
EKAWSO CHPS,OKWAHUMAN W,4112.03,PAYMENT OF CLAIMS FOR MAR-26,01-Jul-2026
EKON CHPS ZONE,OGUAMAN,12891.41,PAYMENT OF CLAIMS FOR APR-26,01-Jul-2026
EKORSO CHPS COMPOUND,ATIWA,2250.54,PAYMENT OF CLAIM FOR FEB-26,01-Jul-2026
EKORSO CHPS COMPOUND,ATIWA,3541.35,PAYMENT OF CLAIM FOR APR-26,01-Jul-2026
EKRAWFO CHPS COMPOUND,MFANTSIMAN,3408.66,PAYMENT OF CLAIM FOR MAR-26,01-Jul-2026
EKRAWFO CHPS COMPOUND,MFANTSIMAN,2757.27,PAYMENT OF CLAIM FOR FEB-26,01-Jul-2026
EKYE CENTRAL CHPS COMPOUND,AFRAM PLAINS,2232.21,PAYMENT OF CLAIM FOR APR-26,01-Jul-2026
EKYE PRESBY HEALTH CENTRE,AFRAM PLAINS,13695.77,PAYMENT OF CLAIMS FOR JAN-25,01-Jul-2026
EKYE PRESBY HEALTH CENTRE,AFRAM PLAINS,16766.23,PAYMENT OF CLAIMS FOR MAY-24,01-Jul-2026
EKYE PRESBY HEALTH CENTRE,AFRAM PLAINS,15445.02,PAYMENT OF CLAIMS FOR FEB-26,01-Jul-2026
EKYE PRESBY HEALTH CENTRE,AFRAM PLAINS,16634.03,PAYMENT OF CLAIMS FOR MAR-26,01-Jul-2026
EKYE PRESBY HEALTH CENTRE,AFRAM PLAINS,16956.44,PAYMENT OF CLAIMS FOR JUN-25,01-Jul-2026
EKYE PRESBY HEALTH CENTRE,AFRAM PLAINS,15564.52,PAYMENT OF CLAIMS FOR MAR-25,01-Jul-2026
ELMINA POLYCLINIC (KEEA),KOM-ED-EGUA-ABI,202440.35,PAYMENT OF CLAIMS FOR FEB-26,01-Jul-2026
ELUBO GOVERNMENT HOSPITAL,JOMORO MHIS,49568.38,PAYMENT OF CLAIMS FOR FEB-26,01-Jul-2026
ELUBO HEALTH CENTRE,JOMORO MHIS,18657.00,PAYMENT OF CLAIMS FOR JAN-26,01-Jul-2026
EMMANUEL EYE MEDICAL CENTRE,AYAWASO,77437.19,PAYMENT OF CLAIMS FOR MAR-26,01-Jul-2026
EMMANUEL EYE MEDICAL CENTRE,AYAWASO,72749.75,PAYMENT OF CLAIMS FOR FEB-26,01-Jul-2026
ENYAN ABAASA HEALTH CENTRE,AJUMAKO ENYAN,17701.37,PAYMENT OF CLAIMS FOR JAN-26,01-Jul-2026
ENYAN ABAASA HEALTH CENTRE,AJUMAKO ENYAN,18630.21,PAYMENT OF CLAIMS FOR FEB-26,01-Jul-2026
ENYAN AKOTOGUA CHPS COMPOUND,CENTRAL,999.01,PAYMENT OF CLAIMS FOR MAR. 2026,01-Jul-2026
ENYAN KOKOADO CHPS COMPOUND,CENTRAL,2110.18,PAYMENT OF CLAIMS FOR APR-26,01-Jul-2026
ENYIRENSI GOVERNMENT HOSPITAL,ATIWA DHIS,283257.02,PAYMENT OF CLAIMS FOR FEB-26,01-Jul-2026
ENYIRENSI GOVERNMENT HOSPITAL,ATIWA DHIS,315188.88,ACCRUAL OF UNVETTED CLAIMS FOR NOV-25,01-Jul-2026
ENYIRESI GOVERNMENT HOSPITAL,ATIWA,312541.91,PAYMENT OF CLAIMS FOR JAN-26,01-Jul-2026
ESAASE CHPS,OKWAHUMAN W,2036.66,PAYMENT OF CLAIMS FOR APR-26,01-Jul-2026
ESSAM CHPS (EASTERN),BIRIM SOUTH,4278.92,PAYMENT OF CLAIMS FOR APR-26,01-Jul-2026
ESSAM GOVERNMENT HOSPITAL,BIA,250261.48,PAYMENT OF CLAIMS FOR FEB 26,01-Jul-2026
ESSAM GOVERNMENT HOSPITAL,BIA,268954.09,PAYMENT OF CLAIMS FOR JAN-26,01-Jul-2026
ESSAM HEALTH CENTRE,BIA,20160.81,PAYMENT OF CLAIMS FOR APR-26,01-Jul-2026
ESSAMANG CHPS COMPOUND,MPOHOR WASSA EA,4404.45,PAYMENT OF CLAIMS FOR MAR-26,01-Jul-2026
ESSAMANKAKRABA CHPS,WASSA WEST,496.07,PAYMENT OF CLAIMS FOR APR-26,01-Jul-2026
ESSAMANKAKRABA CHPS,WASSA WEST,695.52,PAYMENT OF CLAIMS FOR MAR. 2026,01-Jul-2026
ESSASO CHPS COMPOUND,WEST AKIM,2680.17,PAYMENT OF CLAIM FOR MAR-26,01-Jul-2026
ESSASO CHPS COMPOUND,WEST AKIM,3120.73,PAYMENT OF CLAIM FOR APR-26,01-Jul-2026
ESSUEHYIA HEALTH CENTRE,MFANTSIMAN,15350.86,PAYMENT OF CLAIMS FOR FEB-26,01-Jul-2026
ESSUEHYIA HEALTH CENTRE,MFANTSIMAN,15860.37,PAYMENT OF CLAIMS FOR MAR-26,01-Jul-2026
ESSUEKYIR CHPS COMPOUND,OGUAMAN,111.92,PAYMENT OF CLAIMS FOR FEB-26,01-Jul-2026
ESUOM CHPS COMPOUND,MANYA KROBO,1378.83,PAYMENT OF CLAIMS FOR APR-26,01-Jul-2026
ESUSU CHPS ZONE,AGONA,819.43,PAYMENT OF CLAIMS FOR APR. 2026,01-Jul-2026
ETTUKROM CHPS COMPOUND,YILO KROBO,1024.36,PAYMENT OF CLAIMS FOR MAY-26,01-Jul-2026
ETTUKROM CHPS COMPOUND,YILO KROBO,650.76,PAYMENT OF CLAIMS FOR APR-26,01-Jul-2026
EVANGELICAL CHURCH OF GHANA HOSPITAL (WEC MISSION CLINIC),EAST GONJA,111802.56,PAYMENT OF CLAIMS FOR FEB-26,01-Jul-2026
EWIM POLYCLINIC,OGUAMAN,87971.84,PAYMENT OF CLAIMS FOR NOV-25,01-Jul-2026
EWIM POLYCLINIC,OGUAMAN,113511.42,PAYMENT OF CLAIMS FOR FEB-26,01-Jul-2026
EWIM POLYCLINIC,OGUAMAN,82507.54,PAYMENT OF CLAIMS FOR JAN-26,01-Jul-2026
EWIM POLYCLINIC,OGUAMAN,92751.86,PAYMENT OF CLAIMS FOR DEC-2025,01-Jul-2026
EWUSIEJOE CHPS ZONE,AHANTAMAN,9629.51,PAYMENT OF CLAIMS FOR APR-26,01-Jul-2026
F. COLEMAN A.M.E. ZION HOSPITAL,ASHANTI,44375.04,PAYMENT OF CLAIMS FOR MAR-26,01-Jul-2026
FAAMAN CHPS COMPOUND,JAMAN SOUTH,10273.82,PAYMENT OF CLAIMS FOR APR-26,01-Jul-2026
FAITH EVANG. MISSION HOSPITAL,OKAIKOI,53419.64,PAYMENT OF CLAIMS FOR FEB-26,01-Jul-2026
FAITH EVANG. MISSION HOSPITAL,OKAIKOI,59311.78,ACCRUAL OF UNVETTED CLAIMS FOR NOV-25,01-Jul-2026
FAITH EVANG. MISSION HOSPITAL,OKAIKOI,73993.94,PAYMENT OF CLAIMS FOR MARCH-26,01-Jul-2026
FAKPOE CHPS COMPOUND,NORTH TONGU,1060.29,PAYMENT OF CLAIMS FOR APR. 2026,01-Jul-2026
FAME CLINIC (EKUMDI),EAST GONJA,13675.13,PAYMENT OF CLAIMS FOR DEC-25,01-Jul-2026
FAME CLINIC (EKUMDI),EAST GONJA,15943.63,PAYMENT OF CLAIMS FOR NOV-25,01-Jul-2026
FAME CLINIC (EKUMDI),EAST GONJA,9929.57,PAYMENT OF CLAIMS FOR FEB-25,01-Jul-2026
FAME CLINIC (EKUMDI),EAST GONJA,11877.38,PAYMENT OF CLAIMS FOR MAR-25,01-Jul-2026
FAME CLINIC (LOAGRI),W MAMPRUSI,17652.52,PAYMENT OF CLAIMS FOR APR-26,01-Jul-2026
FAME CLINIC (LOAGRI),W MAMPRUSI,6936.91,PAYMENT OF CLAIMS FOR AUG-25,01-Jul-2026
FAME CLINIC (LOAGRI),W MAMPRUSI,10008.83,PAYMENT OF CLAIMS FOR SEPT-25,01-Jul-2026
FAME CLINIC (LOAGRI),W MAMPRUSI,5662.92,PAYMENT OF CLAIMS FOR JUN-25,01-Jul-2026
FAME CLINIC (TATINDO),ZABZUGU/TATALE,9365.04,PAYMENT OF CLAIMS FOR NOV-25,01-Jul-2026
FAME CLINIC (TATINDO),ZABZUGU/TATALE,3249.63,PAYMENT OF CLAIMS FOR OCT-25,01-Jul-2026
FAME CLINIC (TATINDO),ZABZUGU/TATALE,9772.02,PAYMENT OF CLAIMS FOR JUL-25,01-Jul-2026
REFORMERS HEALTH CENTER,HO,6228.62,PAYMENT OF CLAIMS FOR MAR-26,01-Jul-2026
REFORMERS HEALTH CENTER,HO,5586.08,PAYMENT OF CLAIMS FOR APRIL-26,01-Jul-2026
REPRODUCTIVE AND CHILD HEALTH UNIT(SAVELUGU),SAVELUGU / NANT,11710.11,PAYMENT OF CLAIMS FOR MAR-26,01-Jul-2026
RICHARD FOWLER CATHOLIC HEALTH CENTRE,AMANSIE EAST DM,8682.61,PAYMENT OF CLAIMS FOR JAN-26,01-Jul-2026
RICHARD NOVATI CATHOLIC HOSPITAL/COMBONI HOSPITAL,SOUTH TONGU,298502.74,PAYMENT OF CLAIMS FOR DEC 25,01-Jul-2026
RICHARD NOVATI CATHOLIC HOSPITAL/COMBONI HOSPITAL,SOUTH TONGU,285331.43,PAYMENT OF CLAIMS FOR FEB 26,01-Jul-2026
S.D.A CLINIC NKATIESO,SEFWI WIAWSO,23903.56,PAYMENT OF CLAIMS FOR APR-26,01-Jul-2026
S.D.A CLINIC NKATIESO,SEFWI WIAWSO,24476.27,PAYMENT OF CLAIMS FOR MAR-26,01-Jul-2026
S.D.A. CLINIC - KOFIKROM,JUABOSO,335894.40,PAYMENT OF CLAIMS FOR JAN-26,01-Jul-2026
SAA CHPS COMPOUND,KASENA-NAN,2489.52,PAYMENT OF CLAIMS FOR FEB-26,01-Jul-2026
SAA CHPS COMPOUND,KASENA-NAN,2524.86,PAYMENT OF CLAIM FOR MAR-26,01-Jul-2026
SABARE CHPS COMPOUND,ZABZUGU/TATALE,7775.69,PAYMENT OF CLAIMS FOR MAR-26,01-Jul-2026
SABRONUM HEALTH CENTRE,AHAFO ANO SOUTH,120348.54,PAYMENT OF CLAIMS FOR JAN-26,01-Jul-2026
SABULI HEALTH CENTRE (QUEEN OF PEACE HEALTH CENTRE),JIRAPA-LAMB,21421.42,PAYMENT OF CLAIMS FOR APR-26,01-Jul-2026
SACRED HEART HEALTH CENTRE BEPOASE,AFIGYA SEKYERE,15975.08,PAYMENT OF CLAIMS FOR JAN-26,01-Jul-2026
SACRED HEART HOSPITAL,KETA,320606.36,PAYMENT OF CLAIMS FOR FEB-26,01-Jul-2026
SACRED HEART HOSPITAL,KETA,331201.12,PAYMENT OF CLAIMS FOR JAN-26,01-Jul-2026
SADAMS CHPS (DENKYEMBOUR),DENKYEMBOUR,2059.26,PAYMENT OF CLAIMS FOR APR-26,01-Jul-2026
SAGNARIGU HEALTH CENTRE,SAGNARIGU MHIS,4661.57,PAYMENT OF CLAIMS FOR APR-26,01-Jul-2026
SAKAA CHPS COMPOUND,KASENA-NAN,1276.10,PAYMENT OF CLAIMS FOR JAN-26,01-Jul-2026
SAKARIBISI CHPS,BOLGATANGA,984.31,PAYMENT OF CLAIMS FOR APR-26,01-Jul-2026
SAKOTE CHPS COMPOUND,TALENSI NABDAM,21861.55,PAYMENT OF CLAIMS FOR APR-26,01-Jul-2026
SAKPA CHPS COMPOUND,BOLE,8370.42,PAYMENT OF CLAIMS FOR MAR-26,01-Jul-2026
SAKPEI CHPS,YENDI DIST HIS,3719.22,PAYMENT OF CLAIM FOR APR-26,01-Jul-2026
SAKYIKROM CHPS,KWAEBIBIREM,3338.35,PAYMENT OF CLAIM FOR MAR-26,01-Jul-2026
SAKYIKROM CHPS,KWAEBIBIREM,2572.62,PAYMENT OF CLAIM FOR APR-26,01-Jul-2026
SAKYIKROM HEALTH CENTRE,AKUAPIM SOUTH,8931.04,PAYMENT OF CLAIMS FOR FEB-26,01-Jul-2026
SAKYIKROM HEALTH CENTRE,AKUAPIM SOUTH,6707.26,PAYMENT OF CLAIMS FOR MAR-26,01-Jul-2026
SAKYIKROM HEALTH CENTRE,AKUAPIM SOUTH,11376.98,PAYMENT OF CLAIMS FOR JAN-26,01-Jul-2026
SAKYIKROM HEALTH CENTRE,AKUAPIM SOUTH,8557.48,PAYMENT OF CLAIMS FOR DEC-25,01-Jul-2026
SALAA CHPS,GUSHEGU,1981.65,PAYMENT OF CLAIMS FOR JAN-26,01-Jul-2026
SALAGA HEALTH CENTRE,EAST GONJA,12536.40,PAYMENT OF CLAIMS FOR APR-26,01-Jul-2026
SALEM CHPS,BIRIM SOUTH,2136.90,PAYMENT OF CLAIM FOR APR-26,01-Jul-2026
SALIFU CHPS ZONE,NKWANTA,3916.76,PAYMENT OF CLAIMS FOR JAN-26,01-Jul-2026
SALIFU CHPS ZONE,NKWANTA,2474.33,PAYMENT OF CLAIM FOR FEB-26,01-Jul-2026
SALMAN HEALTH CENTRE,ELEMBELLE,14066.41,PAYMENT OF CLAIMS FOR APR-26,01-Jul-2026
SALNAYILLI,NANUMBA NORTH,1079.30,PAYMENT OF CLAIMS FOR APR-26,01-Jul-2026
SALPIIGA CHPS,BAWKU WEST,1688.41,PAYMENT OF CLAIMS FOR APR. 2026,01-Jul-2026
SALTPOND MUNICIPAL HOSPITAL,MFANTSIMAN,224385.69,PAYMENT OF CLAIMS FOR JAN-26,01-Jul-2026
SALTPOND MUNICIPAL HOSPITAL,MFANTSIMAN,204366.23,PAYMENT OF CLAIMS FOR FEB-26,01-Jul-2026
SALVATION ARMY HEALTH CENTRE (AJUMAKO BAA,AJUMAKO,69280.71,PAYMENT OF CLAIMS FOR JAN-26,01-Jul-2026
SALVATION ARMY HEALTH CENTRE (AJUMAKO OCHISO),AJUMAKO OCHISO,6954.88,PAYMENT OF CLAIMS FOR FEB-26,01-Jul-2026
SALVATION ARMY HEALTH CENTRE (AJUMAKO OCHISO),AJUMAKO OCHISO,11624.81,PAYMENT OF CLAIMS FOR APR-26,01-Jul-2026
SALVATION ARMY URBAN AID HEALTH CENTRE,AYAWASO,16660.36,PAYMENT OF CLAIMS FOR FEB-26,01-Jul-2026
SALVATION ARMY URBAN AID HEALTH CENTRE,AYAWASO,21597.11,PAYMENT OF CLAIMS FOR APR-26,01-Jul-2026
SALVATION ARMY  CLINIC (ANUM),ASUOGYAMAN,13672.45,PAYMENT OF CLAIMS FOR APR-26,01-Jul-2026
SALVATION ARMY  CLINIC (ANUM),ASUOGYAMAN,11840.24,PAYMENT OF CLAIMS FOR MAR-26,01-Jul-2026
SAMBIK CHPS,BUNKPURUGU YUNY,2899.02,PAYMENT OF CLAIMS FOR APR-26,01-Jul-2026
SAMLESI CHPS (MANYA KROBO),MANYA KROBO,1477.47,PAYMENT OF CLAIMS FOR MAR. 2026,01-Jul-2026
SAMOA HEALTH CENTRE,WA MUNICIPAL,10569.97,PAYMENT OF CLAIMS FOR APR-26,01-Jul-2026
SAMSAM COMMUNITY CLINIC,GA,807.73,PAYMENT OF CLAIMS FOR APR. 2026,01-Jul-2026
SAMUEL SEIDU MEMORIAL CLINIC,WA EAST,12784.91,PAYMENT OF CLAIMS FOR JAN-26,01-Jul-2026
SAMUEL SEIDU MEMORIAL CLINIC,WA EAST,9553.28,PAYMENT OF CLAIMS FOR FEB-26,01-Jul-2026
SANABISI CHPS COMPOUND,BONGO MHIS,2284.52,PAYMENT OF CLAIMS FOR MAR-26,01-Jul-2026
SANDEMA PRESBY HEALTH CENTRE,BUILSA,13071.17,PAYMENT OF CLAIMS FOR FEB-26,01-Jul-2026
SANFORD WORLD CLINICS-BRIMSO,OGUAMAN,3039.04,PAYMENT OF CLAIM FOR MAR-26,01-Jul-2026
SANFORD WORLD CLINICS-BRIMSO,OGUAMAN,3227.16,PAYMENT OF CLAIM FOR APR-26,01-Jul-2026
SANG HEALTH CENTRE,YENDI DIST HIS,5154.01,PAYMENT OF CLAIMS FOR MAR-26,01-Jul-2026
SANKOR-YAAKOW CHPS COMPOUND,AHANTA WEST,851.07,PAYMENT OF CLAIMS FOR APR. 2026,01-Jul-2026
SANKPALA HEALTH CENTRE,CENTRAL GONJA,9191.27,PAYMENT OF CLAIMS FOR APR-26,01-Jul-2026
SANWA CHPS COMPOUND,TAIN DISTRICT,7069.42,PAYMENT OF CLAIMS FOR FEB.-26,01-Jul-2026
SAPELLIGA HEALTH CENTRE,BAWKU WEST,28582.47,PAYMENT OF CLAIMS FOR APR-26,01-Jul-2026
SARABOGO CHPS,PUSIGA,2009.78,PAYMENT OF CLAIMS FOR APR-26,01-Jul-2026
SARAKYI AKURA CHPS,EJURA SEKYED,267.70,PAYMENT OF CLAIMS FOR FEB-26,01-Jul-2026
SARAKYI AKURA CHPS,EJURA SEKYED,693.06,PAYMENT OF CLAIMS FOR APR-26,01-Jul-2026
SARFOKROM HEALTH CENTRE,AMANSIE EAST,8604.43,PAYMENT OF CLAIMS FOR APR-26,01-Jul-2026
SARFOKROM HEALTH CENTRE,AMANSIE EAST,9158.99,PAYMENT OF CLAIMS FOR MAR-26,01-Jul-2026
SASEKOPE CHPS,SOUTH TONGU,733.28,PAYMENT OF CLAIMS FOR APR. 2026,01-Jul-2026
SASIEME CHPS COMPOUND,KETA,531.17,PAYMENT OF CLAIMS FOR FEB-26,01-Jul-2026
SASIEME CHPS COMPOUND,KETA,1003.41,PAYMENT OF CLAIMS FOR MAR. 2026,01-Jul-2026
SAVIEFE CHPS COMPOUND,HO,1740.15,PAYMENT OF CLAIMS FOR MAR. 2026,01-Jul-2026
SAVIEFE CHPS COMPOUND,HO,3081.53,PAYMENT OF CLAIM FOR APR-26,01-Jul-2026
SAWLA HEALTH CENTRE,SAWLA TUNA KALB,11655.38,PAYMENT OF CLAIMS FOR MAR-26,01-Jul-2026
SAWLA HEALTH CENTRE,SAWLA TUNA KALB,12595.69,PAYMENT OF CLAIMS FOR FEB-26,01-Jul-2026
SAWUA HEALTH CENTRE,BOSOMTWE-A_K,15879.95,PAYMENT OF CLAIMS FOR FEB-26,01-Jul-2026
SDA CLINIC (ANYINASUSO),OFFINSOMAN,24098.46,PAYMENT OF CLAIMS FOR MAR-26,01-Jul-2026
"SDA CLINIC, DADIESO",AOWIN-SUAMAN,59175.82,PAYMENT OF CLAIMS FOR FEB-26,01-Jul-2026
SDA CLINIC-SEFWI ASAWINSO,SEFWI WIAWSO,73222.42,PAYMENT OF CLAIMS FOR FEB 2026,01-Jul-2026
SDA HEALTH CENTRE-ASAAGO,BOSOMTWE-ATWIMA,2309.22,PAYMENT OF CLAIMS FOR MAR-26,01-Jul-2026
SDA HOSPITAL (KWADASO KUMASI),BANTAMA,369709.20,PAYMENT OF CLAIMS FOR APR-26,01-Jul-2026
SDA HOSPITAL (KWADASO KUMASI),BANTAMA,17752.85,REPAYMENT OF TAX PAYMENT OF CLAIMS FOR FEB-26,01-Jul-2026
SDA HOSPITAL (KWADASO KUMASI),BANTAMA,327875.58,PAYMENT OF CLAIMS FOR MAR-26,01-Jul-2026
"SDA HOSPITAL, DOMINASE AMANSIE EAST",AMANSIE EAST,315471.29,PAYMENT OF CLAIMS FOR FEB. 2026,01-Jul-2026
"SDA HOSPITAL, DOMINASE AMANSIE EAST",AMANSIE EAST,377013.39,PAYMENT OF CLAIMS FOR MAR. 2026,01-Jul-2026
"SDA HOSPITAL, KOFORIDUA",NEW JUABEN,192039.01,PAYMENT OF CLAIMS FOR FEB-26,01-Jul-2026
"SDA HOSPITAL,ASAMANG",AFIGYA SEK,323926.40,PAYMENT OF CLAIMS FOR MARCH-26,01-Jul-2026
SEDUASE CHPS COMPOUND,TEMA,1938.26,PAYMENT OF CLAIMS FOR MAR-26,01-Jul-2026
SEDUASE CHPS COMPOUND,TEMA,1734.64,PAYMENT OF CLAIMS FOR FEB. 2026,01-Jul-2026
SEGE POLYCLINIC,DANGME EAST,39084.61,PAYMENT OF CLAIMS FOR SEPT-25,01-Jul-2026
SEGE POLYCLINIC,DANGME EAST,59576.22,PAYMENT OF CLAIMS FOR DEC-25,01-Jul-2026
SEGE POLYCLINIC,DANGME EAST,41056.52,PAYMENT OF CLAIMS FOR JAN-26,01-Jul-2026
SEIKWA HEALTH CENTRE,TAIN DIST,24340.35,PAYMENT OF CLAIMS FOR MAR-26,01-Jul-2026
SEKETIA HEALTH CENTRE,JAMAN NORTH HIS,58460.49,PAYMENT OF CLAIMS FOR MARCH-26,01-Jul-2026
SEKYEDUMASE HEALTH CENTRE,EJURA SEKYED,67314.92,PAYMENT OF CLAIMS FOR JAN-26,01-Jul-2026
SEKYERE HEMANG CHPS (MPOHOR WASSA),MPOHOR WASSA EA,5033.63,PAYMENT OF CLAIMS FOR MAR-26,01-Jul-2026
SEKYERE KROBO HEALTH CENTRE,MPOHOR WASSA EA,5651.76,PAYMENT OF CLAIMS FOR MAR-26,01-Jul-2026
SEMPOA CHPS,OKWAWUMAN S,4986.51,PAYMENT OF CLAIMS FOR MAR-26,01-Jul-2026
SENCHI FERRY HEALTH CENTRE,ASUOGYAMAN,18884.12,PAYMENT OF CLAIMS FOR APR-26,01-Jul-2026
SENE WEST DISTRICT HOSPITAL,SENE,252250.82,PAYMENT OF CLAIMS FOR JAN-26,01-Jul-2026
SENEBAGA CHPS,GARU,282.89,PAYMENT OF CLAIMS FOR APR-26,01-Jul-2026
SENTIAW,MPOHOR WASSA EA,940.60,PAYMENT OF CLAIMS FOR APR. 2026,01-Jul-2026
SENTIE CHPS,SISSALA E,1257.78,PAYMENT OF CLAIMS FOR APR-26,01-Jul-2026
SEPE BUOKROM HEALTH CENTRE,MANHYIA,17196.26,PAYMENT OF CLAIMS FOR JAN-26,01-Jul-2026
SEWUM HEALTH CENTRE,AOWIN-SUAMAN,13946.06,PAYMENT OF CLAIMS FOR MAR-26,01-Jul-2026
SEYIRI CHPS,WA CENTRAL,285.81,PAYMENT OF CLAIMS FOR DEC-25,01-Jul-2026
"SHAI OSUDOKU DISTRICT HOSPITAL,",DANGME W,229515.30,PAYMENT OF CLAIMS FOR FEB-26,01-Jul-2026
"SHAI OSUDOKU DISTRICT HOSPITAL,",DANGME W,224020.24,PAYMENT OF CLAIMS FOR JAN-26,01-Jul-2026
SHEAGA CHPS COMPOUND,TALENSI NABDAM,343.83,PAYMENT OF CLAIMS FOR FEB-26,01-Jul-2026
SHEAGA CHPS COMPOUND,TALENSI NABDAM,789.55,PAYMENT OF CLAIMS FOR APR-26,01-Jul-2026
SHEINI CHPS,ZABZUGU/TATALE,1663.20,PAYMENT OF CLAIMS FOR APR. 2026,01-Jul-2026
SHERIGU HEALTH CENTER,BOLGA,13676.41,PAYMENT OF CLAIMS FOR APR-26,01-Jul-2026
SHIA HEALTH CENTRE.,HO,8419.72,PAYMENT OF CLAIMS FOR APR-26,01-Jul-2026
SHISHEGU CHPS,SAGNARIGU MHIS,1664.77,PAYMENT OF CLAIMS FOR APR. 2026,01-Jul-2026
SIBI HILL TOP CHPS COMPOUND,NKWANTA,4565.81,PAYMENT OF CLAIMS FOR FEB.-26,01-Jul-2026
SIENCHEM RURAL CLINIC,ASUTIFI,7247.87,PAYMENT OF CLAIMS FOR MAR-26,01-Jul-2026
SIGRI CHPS COMPOUND,JIRAPA-LAMB,3627.63,PAYMENT OF CLAIMS FOR APR-26,01-Jul-2026
SILANDRE CHPS COMPOUND,HO,2351.87,PAYMENT OF CLAIM FOR APR-26,01-Jul-2026
SILOAM GOSPEL CLINIC,JOMORO,23768.01,PAYMENT OF CLAIMS FOR APR-26,01-Jul-2026
SISIAMANG CHPS COMPOUND,MANYA KROBO,2035.68,PAYMENT OF CLAIM FOR APR-26,01-Jul-2026
SISSIPE CHPS,EAST GONJA,470.00,PAYMENT OF CLAIMS FOR APR-26,01-Jul-2026
SOE HEALTH CENTRE,BONGO,23572.55,PAYMENT OF CLAIMS FOR MAR-26,01-Jul-2026
SOGAKOPE CHPS,SOUTH TONGU,2399.02,PAYMENT OF CLAIM FOR MAR-26,01-Jul-2026
SOGON CHPS,BIMBILLA,2298.26,PAYMENT OF CLAIMS FOR FEB-26,01-Jul-2026
SOKABISI HEALTH CENTRE,BOLGA,16818.49,PAYMENT OF CLAIMS FOR MAR-26,01-Jul-2026
SOKODE - LOKOE CHPS,HO,4251.72,PAYMENT OF CLAIMS FOR MAR-26,01-Jul-2026
SOKODE ANDO/BAGBLE CHPS,HO,6130.39,PAYMENT OF CLAIMS FOR MAR-26,01-Jul-2026
SOKODE ETOE CHPS COMPOUND,HO,830.42,PAYMENT OF CLAIMS FOR APR. 2026,01-Jul-2026
SOKODE JUASO CHPS COMPOUND,EAST AKIM,1383.94,PAYMENT OF CLAIMS FOR MAY-26,01-Jul-2026
SOKODE JUASO CHPS COMPOUND,EAST AKIM,1590.83,PAYMENT OF CLAIMS FOR APR-26,01-Jul-2026
SOKUTIME CHPS COMPOUND,SOUTH TONGU,4243.58,PAYMENT OF CLAIMS FOR APR-26,01-Jul-2026
SOMA CHPS COMPOUND,SAWLA TUNA KALB,1733.00,PAYMENT OF CLAIMS FOR FEB-26,01-Jul-2026
SOMANYA HEALTH CENTRE,YILO KROBO,18579.84,PAYMENT OF CLAIMS FOR FEB-26,01-Jul-2026
SOMANYA HEALTH CENTRE,YILO KROBO,18556.55,PAYMENT OF CLAIMS FOR APR-24,01-Jul-2026
SOMBISI CHPS,WA EAST,852.10,PAYMENT OF CLAIMS FOR APR-26,01-Jul-2026
SOMBO HEALTH CENTRE,NADOWLI,8273.64,PAYMENT OF CLAIMS FOR MAR-26,01-Jul-2026
SOMBO HEALTH CENTRE,NADOWLI,12708.79,PAYMENT OF CLAIMS FOR MAR-26,01-Jul-2026
SOMUM CHPS COMPOUND,WEST GONJA,14.82,PAYMENT OF CLAIMS FOR JAN-26,01-Jul-2026
SOMUM CHPS COMPOUND,WEST GONJA,14.40,PAYMENT OF CLAIMS FOR APR-26,01-Jul-2026
SOMUM CHPS COMPOUND,WEST GONJA,38.11,PAYMENT OF CLAIMS FOR FEB-26,01-Jul-2026
SONGO HEALTH CENTRE,GARU,13159.61,PAYMENT OF CLAIMS FOR FEB-26,01-Jul-2026
SONGO HEALTH CENTRE,GARU,10396.56,PAYMENT OF CLAIMS FOR JAN-26,01-Jul-2026
SONNE CHPS,LAWRA,704.85,PAYMENT OF CLAIMS FOR MAR. 2026,01-Jul-2026
SOO CHPS,W MAMPRUSI,2735.07,PAYMENT OF CLAIMS FOR APR-26,01-Jul-2026
SOO CHPS,W MAMPRUSI,1276.79,PAYMENT OF CLAIMS FOR FEB. 2026,01-Jul-2026
SOO CHPS,W MAMPRUSI,1794.09,PAYMENT OF CLAIMS FOR MAR. 2026,01-Jul-2026
SORI CHPS COMPOUND,WEST GONJA,1000.27,ACCRUAL OF UNVETTED CLAIMS FOR NOV-25,01-Jul-2026
SORI CHPS COMPOUND,WEST GONJA,1643.08,PAYMENT OF CLAIMS FOR MAR. 2026,01-Jul-2026
SOVIE CHPS COMPOUND,KETU NORTH,3092.48,PAYMENT OF CLAIM FOR APR-26,01-Jul-2026
SOVIE CHPS COMPOUND,KETU NORTH,4283.59,PAYMENT OF CLAIMS FOR MAR-26,01-Jul-2026
SOVIE HEALTH CENTER,VOLTA,11755.67,PAYMENT OF CLAIMS FOR FEB-26,01-Jul-2026
SOWUTUOM CHPS COMPOUND,ASIKUMA ODOBEN,2457.53,PAYMENT OF CLAIM FOR APR-26,01-Jul-2026
SRA HEALTH CENTRE,SUHUM KRA C,561.79,PAYMENT OF CLAIMS FOR MAR-26,01-Jul-2026
SRA HEALTH CENTRE,SUHUM KRA C,314.68,PAYMENT OF CLAIMS FOR FEB-26,01-Jul-2026
SRA HEALTH CENTRE,SUHUM KRA C,361.86,PAYMENT OF CLAIMS FOR APR-26,01-Jul-2026
SRAHA AYIEM CHPS,AMENFIMAN,1300.70,PAYMENT OF CLAIMS FOR FEB. 2026,01-Jul-2026
SRESO TINPOM HEALTH CENTRE,ATWIMA MPONOA,34864.34,PAYMENT OF CLAIMS FOR JAN-26,01-Jul-2026
ST ANNE'S POLYCLINIC-TAGADZI,NORTH TONGU,46923.39,PAYMENT OF CLAIMS FOR MAR-26,01-Jul-2026
ST ANNE'S POLYCLINIC-TAGADZI,NORTH TONGU,38611.03,PAYMENT OF CLAIMS FOR FEB-26,01-Jul-2026
"ST ANTHONY HOSPITAL,DZODZE",KETU NORTH,261169.98,PAYMENT OF CLAIMS FOR MAR-26,01-Jul-2026
"ST ANTHONY HOSPITAL,DZODZE",KETU NORTH,241217.74,PAYMENT OF CLAIMS FOR FEB-26,01-Jul-2026
ST ELIZABETH CATHOLIC HOSPITAL,ASUTIFI,544614.00,PAYMENT OF CLAIMS FOR JAN-26,01-Jul-2026
ST FRANCIS XAVIER HOSPITAL,ASSIN NORTH,873277.80,PAYMENT OF CLAIMS FOR JAN-26,01-Jul-2026
ST FRANCIS XAVIER HOSPITAL,ASSIN NORTH,729119.30,PAYMENT OF CLAIMS FOR FEB-26,01-Jul-2026
ST FRANCIS XAVIER HOSPITAL,ASSIN NORTH,810581.26,PAYMENT OF CLAIMS FOR MAR-26,01-Jul-2026
ST GERHARD'S HEALTH CENTRE,SISSALA W,15269.36,PAYMENT OF CLAIMS FOR APR-26,01-Jul-2026
ST GERHARD'S HEALTH CENTRE,SISSALA W,15557.92,PAYMENT OF CLAIMS FOR MAR-26,01-Jul-2026
ST JOHN OF GOD HOSPITAL (DUAYAW NKWANTA),TANO NORTH HIS,394187.43,PAYMENT OF CLAIMS FOR FEB-26,01-Jul-2026
ST JOHN OF GOD HOSPITAL (DUAYAW NKWANTA),TANO NORTH HIS,448437.61,PAYMENT OF CLAIMS FOR JAN-26,01-Jul-2026
ST JOHN OF GOD HOSPITAL (DUAYAW NKWANTA),TANO NORTH HIS,491162.55,PAYMENT OF CLAIMS FOR AUG-25,01-Jul-2026
ST LUKE CATHOLIC HOSPITAL - APAM,GOMOAMAN,239479.83,PAYMENT OF CLAIMS FOR JAN-26,01-Jul-2026
ST LUKE CATHOLIC HOSPITAL - APAM,GOMOAMAN,230649.96,PAYMENT OF CLAIMS FOR FEB. 26,01-Jul-2026
ST MARK'S ANGLICAN CLINIC,BIBIANI-AN BE,4008.88,PAYMENT OF CLAIMS FOR FEB-26,01-Jul-2026
ST MARK'S ANGLICAN CLINIC,BIBIANI-AN BE,5006.31,PAYMENT OF CLAIMS FOR APR-26,01-Jul-2026
ST MARY'S CHPS,AMANSIE EAST,8187.02,PAYMENT OF CLAIMS FOR JAN-26,01-Jul-2026
ST MICHAEL CLINIC AND MATERNITY HOME,BIRIM NORTH,28760.48,PAYMENT OF CLAIMS FOR MAR-26,01-Jul-2026
ST MICHAEL CLINIC AND MATERNITY HOME,BIRIM NORTH,27726.61,PAYMENT OF CLAIMS FOR APR-26,01-Jul-2026
ST MICHAEL CLINIC AND MATERNITY HOME(ER),BIRIM NORTH DMH,27967.18,PAYMENT OF CLAIMS FOR FEB-26,01-Jul-2026
ST PETERS CLINIC,ASUTIFI,4823.54,PAYMENT OF CLAIMS FOR JAN.-26,01-Jul-2026
ST PETERS CLINIC,ASUTIFI,4084.24,PAYMENT OF CLAIMS FOR FEB-26,01-Jul-2026
ST. ANDREWS ANGLICAN CLINIC,UPPER DENKYIRA,813.14,PAYMENT OF CLAIMS FOR FEB-26,01-Jul-2026
ST. ANNE MEDICAL CENTRE,NADOWLI,21114.03,PAYMENT OF CLAIMS FOR APR-26,01-Jul-2026
ST. ANTHONY'S HEALTH CENTRE,TAIN,20085.56,PAYMENT OF CLAIMS FOR MAR-26,01-Jul-2026
ST. DOMINIC CLINIC,PRU,4956.24,PAYMENT OF CLAIMS FOR FEB-26,01-Jul-2026
ST. DOMINIC CLINIC,PRU,5518.40,PAYMENT OF CLAIMS FOR JAN-26,01-Jul-2026
ST. DOMINIC HOSPITAL,AKWATIA,1140480.78,PAYMENT OF CLAIMS FOR FEB-26,01-Jul-2026
ST. DOMINIC HOSPITAL,AKWATIA,62381.18,CLAIMS UNDER-PAYMENT DIFFERENT FOR JAN-26,01-Jul-2026
ST. FRANCIS CLINIC,HO,17759.10,ACCRUAL OF UNVETTED CLAIMS FOR DEC-25,01-Jul-2026
ST. FRANCIS CLINIC,HO,14320.26,PAYMENT OF CLAIMS FOR MAR-26,01-Jul-2026
ST. FRANCIS CLINIC,HO,16916.72,PAYMENT OF CLAIMS FOR APR-26,01-Jul-2026
ST. GEORGE'S CLINIC (LIATI),HOHOE,17095.52,PAYMENT OFCLAIMS FOR FEB-2026,01-Jul-2026
ST. GEORGE'S CLINIC (LIATI),HOHOE,21270.92,PAYMENT OF CLAIMS FOR DEC-25,01-Jul-2026
ST. GEORGE'S CLINIC (LIATI),HOHOE,19286.95,PAYMENT OF CLAIMS FOR JAN-26,01-Jul-2026
ST. GEORGE'S CLINIC (LIATI),HOHOE,17691.61,PAYMENT OFCLAIMS FOR MAR-2026,01-Jul-2026
ST. GREGORY CATHOLIC CLINIC,GOMOAMAN HIS,336898.22,PAYMENT OF CLAIMS FOR JAN-26,01-Jul-2026
ST. GREGORY CATHOLIC CLINIC,GOMOAMAN HIS,348222.30,PAYMENT OF CLAIMS FOR FEB-26,01-Jul-2026
"ST. IGNATIUS HEALTH CENTRE,",WA WEST,16508.14,PAYMENT OF CLAIMS FOR APR-26,01-Jul-2026
"ST. IGNATIUS HEALTH CENTRE,",WA WEST,27822.14,PAYMENT OF CLAIMS FOR FEB-26,01-Jul-2026
"ST. JAMES CLINIC, ABESIM",SUNYANI,40020.02,PAYMENT OF CLAIMS FOR JAN-26,01-Jul-2026
ST. JOHN OF GOD CLINIC- ADENTA,ADENTA,101690.73,PAYMENT OF CLAIMS FOR FEB-26,01-Jul-2026
ST. JOHN OF GOD HEALTH CENTRE (BIA),BIA,15213.34,PAYMENT OF CLAIMS FOR FEB-26,01-Jul-2026
ST. JOHN OF GOD HEALTH CENTRE (BIA),BIA,24200.41,PAYMENT OF CLAIMS FOR APR-26,01-Jul-2026
ST. JOHN OF GOD HEALTH CENTRE (BIA),BIA,17854.41,PAYMENT OF CLAIMS FOR MAR-26,01-Jul-2026
ST. JOHN OF GOD HOSPITAL SEFWI WIAWSO,SEFWI WIAWSO,368505.36,PAYMENT OF CLAIMS FOR MAR-26,01-Jul-2026
ST. JOHN OF GOD HOSPITAL SEFWI WIAWSO,SEFWI WIAWSO,345663.01,PAYMENT OF CLAIMS FOR FEB-26,01-Jul-2026
ST. JOHN'S CLINIC AND MATERNITY (EASTERN),BIRIM NORTH,103430.58,PAYMENT OF CLAIMS FOR MARCH-26,01-Jul-2026
ST. JOHN'S CLINIC AND MATERNITY (EASTERN),BIRIM NORTH,82980.80,PAYMENT OF CLAIMS FOR JAN-26,01-Jul-2026
ST. JOSEPH CLINIC AND MATERNITY HOME,OKWAWUMAN SOUTH,35228.09,PAYMENT OF CLAIMS FOR MAR-26,01-Jul-2026
ST. JOSEPH HEALTH CENTRE (KASSENA-NANKANA),UPPER EAST,27774.37,PAYMENT OF CLAIMS FOR FEB-26,01-Jul-2026
ST. JOSEPH HOSPITAL,NEW JUABEN,427415.43,PAYMENT OF CLAIMS FOR FEB 26,01-Jul-2026
ST. JOSEPH HOSPITAL,NEW JUABEN,460830.33,PAYMENT OF CLAIMS FOR JAN-26,01-Jul-2026
ST. JOSEPH HOSPITAL - JIRAPA,JIRAPA,544334.18,PAYMENT OF CLAIMS FOR MARCH-26,01-Jul-2026
"ST. JOSEPH THE WORKER HEALTH CENTER, GUABULIGA",WEST MAMPRUSI D,15776.54,PAYMENT OF CLAIMS FOR APR-26,01-Jul-2026
ST. JOSEPH'S CLINIC (WENCHI),WENCHI DISTRICT,132093.93,PAYMENT OF CLAIMS FOR FEB-26,01-Jul-2026
ST. JOSEPH'S CLINIC (WENCHI),WENCHI DISTRICT,144089.69,PAYMENT OF CLAIMS FOR MARCH-26,01-Jul-2026
"ST. JOSEPH'S CLINIC, BECHEM",TANO SOUTH,18709.28,PAYMENT OF CLAIMS FOR MAR-26,01-Jul-2026
ST. LUKES METHODIST CLINIC,BIA,3160.66,PAYMENT OF CLAIMS FOR FEB-26,01-Jul-2026
ST. LUKES METHODIST CLINIC,BIA,3613.67,PAYMENT OF CLAIMS FOR APR-26,01-Jul-2026
ST. MARTIN DE PORRES HEALTH CENTRE (EREMON HEALTH CENTRE),LAWRA,27225.53,PAYMENT OF CLAIMS FOR APR-26,01-Jul-2026
"ST. MARTIN DE PORRES HOSPITAL,EIKWE",ELEMBELLE,438128.98,PAYMENT OF CLAIMS FOR MAR. 26,01-Jul-2026
ST. MARTIN'S PHC/MATERNITY- BIU,KASENA NANKANA,29187.61,PAYMENT OF CLAIMS FOR MAR-26,01-Jul-2026
ST. MARY THERESA HOSPITAL,KADJEBI,223557.90,PAYMENT OF CLAIMS FOR FEB-26,01-Jul-2026
"ST. MARY'S HOSPITAL, DROBO",JAMAN S,551756.46,ACCRUAL OF UNVETTED CLAIMS FOR JUL-25,01-Jul-2026
"ST. MARY'S HOSPITAL, DROBO",JAMAN S,397571.91,PAYMENT OF CLAIMS FOR NOV 22,01-Jul-2026
"ST. MARY'S HOSPITAL, DROBO",JAMAN S,516710.77,PAYMENT OF CLAIMS FOR MAR 26,01-Jul-2026
ST. MONICA'S CLINIC AND MATERNITY HOME,ATIWA,26870.73,PAYMENT OF CLAIMS FOR APR-26,01-Jul-2026
ST. MONICA'S CLINIC AND MATERNITY HOME,ATIWA,18858.02,PAYMENT OF CLAIMS FOR MAR-26,01-Jul-2026
ST. PATRICK HEALTH CENTER - WULUGU,WEST MAMPRUSI D,20023.18,PAYMENT OF CLAIMS FOR FEB-26,01-Jul-2026
ST. PATRICK'S HOSPITAL,OFFINSOMAN,995479.70,PAYMENT OF CLAIMS FOR FEB-26,01-Jul-2026
ST. PAULINE CLINIC,AYAWASO,4242.00,PAYMENT OF CLAIMS FOR MAR-26,01-Jul-2026
ST. THERESA HOSPITAL - NANDOM,LAWRA MHIS,573805.28,PAYMENT OF CLAIMS FOR MARCH-26,01-Jul-2026
ST. THERESA HOSPITAL - NANDOM,LAWRA MHIS,500222.08,PAYMENT OF CLAIMS FOR APR- 26,01-Jul-2026
ST. THERESA'S HOSPITAL (NKORANZA),NKORANZA DIST.,474530.55,PAYMENT OF CLAIMS FOR MAR-26,01-Jul-2026
ST. VINCENT'S CLINIC AND MATERNITY,SEKYERE EAST-EF,9852.12,PAYMENT OF CLAIMS FOR FEB-26,01-Jul-2026
SUAME GOVERNMENT HOSPITAL,SUAME,142717.51,PAYMENT OF CLAIMS FOR MARCH-26,01-Jul-2026
SUAME MAGAZINE HEALTH CENTRE,BANTAMA,2091.42,PAYMENT OF CLAIMS FOR MAR-26,01-Jul-2026
SUBINSO HEALTH CENTRE.,WENCHI,19647.93,PAYMENT OF CLAIMS FOR MAR-26,01-Jul-2026
SUBINSO HEALTH CENTRE.,WENCHI,15816.33,PAYMENT OF CLAIMS FOR FEB-26,01-Jul-2026
SUBRISO NO. 1 CHPS,TANO N,8637.90,PAYMENT OF CLAIMS FOR MAR-26,01-Jul-2026
SUHUM HEALTH CENTRE,SUHUM KRA C,17146.33,PAYMENT OF CLAIMS FOR MAR-26,01-Jul-2026
SUHYENSU CHPS ZONE,AMENFI EAST,1218.17,PAYMENT OF CLAIMS FOR APR-26,01-Jul-2026
SUKUUMU CHPS COMPOUND,AMANSIE CENT,2907.70,PAYMENT OF CLAIMS FOR APR-26,01-Jul-2026
SUMBRUNGU HEALTH CENTRE,BOLGA,13473.81,PAYMENT OF CLAIMS FOR APR-26,01-Jul-2026
FAME CLINIC (TATINDO),ZABZUGU/TATALE,9219.07,PAYMENT OF CLAIMS FOR APR-25,01-Jul-2026
FAME CLINIC (TATINDO),ZABZUGU/TATALE,8940.37,PAYMENT OF CLAIMS FOR JUN-25,01-Jul-2026
FAME CLINIC BENWOKO,GARU-TEMPANE,11238.60,PAYMENT OF CLAIMS FOR OCT-25,01-Jul-2026
FAME CLINIC BENWOKO,GARU-TEMPANE,7500.98,PAYMENT OF CLAIMS FOR FEB.-26,01-Jul-2026
"FAME CLINIC, AKPLALE",SOUTH TONGU,1025.65,PAYMENT OF CLAIMS FOR FEB. 2026,01-Jul-2026
"FAME CLINIC, AKPLALE",SOUTH TONGU,499.51,PAYMENT OF CLAIMS FOR MAR-25,01-Jul-2026
"FAME CLINIC, AKPLALE",SOUTH TONGU,853.20,PAYMENT OF CLAIMS FOR JAN. 2026,01-Jul-2026
"FAME CLINIC, AKPLALE",SOUTH TONGU,1173.83,PAYMENT OF CLAIMS FOR MAR. 2026,01-Jul-2026
FAME CLINIC-MAKANGO,EAST GONJA,10721.53,PAYMENT OF CLAIMS FOR MAY-25,01-Jul-2026
FAME CLINIC-MAKANGO,EAST GONJA,19213.66,PAYMENT OF CLAIMS FOR APR-26,01-Jul-2026
FANTEM CHPS COMPOUND,MANYA KROBO,694.56,PAYMENT OF CLAIMS FOR APR-26,01-Jul-2026
FANTEM CHPS COMPOUND,MANYA KROBO,594.22,PAYMENT OF CLAIMS FOR DEC-25,01-Jul-2026
FARFAR CHPS,GARU,1561.55,PAYMENT OF CLAIMS FOR APR. 2026,01-Jul-2026
FARFAR CHPS,GARU,631.25,PAYMENT OF CLAIMS FOR FEB-26,01-Jul-2026
FARFAR CHPS,GARU,1093.21,PAYMENT OF CLAIMS FOR MAR. 2026,01-Jul-2026
FATHER THOMAS ALAN ROONEY MEMORIAL HOSPITAL(FTARMH),AMENFIMAN,323634.25,PAYMENT OF CLAIMS FOR APR-26,01-Jul-2026
FATHER THOMAS ALAN ROONEY MEMORIAL HOSPITAL(FTARMH),AMENFIMAN,282855.48,PAYMENT OF CLAIMS FOR MARCH-26,01-Jul-2026
FATHER THOMAS ALAN ROONEY MEMORIAL HOSPITAL(FTARMH),AMENFIMAN,251590.49,PAYMENT OF CLAIMS FOR FEB-26,01-Jul-2026
"FAWOMAN CHPS,BANDA",TAIN DIST,14541.59,PAYMENT OF CLAIMS FOR MAR-26,01-Jul-2026
FAWOMANYE CHPS (AJUMAKO ENYAN ESSIAM),AJUMAKO ENYAN,1484.85,PAYMENT OF CLAIMS FOR MAR. 2026,01-Jul-2026
FEFE CHPS COMPOUND,MANYA KROBO,244.24,PAYMENT OF CLAIMS FOR MAR-26,01-Jul-2026
FEFE CHPS COMPOUND,MANYA KROBO,388.82,PAYMENT OF CLAIMS FOR APR-26,01-Jul-2026
FESI CHPS (KPANDO),KPANDO,4793.11,PAYMENT OF CLAIMS FOR FEB-26,01-Jul-2026
FIANKOMA HEALTH CENTRE,AMANSIE CENT,15421.16,PAYMENT OF CLAIMS FOR JAN-26,01-Jul-2026
FIAPRE ZONGO CHPS,SUNYANI WEST,4495.25,PAYMENT OF CLAIMS FOR APR-26,01-Jul-2026
FIASO HEALTH CENTRE,TECHIMAN,20650.88,PAYMENT OF CLAIMS FOR MAR-26,01-Jul-2026
FIELMUO HEALTH CENTRE,SISSALA W,15017.68,PAYMENT OF CLAIMS FOR FEB-26,01-Jul-2026
FIELMUO HEALTH CENTRE,SISSALA W,18806.52,PAYMENT OF CLAIMS FOR JAN-26,01-Jul-2026
FITRI CHPS COMPOUND,TECHIMAN MUNICI,9800.58,PAYMENT OF CLAIMS FOR JAN-26,01-Jul-2026
FOASE HEALTH CENTRE,BOSOMTWE-A_K,26726.09,PAYMENT OF CLAIMS FOR JAN-26,01-Jul-2026
FODOA CHPS,OKWAHUMAN W,14164.97,PAYMENT OF CLAIMS FOR MAR-26,01-Jul-2026
FODOA CHPS,OKWAHUMAN W,13515.16,PAYMENT OF CLAIMS FOR FEB-26,01-Jul-2026
FODOME AHOR CHPS COMPOUND,HOHOE,8272.81,PAYMENT OF CLAIMS FOR MAR-26,01-Jul-2026
FODOME AHOR CHPS COMPOUND,HOHOE,5678.17,PAYMENT OF CLAIMS FOR FEB.-26,01-Jul-2026
FODOME AHOR CHPS COMPOUND,HOHOE,6085.22,PAYMENT OF CLAIMS FOR MAR-26,01-Jul-2026
FODOME HELU HEALTH CENTER,HOHOE,4875.19,PAYMENT OF CLAIMS FOR MAR-26,01-Jul-2026
"FODOME WOE CHPS COMPOUND,",HOHOE,4148.28,PAYMENT OF CLAIMS FOR MAR-26,01-Jul-2026
FORIFORI HEALTH CENTRE,AFRAM PLAINS,8650.85,PAYMENT OF CLAIMS FOR MAR-26,01-Jul-2026
FORIKROM HEALTH CENTER,TECHIMAN MUNICI,32708.93,PAYMENT OF CLAIMS FOR FEB-26,01-Jul-2026
FOSU CHPS COMPOUND,AFRAM PLAINS,7927.81,PAYMENT OF CLAIMS FOR MAR-26,01-Jul-2026
FOSUANSA CHPS COMPOUND,ASIKUMA ODO BRA,2359.39,PAYMENT OF CLAIMS FOR FEB-26,01-Jul-2026
FOSUKROM CHPS,BIA,1784.22,PAYMENT OF CLAIMS FOR APR. 2026,01-Jul-2026
FOTOBI CHPS,AKUAPEM S,17160.90,PAYMENT OF CLAIMS FOR MAR-26,01-Jul-2026
FOTOBI CHPS,AKUAPEM S,16208.96,PAYMENT OF CLAIMS FOR APR-26,01-Jul-2026
FOUNTAIN VIEW FAITH HOSPITAL,UPPER DENKYIRA,16444.55,PAYMENT OF CLAIMS FOR MAR-26,01-Jul-2026
FOUNTAIN VIEW FAITH HOSPITAL,UPPER DENKYIRA,6316.38,PAYMENT OF CLAIMS FOR JAN-26,01-Jul-2026
FOUNTAIN VIEW FAITH HOSPITAL,UPPER DENKYIRA,5838.90,PAYMENT OF CLAIMS FOR FEB-26,01-Jul-2026
FRANKADUA HEALTH CENTRE,ASUOGYAMAN,11181.43,PAYMENT OF CLAIMS FOR JAN-26,01-Jul-2026
FRANKADUA HEALTH CENTRE,ASUOGYAMAN,11233.04,PAYMENT OF CLAIMS FOR FEB-26,01-Jul-2026
FRANKADUA HEALTH CENTRE,ASUOGYAMAN,8774.54,PAYMENT OF CLAIMS FOR MAR-26,01-Jul-2026
FRANKADUA HEALTH CENTRE,ASUOGYAMAN,9846.73,PAYMENT OF CLAIMS FOR MAR-26,01-Jul-2026
FRIENDS EYE CENTER,TAMALE,7907.13,PAYMENT OF CLAIMS FOR DEC-25,01-Jul-2026
FUFULSO CHPS,CENT GONJA,12345.52,PAYMENT OF CLAIMS FOR APR-26,01-Jul-2026
FUFULSO CHPS,CENT GONJA,10403.04,PAYMENT OF CLAIMS FOR MAR-26,01-Jul-2026
FUFULSO CHPS,CENT GONJA,12041.29,PAYMENT OF CLAIMS FOR FEB-26,01-Jul-2026
FUMBISI HEALTH CENTRE,BUILSA,136590.28,ACCRUAL OF UNVETTED CLAIMS FOR NOV-25,01-Jul-2026
FUME HEALTH CENTRE,HO,3161.84,PAYMENT OF CLAIMS FOR FEB-25,01-Jul-2026
FUME HEALTH CENTRE,HO,3190.85,PAYMENT OF CLAIMS FOR JAN-25,01-Jul-2026
FUMSO HEALTH CENTRE,ADANSI NORTH MH,20694.52,PAYMENT OF CLAIMS FOR FEB-26,01-Jul-2026
FUNSUA CHPS COMPOUN,SEKYERE EAST,5934.92,PAYMENT OF CLAIMS FOR MAR-26,01-Jul-2026
FUO CHPS,SAGNARIGU MHIS,1957.78,PAYMENT OF CLAIMS FOR FEB-26,01-Jul-2026
FUU CHPS COMPOUND,EAST GONJA,5303.42,PAYMENT OF CLAIMS FOR MAR-26,01-Jul-2026
FUU CHPS COMPOUND,EAST GONJA,6535.50,PAYMENT OF CLAIMS FOR MAR-26,01-Jul-2026
GA CENTRAL MUNICIPAL CLINIC,GA,10745.64,PAYMENT OF CLAIMS FOR FEB-26,01-Jul-2026
GA CENTRAL MUNICIPAL CLINIC,GA,9694.50,PAYMENT OF CLAIMS FOR JAN.-26,01-Jul-2026
GA HEALTH CENTRE,WA,8211.70,PAYMENT OF CLAIMS FOR APR-26,01-Jul-2026
GA WEST MUNICIPAL HOSPITAL,GA,300134.68,CLAIMS PAYMENT FOR MAY 23,01-Jul-2026
GADA HEALTH CENTER,AWUTU SENYA EAS,3069.34,PAYMENT OF CLAIM FOR APR-26,01-Jul-2026
GADORKOPE CHPS,AFRAM PLAINS,1331.17,PAYMENT OF CLAIMS FOR APR. 2026,01-Jul-2026
GADORKOPE CHPS,AFRAM PLAINS,1866.59,PAYMENT OF CLAIMS FOR MAY-26,01-Jul-2026
GALAKA CHPS,BAWKU WEST,1879.15,PAYMENT OF CLAIMS FOR DEC-25,01-Jul-2026
GALAKA CHPS,BAWKU WEST,1660.45,PAYMENT OF CLAIMS FOR APR-26,01-Jul-2026
GALAKA CHPS,BAWKU WEST,6836.64,PAYMENT OF CLAIMS FOR OCT-25,01-Jul-2026
GALILEA CHPS,AFRAM PLAINS,1557.72,PAYMENT OF CLAIMS FOR APR. 2026,01-Jul-2026
GALO-SOTA HEALTH CENTRE,KETA,3709.65,PAYMENT OF CLAIMS FOR FEB-26,01-Jul-2026
GALO-SOTA HEALTH CENTRE,KETA,6141.02,PAYMENT OF CLAIMS FOR MAR-26,01-Jul-2026
GALO-SOTA HEALTH CENTRE,KETA,5958.25,PAYMENT OF CLAIMS FOR APR-26,01-Jul-2026
GALWEI CHPS ZONE,GUSHEGU,5391.04,PAYMENT OF CLAIMS FOR JAN-26,01-Jul-2026
GALWEI CHPS ZONE,GUSHEGU,7820.23,PAYMENT OF CLAIMS FOR MAR-26,01-Jul-2026
GALWEI CHPS ZONE,GUSHEGU,6364.71,PAYMENT OF CLAIMS FOR FEB-26,01-Jul-2026
GAMBIA CHPS COMPOUND,ASUTIFI,4567.88,PAYMENT OF CLAIMS FOR JAN-26,01-Jul-2026
GAMBUGA CHPS COMPOUND,NANUMBA NORTH,1721.85,PAYMENT OF CLAIMS FOR APR. 2026,01-Jul-2026
GAMENU CHPS ZONE,SOUTH TONGU,899.49,PAYMENT OF CLAIMS FOR MAR. 2026,01-Jul-2026
GBADZEME CHPS COMPOUND,HO,900.13,PAYMENT OF CLAIMS FOR MAR. 2026,01-Jul-2026
GBADZEME CHPS COMPOUND,HO,1023.22,PAYMENT OF CLAIMS FOR APR. 2026,01-Jul-2026
GBALAHI CHPS,SAGNARIGU MHIS,995.51,PAYMENT OF CLAIMS FOR APR. 2026,01-Jul-2026
GBANTONGO CLINIC,BAWKU WEST,6402.92,ACCRUAL OF UNVETTED CLAIMS FOR NOV-25,01-Jul-2026
GBANTONGO CLINIC,BAWKU WEST,7845.28,ACCRUAL OF UNVETTED CLAIMS FOR DEC-25,01-Jul-2026
GBARE CHPS COMPOUND,JIRAPA-LAMB,2257.36,PAYMENT OF CLAIMS FOR APR-26,01-Jul-2026
GBEDEMA CHPS COMPOUND,BUILSA,8681.72,PAYMENT OF CLAIMS FOR FEB-26,01-Jul-2026
GBEFI CHPS ZONE (KPANDO),KPANDO,4684.23,PAYMENT OF CLAIMS FOR APR-26,01-Jul-2026
GBEFI CHPS ZONE (KPANDO),KPANDO,3084.24,PAYMENT OF CLAIMS FOR MAR-26,01-Jul-2026
GBEFI CHPS ZONE (KPANDO),KPANDO,3519.89,PAYMENT OF CLAIM FOR FEB-26,01-Jul-2026
GBEO CHPS COMPOUND,WEST MAMPRUSI,1487.16,PAYMENT OF CLAIMS FOR APR-26,01-Jul-2026
GBI ABANSI CHPS COMPOUND,HOHOE,583.71,ACCRUAL OF UNVETTED CLAIMS FOR DEC-25,01-Jul-2026
GBI ABANSI CHPS COMPOUND,HOHOE,452.49,PAYMENT OF CLAIMS FOR MAR-26,01-Jul-2026
GBI WEGBE HEALTH CENTRE,HOHOE,17399.15,PAYMENT OF CLAIMS FOR MAR-26,01-Jul-2026
GBI WEGBE HEALTH CENTRE,HOHOE,16734.05,PAYMENT OF CLAIMS FOR APR-26,01-Jul-2026
GBI-KODOFE CHPS COMPOUND,HOHOE,740.25,PAYMENT OF CLAIMS FOR APR. 2026,01-Jul-2026
GBI-KODOFE CHPS COMPOUND,HOHOE,985.06,PAYMENT OF CLAIMS FOR MAR. 2026,01-Jul-2026
GBIER CHPS COMPOUND,LAWRA,1284.54,PAYMENT OF CLAIMS FOR APR-26,01-Jul-2026
GBIER CHPS COMPOUND,LAWRA,1833.78,PAYMENT OF CLAIMS FOR MAR 2026,01-Jul-2026
GBIER CHPS COMPOUND,LAWRA,1041.25,PAYMENT OF CLAIMS FOR FEB-26,01-Jul-2026
GBINGBANI HEALTH CENTRE,BUNKPURUGU-YUNY,4379.20,PAYMENT OF CLAIMS FOR MAR-26,01-Jul-2026
GBINIYIRI CHPS (SAWLA-TUNA-KALBA),SAWLA TUNA KALB,3153.51,PAYMENT OF CLAIM FOR MAR-26,01-Jul-2026
GBINIYIRI CHPS (SAWLA-TUNA-KALBA),SAWLA TUNA KALB,2765.23,PAYMENT OF CLAIMS FOR JAN-26,01-Jul-2026
GBINIYIRI CHPS (SAWLA-TUNA-KALBA),SAWLA TUNA KALB,4531.07,PAYMENT OF CLAIMS FOR MAY-26,01-Jul-2026
GBINTIRI HEALTH CENTRE,E MAMPRUSI,27760.80,PAYMENT OF CLAIMS FOR FEB-26,01-Jul-2026
GBOLOO-KOFI CHPS,AKUAPEM N,3665.38,PAYMENT OF CLAIM FOR JAN-26,01-Jul-2026
GBOLOO-KOFI CHPS,AKUAPEM N,4089.90,PAYMENT OF CLAIMS FOR MAR-26,01-Jul-2026
GBUNGBALIGA CHPS-NS,NANUMBA SOUTH,5801.56,ACCRUAL OF UNVETTED CLAIMS FOR DEC-25,01-Jul-2026
GCB BANK CLINIC,ASHIEDU KETEKE,25085.15,PAYMENT OF CLAIMS FOR APR-26,01-Jul-2026
GCB BANK CLINIC,ASHIEDU KETEKE,34593.13,PAYMENT OF CLAIMS FOR MAR-26,01-Jul-2026
GEFIA HEALTH CENTRE,AKATSI,5868.71,PAYMENT OF CLAIMS FOR MAR-26,01-Jul-2026
GENGENKPE HEALTH CENTRE,LAWRA,5120.47,PAYMENT OF CLAIMS FOR FEB-26,01-Jul-2026
GENTIGA CHPS,BAWKU MUNICIPAL,880.63,PAYMENT OF CLAIMS FOR MAR-26,01-Jul-2026
GENTIGA CHPS,BAWKU MUNICIPAL,967.88,PAYMENT OF CLAIMS FOR FEB-26,01-Jul-2026
GHANA ATOMIC ENERGY COMMISSION CLINIC,GA EAST,107905.43,PAYMENT OF CLAIMS FOR NOV-25,01-Jul-2026
GHANA ATOMIC ENERGY COMMISSION CLINIC,GA EAST,109969.25,PAYMENT OF CLAIMS FOR JAN-26,01-Jul-2026
GHANA ATOMIC ENERGY COMMISSION CLINIC,GA EAST,113424.26,PAYMENT OF CLAIMS FOR DEC-25,01-Jul-2026
GHANA BAUXITE COMPANY HOSPITAL,BIBIANI-ANHWIAS,21926.79,PAYMENT OF CLAIMS FOR MAR-26,01-Jul-2026
GHANA POLICE HOSPITAL,LA,320984.35,PAYMENT OF CLAIMS FOR JAN-26,01-Jul-2026
GHANA POLICE HOSPITAL,LA,306974.94,PAYMENT OF CLAIMS FOR FEB-26,01-Jul-2026
GIMAM CHPS COMPOUN,NANUMBA SOUTH,3068.44,ACCRUAL OF UNVETTED CLAIMS FOR DEC-25,01-Jul-2026
GIMAM CHPS COMPOUN,NANUMBA SOUTH,2287.98,PAYMENT OF CLAIM FOR APR-26,01-Jul-2026
GINDABUO HEALTH CENTRE,SAWLA TUNA K,16004.87,PAYMENT OF CLAIMS FOR MAY-26,01-Jul-2026
GIZAA CHPS COMPOUND,TOLON/KUMBUNGU,5216.91,PAYMENT OF CLAIMS FOR MAR-26,01-Jul-2026
GLITAME CHPS,KETU,6469.15,PAYMENT OF CLAIMS FOR MAR-26,01-Jul-2026
GLITAME CHPS,KETU,5239.83,PAYMENT OF CLAIMS FOR FEB-26,01-Jul-2026
GMAPEANDO CHPS,NANUMBA S,18543.76,PAYMENT OF CLAIMS FOR APR-26,01-Jul-2026
GOJIASE CHPS COMPOUND,SUHUM KRA C,2063.56,PAYMENT OF CLAIMS FOR MAR-26,01-Jul-2026
GOKA HEALTH CENTRE,JAMAN N,29857.77,PAYMENT OF CLAIMS FOR APR-26,01-Jul-2026
GOLDEN JUBILEE HEALTH CENTRE (MANKESSIM HC),MFANTSIMAN,21568.73,PAYMENT OF CLAIMS FOR MAR-26,01-Jul-2026
GOMOA ABOSO CHPS,GOMOAMAN,6115.92,PAYMENT OF CLAIMS FOR FEB-26,01-Jul-2026
GOMOA AKRAMANG CHPS COMPOUND,GOMOAMAN,2490.86,PAYMENT OF CLAIM FOR APR-26,01-Jul-2026
GOMOA DAHOM,GOMOAMAN,1829.11,PAYMENT OF CLAIMS FOR APR. 2026,01-Jul-2026
GOMOA DOMINASE CHPS COMPOUND,GOMOAMAN,1399.07,PAYMENT OF CLAIMS FOR MAR. 2026,01-Jul-2026
GOMOA ESHIEM CHPS COMPOUND,GOMOAMAN,8683.59,PAYMENT OF CLAIMS FOR MAR-26,01-Jul-2026
GOMOA FOMENA CHPS COMPOUND,GOMOAMAN,2478.24,PAYMENT OF CLAIMS FOR APR-26,01-Jul-2026
GOMOA KOKOFU CHPS,GOMOAMAN,2001.29,PAYMENT OF CLAIMS FOR APR-26,01-Jul-2026
GOMOA KUMASI CHPS,GOMOAMAN,772.58,PAYMENT OF CLAIMS FOR APR. 2026,01-Jul-2026
GOMOA KYIREN NKWANTA CHPS,GOMOAMAN,1143.86,PAYMENT OF CLAIMS FOR MAR. 2026,01-Jul-2026
GOMOA LOME CHPS,GOMOAMAN,2420.18,PAYMENT OF CLAIM FOR JAN-26,01-Jul-2026
GOMOA MANSO CHPS COMPOUND,GOMOAMAN,1872.44,PAYMENT OF CLAIMS FOR APR-26,01-Jul-2026
GOMOA NGYIRESI CHPS ZONE,GOMOAMAN,2170.19,PAYMENT OF CLAIM FOR FEB-26,01-Jul-2026
GOMOA NGYIRESI CHPS ZONE,GOMOAMAN,2092.66,PAYMENT OF CLAIMS FOR APR-26,01-Jul-2026
GOMOA NSUAEM CHPS ZONE,GOMOAMAN,1911.27,PAYMENT OF CLAIMS FOR FEB-26,01-Jul-2026
GOMOA ODUMASI CHPS COMPOUND,GOMOAMAN,18.68,PAYMENT OF CLAIMS FOR FEB-26,01-Jul-2026
GOMOA OSEDZE HEALTH CENTRE,GOMOAMAN,5506.82,PAYMENT OF CLAIMS FOR APR-26,01-Jul-2026
GOMOA POTSIN POLYCLINIC,GOMOAMAN,16807.01,PAYMENT OF CLAIMS FOR MAR-26,01-Jul-2026
GOMOA TARKWA CHPS ZONE,GOMOAMAN,3277.75,PAYMENT OF CLAIM FOR MAR-26,01-Jul-2026
GOMOA WASSA CHPS,GOMOAMAN,2289.07,PAYMENT OF CLAIMS FOR APR-26,01-Jul-2026
GONASUA HEALTH CENTRE,JAMAN S,40074.11,PAYMENT OF CLAIMS FOR MAR-26,01-Jul-2026
GONASUA HEALTH CENTRE,JAMAN S,33806.34,PAYMENT OF CLAIMS FOR APR-26,01-Jul-2026
GONU CHPS,SOUTH TONGU,851.76,PAYMENT OF CLAIMS FOR APR. 2026,01-Jul-2026
GONUM CHPS COMPOUND,KASENA-NANKANA,2339.92,PAYMENT OF CLAIM FOR MAR-26,01-Jul-2026
GOOD SHEPHERD HEALTH CENTER (N/R),SAWLA TUNA KALB,22978.16,PAYMENT OF CLAIMS FOR FEB-26,01-Jul-2026
GOOD SHEPHERD HEALTH CENTER (N/R),SAWLA TUNA KALB,19800.08,PAYMENT OF CLAIMS FOR APR-26,01-Jul-2026
GOOGO CLINIC,BAWKU WEST,14040.02,PAYMENT OF CLAIMS FOR APR-26,01-Jul-2026
GOORE HEALTH CENTRE,UPPER EAST,5613.53,PAYMENT OF CLAIMS FOR MAR-26,01-Jul-2026
GORNIKOPE CHPS COMPOUND,AKATSI,8652.23,PAYMENT OF CLAIMS FOR MAR-26,01-Jul-2026
GOVERNAKROM CHPS,SUHUM KRA C,1474.40,PAYMENT OF CLAIMS FOR MAR. 2026,01-Jul-2026
GOVERNAKROM CHPS,SUHUM KRA C,1883.60,PAYMENT OF CLAIMS FOR APR-26,01-Jul-2026
GOVIEFE AGODOME CHPS COMPOUND,HOHOE,2693.21,PAYMENT OF CLAIMS FOR APR-26,01-Jul-2026
GOZEISI CHPS,BAWKU WEST,2023.98,PAYMENT OF CLAIMS FOR APR-26,01-Jul-2026
GRAHAM MEMORIAL HEALTH CENTER,ASANTE AKIM NOR,15798.81,PAYMENT OF CLAIMS FOR JAN-26,01-Jul-2026
GRAVEL YARD CHPS COMPOUND,AMENFIMAN,1887.07,PAYMENT OF CLAIMS FOR APR. 2026,01-Jul-2026
GRUMESA CHPS COMPOUND,ADANSI SOUTH,775.91,PAYMENT OF CLAIMS FOR FEB-26,01-Jul-2026
GRUMESA CHPS COMPOUND,ADANSI SOUTH,1173.50,PAYMENT OF CLAIMS FOR MAR-26,01-Jul-2026
GRUNSEI ZANGO CHPS ZONE,EAST GONJA,4020.73,PAYMENT OF CLAIMS FOR MAR-26,01-Jul-2026
GRUPE CHPS COMPOUND,WEST GONJA,1864.73,PAYMENT OF CLAIMS FOR MAR-26,01-Jul-2026
GRUPE CHPS COMPOUND,WEST GONJA,1301.88,PAYMENT OF CLAIMS FOR FEB-26,01-Jul-2026
GUAMAN CHPS COMPOUND,JASIKAN,66.51,PAYMENT OF CLAIMS FOR FEB-26,01-Jul-2026
GUDAAYIRI CHPS,WA EAST DIST,2425.68,PAYMENT OF CLAIMS FOR MAY-26,01-Jul-2026
GUI CHPS COMPOUND,AKATSI,981.53,PAYMENT OF CLAIMS FOR APR. 2026,01-Jul-2026
GULUMPE CHPS,KINTAMPO NORTH,30285.84,PAYMENT OF CLAIMS FOR FEB-26,01-Jul-2026
GULUMPE CHPS,KINTAMPO NORTH,26637.42,PAYMENT OF CLAIMS FOR APR-26,01-Jul-2026
GUMANI CHPS,SAGNARIGU MHIS,2505.12,PAYMENT OF CLAIM FOR APR-26,01-Jul-2026
GUMONGO CHPS COMPOUND,KASENA-NAN,1446.57,PAYMENT OF CLAIMS FOR APR-26,01-Jul-2026
GUMWOKO CHPS,KASSENA NANKANA,48.02,PAYMENT OF CLAIMS FOR FEB-26,01-Jul-2026
GUMWOKO CHPS,KASSENA NANKANA,221.83,PAYMENT OF CLAIMS FOR MAR-26,01-Jul-2026
GUORPUO CHPS,JIRAPA-LAMB,1253.72,PAYMENT OF CLAIMS FOR APR-26,01-Jul-2026
GUPANARIGU CHPS COMPOUND,TOLON/KUMBUNGU,2036.19,PAYMENT OF CLAIM FOR APR-26,01-Jul-2026
GURUNGU HEALTH CENTRE,WA WEST,10991.19,PAYMENT OF CLAIMS FOR FEB-26,01-Jul-2026
GURUNGU HEALTH CENTRE,WA WEST,13087.41,PAYMENT OF CLAIMS FOR MAR-26,01-Jul-2026
GWIRA ESHIEM CHPS,NZEMA EAST,2905.22,PAYMENT OF CLAIM FOR FEB-26,01-Jul-2026
GWIRA ESHIEM CHPS,NZEMA EAST,3289.24,PAYMENT OF CLAIMS FOR APR-26,01-Jul-2026
GYAASE CHPS COMPOUND,DORMAA WEST,7635.26,PAYMENT OF CLAIMS FOR APR-26,01-Jul-2026
GYADAM CHPS COMPOUND,BIRIM SOUTH,2494.16,PAYMENT OF CLAIMS FOR APR-26,01-Jul-2026
GYAHA CHPS COMPOUND,BIRIM NORTH DMH,3264.81,PAYMENT OF CLAIM FOR APR-26,01-Jul-2026
GYAHA CHPS COMPOUND,BIRIM NORTH DMH,2682.13,PAYMENT OF CLAIMS FOR MAY-26,01-Jul-2026
GYAHADZE CHPS COMPOUND,WINNEBA,1673.79,PAYMENT OF CLAIMS FOR APR. 2026,01-Jul-2026
GYAHADZE CHPS COMPOUND,WINNEBA,2198.36,PAYMENT OF CLAIM FOR MAR-26,01-Jul-2026
GYEDU HEALTH CENTER,ASUTIFI DISTRIC,34085.71,PAYMENT OF CLAIMS FOR FEB-26,01-Jul-2026
GYEMIFIKROM CHPS,NEW JUABEN,4905.42,PAYMENT OF CLAIMS FOR FEB.-26,01-Jul-2026
GYEMIFIKROM CHPS,NEW JUABEN,4631.14,PAYMENT OF CLAIMS FOR JAN-26,01-Jul-2026
GYEWANI CHPS COMPOUND,BIRIM NORTH,1178.19,PAYMENT OF CLAIMS FOR APR-26,01-Jul-2026
Government Maternity,WENCHI,10827.23,PAYMENT OF CLAIMS FOR APR-26,01-Jul-2026
Government Maternity,WENCHI,6697.55,PAYMENT OF CLAIMS FOR MAR-26,01-Jul-2026
HAKYAGAGANG CHPS,JIRAPA-LAMB,754.12,PAYMENT OF CLAIMS FOR APR-26,01-Jul-2026
HALF ASSINI GOVENRMENT HOSPITAL,JOMORO,183098.59,PAYMENT OF CLAIMS FOR FEB-26,01-Jul-2026
HAMILE HEALTH CENTRE,JIRAPA-LAMB,71941.33,PAYMENT OF CLAIMS FOR MARCH-26,01-Jul-2026
HANI CHPS COMPOUND,TAIN DIST,11601.56,PAYMENT OF CLAIMS FOR APR-26,01-Jul-2026
HAPPA-B-LINE CHPS,JIRAPA-LAMB,759.08,PAYMENT OF CLAIMS FOR APR-26,01-Jul-2026
HARBOUR CLINIC (PRU),PRU,33683.90,PAYMENT OF CLAIMS FOR MAR-26,01-Jul-2026
HAVE HEALTH CENTRE,HOHOE,9078.26,PAYMENT OF CLAIMS FOR MAR-26,01-Jul-2026
HAWA MEMORIAL SAVIOUR HOSPITAL,EAST AKIM,482003.50,ACCRUAL OF UNVETTED CLAIMS FOR NOV-25,01-Jul-2026
HAWA MEMORIAL SAVIOUR HOSPITAL,EAST AKIM,538963.58,ACCRUAL OF UNVETTED CLAIMS FOR JUL-25,01-Jul-2026
HAWA MEMORIAL SAVIOUR HOSPITAL,EAST AKIM,499870.03,ACCRUAL OF UNVETTED CLAIMS FOR JUN-25,01-Jul-2026
HEALTH AND WELLNESS CLINIC CAPE COAST,OGUAMAN,7269.69,PAYMENT OF CLAIMS FOR FEB-26,01-Jul-2026
HELEKPE HEALTH CENTRE(ADAKLU),ADAKLU-ANYIGBE,14794.30,PAYMENT OF CLAIMS FOR JAN-26,01-Jul-2026
HELEKPE HEALTH CENTRE(ADAKLU),ADAKLU-ANYIGBE,14342.82,PAYMENT OF CLAIMS FOR FEB-26,01-Jul-2026
HERALD FOUNDATION CHPS CENTRE,BIRIM SOUTH,31351.25,PAYMENT OF CLAIMS FOR FEB-26,01-Jul-2026
HIAKOSE/ABODEASE CHPS COMPOUND,AMANSIE WEST,4742.43,PAYMENT OF CLAIMS FOR MAR-26,01-Jul-2026
HIAWA CHPS,AMENFIMAN,1535.22,PAYMENT OF CLAIMS FOR APR. 2026,01-Jul-2026
HIAWA CHPS,AMENFIMAN,1634.70,PAYMENT OF CLAIMS FOR MAR. 2026,01-Jul-2026
HIAWA CHPS,AMENFIMAN,1511.62,PAYMENT OF CLAIMS FOR FEB-26,01-Jul-2026
HIAWOANWU CHPS COMPOUND,EJURA SEKYEDUMA,6770.65,PAYMENT OF CLAIMS FOR MAR-26,01-Jul-2026
HIAWOANWU CHPS COMPOUND,EJURA SEKYEDUMA,8011.68,PAYMENT OF CLAIMS FOR FEB-26,01-Jul-2026
HIEL CHPS,SISSALA W,1336.98,PAYMENT OF CLAIMS FOR MAY-26,01-Jul-2026
HIINETENG CHPS,JIRAPA-LAMB,2243.91,PAYMENT OF CLAIMS FOR APR-26,01-Jul-2026
HIKPO CHPS,SOUTH TONGU,1634.75,PAYMENT OF CLAIMS FOR MAR. 2026,01-Jul-2026
HINII CHPS COMPOUND,MFANTSIMAN,905.91,PAYMENT OF CLAIMS FOR MAR. 2026,01-Jul-2026
HLEFI HEALTH CENTRE,HO,7752.32,PAYMENT OF CLAIMS FOR MAR-26,01-Jul-2026
HLEFI HEALTH CENTRE,HO,7782.51,PAYMENT OF CLAIMS FOR FEB.-26,01-Jul-2026
HLIHADZI,AFRAM PLAINS HI,307.65,PAYMENT OF CLAIMS FOR APR-26,01-Jul-2026
HLIHADZI,AFRAM PLAINS HI,1518.57,PAYMENT OF CLAIMS FOR MAR. 2026,01-Jul-2026
HO MARKET CHPS COMPOUND,HO,3836.76,PAYMENT OF CLAIM FOR APR-26,01-Jul-2026
HO MUNICIPAL HOSPITAL,HO,370882.38,PAYMENT FOR CLAIMS- DEC 25,01-Jul-2026
HO MUNICIPAL HOSPITAL,HO,543741.72,ACCRUAL OF UNVETTED CLAIMS FOR NOV-25,01-Jul-2026
HO MUNICIPAL HOSPITAL,HO,332494.92,PAYMENT OF CLAIMS FOR JAN-26,01-Jul-2026
HO POLYCLINIC,HO,57394.77,PAYMENT OF CLAIMS FOR JAN-26,01-Jul-2026
HODZO CHPS COMPOUND,HO,3119.34,PAYMENT OF CLAIM FOR MAR-26,01-Jul-2026
HOHOE ADABRAKA HEALTH CENTRE,HOHOE,29947.46,PAYMENT OF CLAIMS FOR MAR-26,01-Jul-2026
HOHOE ADABRAKA HEALTH CENTRE,HOHOE,29709.76,PAYMENT OF CLAIMS FOR FEB-26,01-Jul-2026
HOHOE DAGBAVE CHPS COMPOUND,HOEHOE,689.82,ACCRUAL OF UNVETTED CLAIMS FOR DEC-25,01-Jul-2026
HOHOE KITIKPA HEALTH CENTRE,HOEHOE,3861.60,ACCRUAL OF UNVETTED CLAIMS FOR DEC-25,01-Jul-2026
SUMINAKESE CHPS COMPOUND,OKWAWUMAN S,2876.54,PAYMENT OF CLAIMS FOR APR-26,01-Jul-2026
SUMINAKESE CHPS COMPOUND,OKWAWUMAN S,2027.78,PAYMENT OF CLAIMS FOR MAR-26,01-Jul-2026
SUNYANI REGIONAL HOSPITAL,BRONG AHAFO REG,863044.44,PAYMENT OF CLAIMS FOR DEC. 2025,01-Jul-2026
SUNYANI ROAD CHURCH OF CHRIST MISSION HOSPITAL,SUNYANI,32208.09,PAYMENT OF CLAIMS FOR APR-26,01-Jul-2026
SUNYANI TECHNICAL UNIVERSITY CLINIC,SUNYANI,50985.84,PAYMENT OF CLAIMS FOR MARCH-26,01-Jul-2026
SUPOMU DUNKWA HEALTH CENTRE,SHAMA,19730.12,PAYMENT OF CLAIMS FOR JAN-26,01-Jul-2026
SUPOMU DUNKWA HEALTH CENTRE,SHAMA,19970.46,PAYMENT OF CLAIMS FOR APR-26,01-Jul-2026
SUPONSO CHPS COMPOUND,BIRIM SOUTH,3753.87,PAYMENT OF CLAIMS FOR MAY-26,01-Jul-2026
SUPONSO CHPS COMPOUND,BIRIM SOUTH,2368.60,PAYMENT OF CLAIM FOR APR-26,01-Jul-2026
SUPRESO HEALTH CENTRE,SUHUM KRA C,8011.65,PAYMENT OF CLAIMS FOR MAR-26,01-Jul-2026
SUPRESO HEALTH CENTRE,SUHUM KRA C,8182.20,PAYMENT OF CLAIMS FOR FEB.-26,01-Jul-2026
SUPRUDO CHPS COMPOUND,MFANTSIMAN,1620.14,PAYMENT OF CLAIMS FOR MAR. 2026,01-Jul-2026
SUPRUDO CHPS COMPOUND,MFANTSIMAN,2512.14,PAYMENT OF CLAIM FOR APR-26,01-Jul-2026
SUPRUDO CHPS COMPOUND,MFANTSIMAN,1230.56,PAYMENT OF CLAIMS FOR FEB. 2026,01-Jul-2026
SURVEYLINE CHPS COMPOUND,ASUOGYAMAN,1532.88,PAYMENT OF CLAIMS FOR APR-26,01-Jul-2026
TAALI CHPS COMPOUND,NANUMBA NORTH,14585.65,PAYMENT OF CLAIMS FOR APR-26,01-Jul-2026
TAAMAPUO CHPS,JIRAPA-LAMB,721.71,PAYMENT OF CLAIMS FOR APR-26,01-Jul-2026
TABIESI CHPS COMPOUND,NADOWLI,4525.61,PAYMENT OF CLAIMS FOR APR-26,01-Jul-2026
TADANKRO CHPS,AKUAPEM N,436.20,PAYMENT OF CLAIMS FOR APR-26,01-Jul-2026
TADZEWU HEALTH CENTRE,KETU NORTH,13273.35,PAYMENT OF CLAIMS FOR JAN-26,01-Jul-2026
TADZEWU HEALTH CENTRE,KETU NORTH,9306.99,PAYMENT OF CLAIMS FOR FEB-26,01-Jul-2026
TAFFIASI CHPS COMPOUND,SISSALA EAST MH,2309.44,PAYMENT OF CLAIMS FOR APR-26,01-Jul-2026
TAFI ABUIFE CHPS,Afadzato South,1869.25,PAYMENT OF CLAIMS FOR DEC-25,01-Jul-2026
TAFI ATOME CHPS COMPOUND,HOHOE,4958.33,PAYMENT OF CLAIMS FOR SEPT.-25,01-Jul-2026
TAFI-AGOME CHPS COMPOUND,HOHOE,1648.99,PAYMENT OF CLAIMS FOR MAR-26,01-Jul-2026
TAFI-AGOME CHPS COMPOUND,HOHOE,1005.80,PAYMENT OF CLAIMS FOR SEPT-25,01-Jul-2026
TAFI-AGOME CHPS COMPOUND,HOHOE,1907.69,PAYMENT OF CLAIMS FOR JUL-25,01-Jul-2026
TAFI-AGOME CHPS COMPOUND,HOHOE,1569.81,PAYMENT OF CLAIMS FOR APR-26,01-Jul-2026
TAFREDWOA CHPS,TLD,934.13,PAYMENT OF CLAIMS FOR APR-26,01-Jul-2026
TAINSO CHPS COMPOUND,TAIN,6024.76,PAYMENT OF CLAIMS FOR MAR-26,01-Jul-2026
TAKLA CHPS COMPOUND,HO,724.66,PAYMENT OF CLAIMS FOR APR. 2026,01-Jul-2026
TAKORADI TECHNICAL UNIVERSITY HEALTH CENTRE,TAKORADI,8625.03,PAYMENT OF CLAIMS FOR FEB-26,01-Jul-2026
TAKROWASE HEALTH CENTRE,KWAEBIBIREM DMH,37340.91,PAYMENT OF CLAIMS FOR APR-26,01-Jul-2026
TALKPA CHPS COMPOUND,EAST GONJA,2111.18,PAYMENT OF CLAIMS FOR FEB-26,01-Jul-2026
TALKPA CHPS COMPOUND,EAST GONJA,1086.06,PAYMENT OF CLAIMS FOR APR. 2026,01-Jul-2026
TAMALE CENTRAL HOSPITAL,TAMALE,277840.80,PAYMENT OF CLAIMS FOR JAN- 26,01-Jul-2026
TAMALE CENTRAL RCH,TAMALE,40982.77,PAYMENT OF CLAIMS FOR APR-26,01-Jul-2026
TAMALE TECHNICAL UNIVERSITY HOSPITAL,SAGNARIGU,211171.57,PAYMENT OF CLAIMS FOR APR-26,01-Jul-2026
TAMALGU CHPS COMPOUND,KARAGA,5702.86,PAYMENT OF CLAIMS FOR APR-26,01-Jul-2026
TAMBONG CHPS COMPOUND,CHEREPONI,5343.00,PAYMENT OF CLAIMS FOR APR-26,01-Jul-2026
TAMPAALA CHPS,JIRAPA-LAMB,2410.40,PAYMENT OF CLAIMS FOR APR-26,01-Jul-2026
TAMPION HEALTH CENTRE,SAVELUGU / NANT,9430.00,PAYMENT OF CLAIMS FOR FEB-26,01-Jul-2026
TAMPION HEALTH CENTRE,SAVELUGU / NANT,16059.62,PAYMENT OF CLAIMS FOR APR-26,01-Jul-2026
TAMPOYA CHPS COMPOUND,NANUMBA SOUTH,2503.39,PAYMENT OF CLAIMS FOR MAR-26,01-Jul-2026
TANADO CHPS COMPOUND,YENDI,1199.54,PAYMENT OF CLAIMS FOR APR. 2026,01-Jul-2026
TANDAN CHPS,ELEMBELLE,2300.15,PAYMENT OF CLAIM FOR APR-26,01-Jul-2026
TANFIANO CHPS COMPOUND,NKORANZA,1163.84,PAYMENT OF CLAIMS FOR APR-26,01-Jul-2026
TANFIANO CHPS COMPOUND,NKORANZA,558.12,PAYMENT OF CLAIMS FOR MAR-26,01-Jul-2026
TANGA CLINIC,BAWKU WEST,9011.94,PAYMENT OF CLAIMS FOR MAR-26,01-Jul-2026
TANINA CHPS,WA WEST,1891.18,PAYMENT OF CLAIMS FOR APR. 2026,01-Jul-2026
TANINA CHPS,WA WEST,1209.08,PAYMENT OF CLAIMS FOR MAR. 2026,01-Jul-2026
TANKOR CHPS COMPOUND,NKORANZA,1466.48,PAYMENT OF CLAIMS FOR APR. 2026,01-Jul-2026
"TANOAH BAPTIST MEDICAL CENTRE, OPUNIASE",ASANTE AKIM NOR,6606.36,PAYMENT OF CLAIMS FOR MAR-26,01-Jul-2026
TANOANAFO CHPS COMPOUND,TECHIMAN,35894.04,PAYMENT OF CLAIMS FOR FEB-26,01-Jul-2026
TANOBOASE PRESBY CHPS,TECHIMAN,10144.21,PAYMENT OF CLAIMS FOR APR-26,01-Jul-2026
TANOBOASE PRESBY CHPS,TECHIMAN,9353.53,PAYMENT OF CLAIMS FOR MAR-26,01-Jul-2026
TANOKROM CHPS,AMENFIMAN,922.40,PAYMENT OF CLAIMS FOR APR. 2026,01-Jul-2026
TANOKROM HEALTH CENTER,TAIN DISTRICT,17708.73,PAYMENT OF CLAIMS FOR APR-26,01-Jul-2026
TANOKWAEM CHPS COMPOUND,OFFINSOMAN,3249.97,PAYMENT OF CLAIM FOR FEB-26,01-Jul-2026
TANTALA CHPS,WEST MAMPRUSI,4377.14,PAYMENT OF CLAIMS FOR MAY-26,01-Jul-2026
TANTUO CHPS COMPOUND,NANDOM,758.45,ACCRUAL OF UNVETTED CLAIMS FOR DEC-25,01-Jul-2026
TANYIGBE HEALTH CENTRE,HO,7614.34,PAYMENT OF CLAIMS FOR APR-26,01-Jul-2026
TAPA ALAVANYO CHPS,JASIKAN,238.31,PAYMENT OF CLAIMS FOR MAR-26,01-Jul-2026
TAPA AMANFROM CHPS COMPOUND,JASIKAN,1091.13,PAYMENT OF CLAIMS FOR FEB. 2026,01-Jul-2026
TAPA AMANFROM CHPS COMPOUND,JASIKAN,1200.92,PAYMENT OF CLAIMS FOR JAN. 2026,01-Jul-2026
TAPA AMANFROM CHPS COMPOUND,JASIKAN,652.32,PAYMENT OF CLAIMS FOR MAR. 2026,01-Jul-2026
TAPA AMANYA CHPS COMPOUND,JASIKAN,667.41,PAYMENT OF CLAIMS FOR MAR. 2026,01-Jul-2026
TARI HEALTH CENTRE,WEST GONJA,4009.28,PAYMENT OF CLAIMS FOR FEB.-26,01-Jul-2026
TARIGANGA CHPS,GARU,1114.24,PAYMENT OF CLAIMS FOR APR-26,01-Jul-2026
TARIKPA CHPS,SAVELUGU-NANTON,2511.73,PAYMENT OF CLAIMS FOR JAN-26,01-Jul-2026
TARIVAGO CHPS,GARU,637.64,PAYMENT OF CLAIMS FOR NOV-23,01-Jul-2026
TARIVAGO CHPS,GARU,369.16,PAYMENT OF CLAIMS FOR SEPT-23,01-Jul-2026
TARIVAGO CHPS,GARU,671.20,PAYMENT OF CLAIMS FOR JULY-23,01-Jul-2026
TARIVAGO CHPS,GARU,882.07,PAYMENT OF CLAIMS FOR SEPT-22,01-Jul-2026
TARIVAGO CHPS,GARU,671.20,PAYMENT OF CLAIMS FOR MAY-23,01-Jul-2026
TARIVAGO CHPS,GARU,483.30,PAYMENT OF CLAIMS FOR FEB-23,01-Jul-2026
TARIVAGO CHPS,GARU,525.38,PAYMENT OF CLAIMS FOR NOV-22,01-Jul-2026
TARIVAGO CHPS,GARU,671.20,PAYMENT OF CLAIMS FOR JAN-24,01-Jul-2026
TARIVAGO CHPS,GARU,285.70,PAYMENT OF CLAIMS FOR JAN-23,01-Jul-2026
TARIVAGO CHPS,GARU,367.97,PAYMENT OF CLAIMS FOR JUNE-23,01-Jul-2026
TARIVAGO CHPS,GARU,373.60,PAYMENT OF CLAIMS FOR JAN-22,01-Jul-2026
TARIVAGO CHPS,GARU,781.03,PAYMENT OF CLAIMS FOR AUG-22,01-Jul-2026
TARIVAGO CHPS,GARU,284.50,PAYMENT OF CLAIMS FOR DEC-22,01-Jul-2026
TARIVAGO CHPS,GARU,621.80,PAYMENT OF CLAIMS FOR OCT-22,01-Jul-2026
TARIVAGO CHPS,GARU,679.56,PAYMENT OF CLAIMS FOR MAR-23,01-Jul-2026
TARIVAGO CHPS,GARU,471.80,PAYMENT OF CLAIMS FOR JUL-22,01-Jul-2026
TARIVAGO CHPS,GARU,842.30,PAYMENT OF CLAIMS FOR AUG-23,01-Jul-2026
TARIVAGO CHPS,GARU,637.64,PAYMENT OF CLAIMS FOR OCT-23,01-Jul-2026
TARIVAGO CHPS,GARU,738.32,PAYMENT OF CLAIMS FOR APRIL-23,01-Jul-2026
TAWORA CHPS COMPOUND,AGONA,995.54,PAYMENT OF CLAIMS FOR APR-26,01-Jul-2026
TEACHER MANTEY CHPS,SUHUM KRA C,6683.95,PAYMENT OF CLAIMS FOR MAR-26,01-Jul-2026
TEASE CENTRAL CHIPS COMPOUND,DONKOKROM,2070.87,PAYMENT OF CLAIMS FOR APR-23,01-Jul-2026
TEASE CENTRAL CHIPS COMPOUND,DONKOKROM,1104.49,PAYMENT OF CLAIMS FOR APR-26,01-Jul-2026
TEASE CENTRAL CHIPS COMPOUND,DONKOKROM,3184.69,PAYMENT OF CLAIMS FOR MAY-23,01-Jul-2026
TEASE CENTRAL CHIPS COMPOUND,DONKOKROM,4075.12,PAYMENT OF CLAIMS FOR AUG-23,01-Jul-2026
TEASE CENTRAL CHIPS COMPOUND,DONKOKROM,3601.47,PAYMENT OF CLAIMS FOR NOV-23,01-Jul-2026
TEASE CENTRAL CHIPS COMPOUND,DONKOKROM,1686.13,PAYMENT OF CLAIMS FOR MAR-23,01-Jul-2026
TEASE CENTRAL CHIPS COMPOUND,DONKOKROM,1871.84,PAYMENT OF CLAIMS FOR OCT-22,01-Jul-2026
TEASE CENTRAL CHIPS COMPOUND,DONKOKROM,3101.87,PAYMENT OF CLAIMS FOR SEP-23,01-Jul-2026
TEASE CENTRAL CHIPS COMPOUND,DONKOKROM,3787.07,PAYMENT OF CLAIMS FOR JUN-23,01-Jul-2026
TEASE CENTRAL CHIPS COMPOUND,DONKOKROM,1617.88,PAYMENT OF CLAIMS FOR MAY-26,01-Jul-2026
TEASE CENTRAL CHIPS COMPOUND,DONKOKROM,1021.01,PAYMENT OF CLAIMS FOR JAN-23,01-Jul-2026
TEASE CENTRAL CHIPS COMPOUND,DONKOKROM,3018.46,PAYMENT OF CLAIMS FOR JUL-23,01-Jul-2026
TEASE CENTRAL CHIPS COMPOUND,DONKOKROM,1107.23,PAYMENT OF CLAIMS FOR FEB-23,01-Jul-2026
TEASE CENTRAL CHIPS COMPOUND,DONKOKROM,1304.30,PAYMENT OF CLAIMS FOR DEC-22,01-Jul-2026
TEASE CENTRAL CHIPS COMPOUND,DONKOKROM,5067.78,PAYMENT OF CLAIMS FOR OCT-23,01-Jul-2026
TEASE CENTRAL CHIPS COMPOUND,DONKOKROM,1895.11,PAYMENT OF CLAIMS FOR DEC-23,01-Jul-2026
TEASE PRESBY HEALTH CENTRE,AFRAM PLAINS,31695.75,PAYMENT OF CLAIMS FOR JAN-26,01-Jul-2026
TEASE PRESBY HEALTH CENTRE,AFRAM PLAINS,20822.82,ACCRUAL OF UNVETTED CLAIMS FOR DEC-25,01-Jul-2026
TEGBI HEALTH CENTRE,KETA,31487.12,PAYMENT OF CLAIMS FOR FEB-26,01-Jul-2026
TEGBI HEALTH CENTRE,KETA,31852.82,PAYMENT OF CLAIMS FOR JUN-25,01-Jul-2026
TEGBI HEALTH CENTRE,KETA,34047.69,PAYMENT OF CLAIMS FOR MAR-26,01-Jul-2026
TEGBI HEALTH CENTRE,KETA,38177.51,PAYMENT OF CLAIMS FOR APR-26,01-Jul-2026
TEGME-TUOLE CHPS,WA WEST,2463.70,PAYMENT OF CLAIM FOR APR-26,01-Jul-2026
TEKESE CHPS,JAMAN S,7660.37,PAYMENT OF CLAIMS FOR MAR-26,01-Jul-2026
TEMA STATION HEALTH CLINIC,OSU-KLOTTEY,578.99,PAYMENT OF CLAIMS FOR APR. 2026,01-Jul-2026
TEMATE CHPS COMPOUND,SEKYERE EAST,6590.73,PAYMENT OF CLAIMS FOR MAR-26,01-Jul-2026
TEMATE CHPS COMPOUND,SEKYERE EAST,5767.22,PAYMENT OF CLAIMS FOR JAN-26,01-Jul-2026
TEMPANE HEALTH CENTRE,GARU,28740.68,PAYMENT OF CLAIMS FOR APR-26,01-Jul-2026
TENGLINTO CHPS,EAST GONJA,5189.92,PAYMENT OF CLAIMS FOR FEB-26,01-Jul-2026
TENGZUK CHPS,TALENSI NAB,2206.71,PAYMENT OF CLAIMS FOR MAR-26,01-Jul-2026
TENGZUK CHPS,TALENSI NAB,1432.23,PAYMENT OF CLAIMS FOR FEB-26,01-Jul-2026
TERCHIRE HEALTH CENTRE,TANO N,32155.79,PAYMENT OF CLAIMS FOR MAR-26,01-Jul-2026
TESHIE COMMUNITY CLINIC,KPESHIE SM,12117.60,PAYMENT OF CLAIMS FOR APR-25,01-Jul-2026
TESHIE COMMUNITY CLINIC,KPESHIE SM,13908.04,PAYMENT OF CLAIMS FOR JAN-26,01-Jul-2026
TESHIE COMMUNITY CLINIC,KPESHIE SM,14560.08,PAYMENT OF CLAIMS FOR FEB-26,01-Jul-2026
TESHIE COMMUNITY CLINIC,KPESHIE SM,11092.74,PAYMENT OF CLAIMS FOR OCT-25,01-Jul-2026
TESHIE COMMUNITY CLINIC,KPESHIE SM,13679.26,PAYMENT OF CLAIMS FOR MAR-26,01-Jul-2026
TESHIEMAN CHPS,BIRIM SOUTH,2505.34,PAYMENT OF CLAIMS FOR APR-26,01-Jul-2026
TETEMAN CHPS COMPOUND,JASIKAN,3737.95,PAYMENT OF CLAIM FOR FEB-26,01-Jul-2026
TETREFU HEALTH CENTRE,BOSOMTWE-A_K,7370.38,PAYMENT OF CLAIMS FOR FEB-26,01-Jul-2026
TETREM HEALTH CENTRE,KWABRE,24242.57,PAYMENT OF CLAIMS FOR FEB-26,01-Jul-2026
TETTEHKROM CHPS COMPOUND,AHAFO ANO NORTH,4356.07,PAYMENT OF CLAIMS FOR APR-26,01-Jul-2026
TETTEKWAO CHPS COMPOUND,ASUNAFO S,12956.90,PAYMENT OF CLAIMS FOR MAR-26,01-Jul-2026
TEWBABI-ABISASE CHPS COMPOUND,BEREKUM,2624.83,PAYMENT OF CLAIMS FOR APR-26,01-Jul-2026
THE SALVATION ARMY (SOFA HEALTH CENTRE),ADAKLU-ANYIGBE,5464.93,PAYMENT OF CLAIMS FOR MAR-26,01-Jul-2026
THE SALVATION ARMY (SOFA HEALTH CENTRE),ADAKLU-ANYIGBE,5595.41,PAYMENT OF CLAIMS FOR FEB.-26,01-Jul-2026
THE SALVATION ARMY (SOFA HEALTH CENTRE),ADAKLU-ANYIGBE,4965.94,PAYMENT OF CLAIMS FOR APR-26,01-Jul-2026
THE SALVATION ARMY CLINIC (BEGORO),FANTEAKWA DMHIS,47591.38,PAYMENT OF CLAIMS FOR MAR-26,01-Jul-2026
THE SALVATION ARMY CLINIC (BEGORO),FANTEAKWA DMHIS,37168.38,PAYMENT OF CLAIMS FOR FEB-26,01-Jul-2026
THE SALVATION ARMY CLINIC (BEGORO),FANTEAKWA DMHIS,39448.84,PAYMENT OF CLAIMS FOR JAN-26,01-Jul-2026
THE SALVATION ARMY HEALTH CENTRE(AKIM WENCHI-,KWAEBIBIREM,24257.87,PAYMENT OF CLAIMS FOR FEB-26,01-Jul-2026
THE SALVATION ARMY HEALTH CENTRE(AKIM WENCHI-,KWAEBIBIREM,26589.52,PAYMENT OF CLAIMS FOR APR-26,01-Jul-2026
THE SALVATION ARMY MEDICAL CENTRE - ABLORMAN,AMASAMAN,25521.81,PAYMENT OF CLAIMS FOR FEB-26,01-Jul-2026
THE SALVATION ARMY MEDICAL CENTRE - ABLORMAN,AMASAMAN,23088.87,PAYMENT OF CLAIMS FOR MAR-26,01-Jul-2026
THE SALVATION ARMY POLYCLINIC(AGONA DUNKWA),AGONA,167868.08,PAYMENT OF CLAIMS FOR JAN-26,01-Jul-2026
TIAWIA CHPS COMPOUND,ATIWA,2142.17,PAYMENT OF CLAIMS FOR APR-26,01-Jul-2026
TIEYIRI CHPS,WA WEST,1357.54,PAYMENT OF CLAIMS FOR MAR. 2026,01-Jul-2026
TIKOBO NO. 1 HEALTH CENTRE,JOMORO MHIS,38745.01,PAYMENT OF CLAIMS FOR FEB-26,01-Jul-2026
TIKROM HEALTH CENTRE,EJISU-JUABEN,14698.05,PAYMENT OF CLAIMS FOR MAR-26,01-Jul-2026
TIKROM HEALTH CENTRE,EJISU-JUABEN,14798.22,PAYMENT OF CLAIMS FOR APR-26,01-Jul-2026
TIMMIE CHPS,SISSALA W,1528.97,PAYMENT OF CLAIMS FOR APR-26,01-Jul-2026
TIMONDE HEALTH CENTRE,BAWKU WEST,16902.79,PAYMENT OF CLAIMS FOR MAR-26,01-Jul-2026
TIMONDE HEALTH CENTRE,BAWKU WEST,17759.18,PAYMENT OF CLAIMS FOR APR-26,01-Jul-2026
TINGURI CHPS COMPOUND,WEST MAMPRUSI,11926.19,PAYMENT OF CLAIMS FOR APR-26,01-Jul-2026
TINKONG HEALTH CENTRE,AKUAPEM N,15177.96,PAYMENT OF CLAIMS FOR FEB-26,01-Jul-2026
TINKONG HEALTH CENTRE,AKUAPEM N,16753.77,PAYMENT OF CLAIMS FOR APR-26,01-Jul-2026
TODOME CHPS COMPOUND,SOUTH DAYI,1746.98,PAYMENT OF CLAIMS FOR MAR. 2026,01-Jul-2026
TOJING CHPS,BUNKPURUGU YUNY,3182.86,PAYMENT OF CLAIM FOR APR-26,01-Jul-2026
TOKORME HEALTH CENTRE,KPANDO,4922.01,PAYMENT OF CLAIMS FOR MAR-26,01-Jul-2026
TOKUROANO HEALTH CENTRE,KRACHI EAST,14322.42,PAYMENT OF CLAIMS FOR FEB-26,01-Jul-2026
TOLON DISTRICT HOSPITAL,TOLON /KUMBUNGU,183021.05,PAYMENT OF CLAIMS FOR FEB-26,01-Jul-2026
TOM/ADOE CHPS COMPOUND,NKORANZA,2151.20,PAYMENT OF CLAIM FOR FEB-26,01-Jul-2026
TOPREMANG CHPS,KWAEBIBIREM,16966.60,PAYMENT OF CLAIMS FOR FEB-26,01-Jul-2026
TORDA CHPS COMPOUND,ADAKLU-ANY,2131.04,PAYMENT OF CLAIM FOR APR-26,01-Jul-2026
TORGORME HEALTH CENTRE,NORTH TONGU,5977.60,PAYMENT OF CLAIMS FOR APR-26,01-Jul-2026
TORGORME HEALTH CENTRE,NORTH TONGU,9716.78,PAYMENT OF CLAIMS FOR MAR-26,01-Jul-2026
TOROMPAN CHPS,AMENFIMAN,273.66,PAYMENT OF CLAIMS FOR APR-26,01-Jul-2026
TORSINAPE HEALTH CENTER,CENTRAL GONJA,2431.37,PAYMENT OF CLAIM FOR MAR-26,01-Jul-2026
TORTIBO CHPS COMPOUND,ASUOGYAMAN,3050.66,PAYMENT OF CLAIMS FOR MAY-26,01-Jul-2026
TOVE CHPS COMPOUND,NORTH TONGU,2996.84,PAYMENT OF CLAIMS FOR MAR-26,01-Jul-2026
TOVE CHPS COMPOUND,NORTH TONGU,4372.80,PAYMENT OF CLAIMS FOR APR-26,01-Jul-2026
TOVE CHPS COMPOUND,NORTH TONGU,2901.36,PAYMENT OF CLAIMS FOR FEB-26,01-Jul-2026
TREDE HEALTH CENTRE,BOSOMTWE-A_K,15790.82,PAYMENT OF CLAIMS FOR MAR-26,01-Jul-2026
TRUBA CHPS COMPOUND,KWABRE,2558.90,PAYMENT OF CLAIMS FOR JAN-26,01-Jul-2026
TRUBA CHPS COMPOUND,KWABRE,4448.31,PAYMENT OF CLAIMS FOR FEB-26,01-Jul-2026
TRUE FAITH HOSPITAL-BODOMASE,SEKYERE EAST,9191.25,PAYMENT OF CLAIMS FOR APR-26,01-Jul-2026
TRUE FAITH HOSPITAL-BODOMASE,SEKYERE EAST,8810.37,PAYMENT OF CLAIMS FOR MAR-26,01-Jul-2026
TSANAKPE HEALTH CENTRE,SOUTH DAYI,13527.89,PAYMENT OF CLAIMS FOR APR-26,01-Jul-2026
TSATEE CHPS COMPOUND,SOUTH DAYI,1365.53,PAYMENT OF CLAIMS FOR APR. 2026,01-Jul-2026
TSATEE CHPS COMPOUND,SOUTH DAYI,1807.32,PAYMENT OF CLAIMS FOR MAR. 2026,01-Jul-2026
TSETSEKOPE CHPS,AFRAM PLAINS,1144.25,PAYMENT OF CLAIMS FOR APR-26,01-Jul-2026
TSETSEKOPE CHPS,AFRAM PLAINS,750.96,PAYMENT OF CLAIMS FOR MAR. 2026,01-Jul-2026
TSIAME CHPS COMPOUND,KETA,782.36,PAYMENT OF CLAIMS FOR MAR-26,01-Jul-2026
TSIAME CHPS COMPOUND,KETA,1446.99,PAYMENT OF CLAIMS FOR APR. 2026,01-Jul-2026
TSIGBENE LOFETSUME CHPS,AKATSI,1728.60,PAYMENT OF CLAIMS FOR APR. 2026,01-Jul-2026
TSIYINU CHPS ZONE,SOUTH DAYI,1144.93,PAYMENT OF CLAIMS FOR APR. 2026,01-Jul-2026
TSOKPOKOFE CHPS COMPOUND,SOUTH DAYI,3022.13,PAYMENT OF CLAIM FOR APR-26,01-Jul-2026
TSOXOR CHPS,KPANDO,1193.92,PAYMENT OF CLAIMS FOR APR-26,01-Jul-2026
TSRUKPE HEALTH CENTRE,KPANDO,5190.52,PAYMENT OF CLAIMS FOR MAR-26,01-Jul-2026
TSUTSUKOPE CHPS COMPOUND,AFRAM PLAINS HI,399.64,PAYMENT OF CLAIMS FOR MAR-26,01-Jul-2026
TSUTSUKOPE CHPS COMPOUND,AFRAM PLAINS HI,469.13,PAYMENT OF CLAIMS FOR APR-26,01-Jul-2026
TUAKWA CHPS COMPOUND,ABURA-ASEBU-K,5408.89,PAYMENT OF CLAIMS FOR FEB-26,01-Jul-2026
TUASA CHPS,WA EAST,2547.78,PAYMENT OF CLAIMS FOR APR-26,01-Jul-2026
TUASA CHPS,WA EAST,2069.13,PAYMENT OF CLAIMS FOR MAR-26,01-Jul-2026
TUGGO HEALTH CENTRE,JIRAPA-LAMB,8464.15,PAYMENT OF CLAIMS FOR MAR-26,01-Jul-2026
TUMFA CHPS,ATIWA,4970.02,PAYMENT OF CLAIMS FOR FEB-26,01-Jul-2026
TUMU HEALTH CENTRE,SISSALA E,6843.25,PAYMENT OF CLAIMS FOR MAR-26,01-Jul-2026
TUMU MUNICIPAL HOSPITAL,SISSALA EAST MH,366959.46,PAYMENT OF CLAIMS FOR FEB 2026,01-Jul-2026
TUMU MUNICIPAL HOSPITAL,SISSALA EAST MH,374214.74,PAYMENT OF CLAIMS FOR JAN-26,01-Jul-2026
TUMUDA CHPS COMPOUND,SEFWI AKON,4855.52,PAYMENT OF CLAIMS FOR FEB.-26,01-Jul-2026
TUORI/WORGBERI CHPS COMPOUND,NADOWLI,1877.06,PAYMENT OF CLAIMS FOR APR. 2026,01-Jul-2026
TUTU CHPS,AKUAPEM N,1467.39,CLAIMS PAYMENT FOR AUG 2021,01-Jul-2026
TUTU CHPS,AKUAPEM N,1207.52,PAYMENT OF CLAIMS FOR APR-26,01-Jul-2026
TUTUKPENE HEALTH CENTRE,NKWANTA,2261.78,PAYMENT OF CLAIM FOR FEB-26,01-Jul-2026
TUUNI CHPS,EAST MAMPRUSI,2500.99,PAYMENT OF CLAIMS FOR FEB-26,01-Jul-2026
TWA CHPS COMPOUND,MFANTSIMAN,393.77,PAYMENT OF CLAIMS FOR FEB-26,01-Jul-2026
TWEDIE CHPS COMPOUND,BOSOMTWE-ATWIMA,615.64,PAYMENT OF CLAIMS FOR FEB-26,01-Jul-2026
TWENEDURASE CHPS COMPOUND,OKWAWUMAN S,503.70,PAYMENT OF CLAIMS FOR APR-26,01-Jul-2026
TWENEDURASE CHPS COMPOUND,OKWAWUMAN S,149.98,PAYMENT OF CLAIMS FOR MAY-26,01-Jul-2026
TWENEDURASE CHPS COMPOUND,OKWAWUMAN S,455.43,PAYMENT OF CLAIMS FOR MAR-26,01-Jul-2026
TWENEN CLINIC,JOMORO MHIS,2776.11,PAYMENT OF CLAIMS FOR MAY-25,01-Jul-2026
TWENEN CLINIC,JOMORO MHIS,2679.95,PAYMENT OF CLAIMS FOR JUN-25,01-Jul-2026
TWENEN CLINIC,JOMORO MHIS,3586.36,PAYMENT OF CLAIMS FOR APR-26,01-Jul-2026
TWEREDUA CHPS,ASIKUMA ODOBEN,414.18,PAYMENT OF CLAIMS FOR APR-26,01-Jul-2026
TWERESO CHPS COMPOUND,KRACHI WEST,995.63,PAYMENT OF CLAIMS FOR FEB-26,01-Jul-2026
TWIFO BIMPONSO CHPS COMPOUND,TLD,2001.65,PAYMENT OF CLAIM FOR APR-26,01-Jul-2026
TWIFO BIMPONSO CHPS COMPOUND,TLD,961.70,PAYMENT OF CLAIMS FOR FEB-26,01-Jul-2026
TWIFO EDUABENG CHPS COMPOUND,TLD,4216.14,PAYMENT OF CLAIMS FOR MAR-26,01-Jul-2026
TWUMKROM CHPS,DORMAA,4723.44,PAYMENT OF CLAIMS FOR MAR-26,01-Jul-2026
TWUMWUSU CHPS COMPOUND,KWAEBIBIREM,3855.93,PAYMENT OF CLAIM FOR MAR-26,01-Jul-2026
UL-KPONG CHPS,JIRAPA-LAMB,921.86,PAYMENT OF CLAIMS FOR APR. 2026,01-Jul-2026
ULLO HEALTH CENTRE,JIRAPA-LAMB MHI,10904.75,PAYMENT OF CLAIMS FOR FEB-26,01-Jul-2026
UNIVERSITY HOSPITAL (KNUST),ASOKWA,666135.26,PAYMENT OF CLAIMS FOR MAR-26,01-Jul-2026
UNIVERSITY HOSPITAL (KNUST),ASOKWA,595124.42,PAYMENT OF CLAIMS FOR JAN-26,01-Jul-2026
UNIVERSITY HOSPITAL (KNUST),ASOKWA,605688.15,PAYMENT OF CLAIMS FOR FEB-26,01-Jul-2026
"UNIVERSITY OF EDUCATION, WINNEBA. COLLEGE OF LANGUAGES CLINIC (COLANG), AJUMAKO.",AJUMAKO,28381.69,PAYMENT OF CLAIMS FOR JAN-26,01-Jul-2026
"UNIVERSITY OF EDUCATION, WINNEBA. COLLEGE OF LANGUAGES CLINIC (COLANG), AJUMAKO.",AJUMAKO,31734.94,PAYMENT OF CLAIMS FOR FEB-26,01-Jul-2026
UNIVERSITY OF MINES AND TECHNOLOGY CLINIC (UMAT),WASSA-WEST,20186.18,PAYMENT OF CLAIMS FOR APR-26,01-Jul-2026
UNIVERSITY OF MINES AND TECHNOLOGY CLINIC (UMAT),WASSA-WEST,11992.97,PAYMENT OF CLAIMS FOR JAN-26,01-Jul-2026
URBAN WEST HEALTH CENTRE,BAWKU MUNICIPAL,6236.15,PAYMENT OF CLAIMS FOR MAR-26,01-Jul-2026
USSHER POLYCLINIC,ASHIEDU KE,59313.11,PAYMENT OF CLAIMS FOR FEB-26,01-Jul-2026
UWASI HEALTH CENTRE,BUILSA DMHIS,12690.24,PAYMENT OF CLAIMS FOR FEB-26,01-Jul-2026
UWASI HEALTH CENTRE,BUILSA DMHIS,8084.86,PAYMENT OF CLAIMS FOR MAR-26,01-Jul-2026
VALCO HOSPITAL,TEMA,59187.73,PAYMENT OF CLAIMS FOR JAN-26,01-Jul-2026
VANE HEALTH CENTRE,HO,3563.82,PAYMENT OF CLAIMS FOR MAR-26,01-Jul-2026
VAPUO CHPS COMPOUND,LAWRA,896.18,PAYMENT OF CLAIMS FOR APR-26,01-Jul-2026
VARIMPERE CHPS,WA WEST,4359.55,ACCRUAL OF UNVETTED CLAIMS FOR OCT-25,01-Jul-2026
VE KOLOENU CHPS COMPOUND,HOHOE,4099.75,PAYMENT OF CLAIMS FOR MAR-26,01-Jul-2026
VE KOLOENU CHPS COMPOUND,HOHOE,4353.59,PAYMENT OF CLAIMS FOR JAN-26,01-Jul-2026
VE KOLOENU CHPS COMPOUND,HOHOE,3204.85,PAYMENT OF CLAIM FOR MAR-26,01-Jul-2026
VE KOLOENU CHPS COMPOUND,HOHOE,2963.11,PAYMENT OF CLAIMS FOR FEB-26,01-Jul-2026
VE-GOLOKWATI HEALTH CENTRE,HOHOE,22551.92,PAYMENT OF CLAIMS FOR APR-26,01-Jul-2026
VE-GOLOKWATI HEALTH CENTRE,HOHOE,15988.22,PAYMENT OF CLAIMS FOR FEB-26,01-Jul-2026
VE-GOLOKWATI HEALTH CENTRE,HOHOE,19415.23,PAYMENT OF CLAIMS FOR MAR-26,01-Jul-2026
VE-HOEME (VE-GHAD) HEALTH CENTER,HOHOE,3262.83,PAYMENT OF CLAIMS FOR JAN-26,01-Jul-2026
VEA HEALTH CENTRE,BONGO,14938.13,PAYMENT OF CLAIMS FOR APR-26,01-Jul-2026
VIERI HEALTH CENTRE,WA WEST,14916.23,PAYMENT OF CLAIMS FOR MAY-26,01-Jul-2026
VIERI HEALTH CENTRE,WA WEST,9843.60,PAYMENT OF CLAIMS FOR MAR-26,01-Jul-2026
VIERI HEALTH CENTRE,WA WEST,15137.96,PAYMENT OF CLAIMS FOR FEB-26,01-Jul-2026
VIERI HEALTH CENTRE,WA WEST,14209.39,PAYMENT OF CLAIMS FOR APR-26,01-Jul-2026
VILLA REGINA HEALTH CENTER,KASENA-NANKANA,12037.17,PAYMENT OF CLAIMS FOR FEB-26,01-Jul-2026
VINGVING CHPS,JIRAPA LAMBUSSI,1585.86,ACCRUAL OF UNVETTED CLAIMS FOR DEC-25,01-Jul-2026
VOGGU CHPS - KUMBUNGU,TOLON/KUMBUNGU,6985.65,PAYMENT OF CLAIMS FOR MAR-26,01-Jul-2026
VOLIVO CHPS,DANGME W,2421.34,PAYMENT OF CLAIM FOR APR-26,01-Jul-2026
VOLIVO CHPS,DANGME W,588.28,PAYMENT OF CLAIMS FOR SEPT-24,01-Jul-2026
VOLIVO CHPS,DANGME W,1323.49,PAYMENT OF CLAIMS FOR JUN-24,01-Jul-2026
VOLIVO CHPS,DANGME W,1960.55,PAYMENT OF CLAIMS FOR JUL-24,01-Jul-2026
WA DANDAFURO CHPS COMPOUND,WA MUNICIPAL,4988.12,PAYMENT OF CLAIMS FOR APR-26,01-Jul-2026
WA DANKO CHPS COMPOUND,WA MUNICIPAL,6592.20,PAYMENT OF CLAIMS FOR MAR-26,01-Jul-2026
WA GULI CHPS COMPOUND,WA MUNICIPAL,4301.40,ACCRUAL OF UNVETTED CLAIMS FOR NOV-25,01-Jul-2026
WA MUNICIPAL HOSPITAL,UPPER WEST,523598.79,PAYMENT OF CLAIMS FOR JAN-26,01-Jul-2026
WA MUNICIPAL HOSPITAL,UPPER WEST,508539.24,PAYMENT OF CLAIMS FOR FEB 26,01-Jul-2026
WA MUNICIPAL HOSPITAL,UPPER WEST,9193.19,ACCRUAL OF UNVETTED CLAIMS FOR DEC-25,01-Jul-2026
WA POLYTECHNIC CLINIC,WA MUNICIPAL,289.70,PAYMENT OF CLAIMS FOR APR-26,01-Jul-2026
WA POLYTECHNIC CLINIC,WA MUNICIPAL,345.40,PAYMENT OF CLAIMS FOR MAR-26,01-Jul-2026
WA URBAN HEALTH CENTRE,WA MUN,30913.87,PAYMENT OF CLAIMS FOR FEB-26,01-Jul-2026
WA WEST DISTRICT HOSPITAL,WA WEST,245963.59,PAYMENT OF CLAIMS FOR MAR-26,01-Jul-2026
WADEMAXE CHPS,KPANDO,2921.82,PAYMENT OF CLAIMS FOR APR-26,01-Jul-2026
ABEKOASE CHPS,AMENFIMAN,803.98,PAYMENT OF CLAIMS FOR JAN-26,04-May-2026
ABESEWA GYAMAN CHPS ZONE,WASSA AMENFI E,1397.60,PAYMENT OF CLAIMS FOR JAN-26,04-May-2026
ABIGYAKROM CHPS COMPOUND,AGONA,267.94,PAYMENT OF CLAIMS FOR JAN-26,04-May-2026
"ABOABO CHPS,",BIRIM SOUTH,24836.72,PAYMENT OF CLAIMS FOR FEB-26,04-May-2026
ABOABO CHPS-YILO KROBO,YILO KROBO,927.08,PAYMENT OF CLAIMS FOR JAN-26,04-May-2026
ABODUABO CHPS COMPOUND,BIBIANI-AN BE,2910.18,PAYMENT OF CLAIMS FOR JAN-26,04-May-2026
ABOFUOR HEALTH CENTRE,OFFINSOMAN,42874.68,PAYMENT OF CLAIMS FOR JAN-26,04-May-2026
ABOI NKWANTA,AMENFIMAN,3628.11,PAYMENT OF CLAIMS FOR JAN-26,04-May-2026
ABOR CHPS,MFANTSIMAN,1594.03,PAYMENT OF CLAIMS FOR JAN-26,04-May-2026
ABORLOVE/NOLOPI CHPS,KETA,1101.41,PAYMENT OF CLAIMS FOR JAN-26,04-May-2026
ABOSI CHPS COMPOUND,BIA,5186.58,PAYMENT OF CLAIMS FOR JAN-26,04-May-2026
ABOTAREYE CHPS,WASSA AMENFI E,424.13,PAYMENT OF CLAIMS FOR JAN-26,04-May-2026
ABREM ESSIAM CHPS COMPOUND,KEEA,1617.59,PAYMENT OF CLAIMS FOR JAN-26,04-May-2026
ABROKOFE CHPS,JUABOSO,1615.91,PAYMENT OF CLAIMS FOR JAN-26,04-May-2026
ABROKYIRE KROBO CHPS ZONE,WASSA AMENFI E,427.38,PAYMENT OF CLAIMS FOR JAN-26,04-May-2026
ABUDUKROM CHPS COMPOUND,UPPER DENKYIRA,1705.98,PAYMENT OF CLAIMS FOR JAN-26,04-May-2026
ABUNYANYA CHPS COMPOUND,NKWANTA,4997.09,PAYMENT OF CLAIMS FOR JAN-26,04-May-2026
ABURA CHPS COMPOUND,AHANTAMAN,597.75,PAYMENT OF CLAIMS FOR JAN-26,04-May-2026
ABURANSA CHPS ZONE,KEEA,8026.81,PAYMENT OF CLAIMS FOR JAN-26,04-May-2026
ACHIASE CHPS COMPOUND (BIA EAST),BIA,2849.82,PAYMENT OF CLAIMS FOR JAN-26,04-May-2026
ACHIASE DISTRICT HOSPITAL,AKIM ODA,42061.92,CLAIMS PAYMENT FOR SEP-2025,04-May-2026
ACHIASE DISTRICT HOSPITAL,AKIM ODA,76990.95,CLAIMS PAYMENT FOR OCT-2025,04-May-2026
ACHIASE DISTRICT HOSPITAL,AKIM ODA,70681.86,CLAIMS PAYMENT FOR DEC-2025,04-May-2026
ACHIASE DISTRICT HOSPITAL,AKIM ODA,26888.98,CLAIMS PAYMENT FOR AUGUST-2025,04-May-2026
ACHIMFO-ADJEIKROM CHPS COMPOUND,AOWIN-SU,967.62,PAYMENT OF CLAIMS FOR JAN-26,04-May-2026
ACKAAKROM CHPS,SEFWI AKONTOMBR,2918.43,PAYMENT OF CLAIMS FOR JAN-26,04-May-2026
ACQUAI ALLAH CHPS,AOWIN-SU,5109.07,PAYMENT OF CLAIMS FOR JAN-26,04-May-2026
ADA EAST DISTRICT HOSPITAL,DANGME EAST,243170.13,PAYMENT OF CLAIMS FOR DEC-25,04-May-2026
ADA EAST DISTRICT HOSPITAL,DANGME EAST,219850.85,PAYMENT OF CLAIMS FOR NOV-25,04-May-2026
ADADEKOFI CHPS COMPOUND,TLD,929.61,PAYMENT OF CLAIMS FOR JAN-26,04-May-2026
ADALEKPOE CHPS COMPOUND,NORTH TONGU,2015.85,PAYMENT OF CLAIMS FOR JAN-26,04-May-2026
ADANSI CHPS ZONE,WASSA AMENFI E,383.32,PAYMENT OF CLAIMS FOR JAN-26,04-May-2026
ADELAKOEKOPE CHPS,KETU NORTH,527.33,PAYMENT OF CLAIMS FOR JAN-26,04-May-2026
ADIEMBRA CHPS MPOHOR WASSA EAST,MPOHOR WASS E,2760.28,PAYMENT OF CLAIMS FOR JAN-26,04-May-2026
ADIOKOR CHPS COMPOUND,JAMAN SOUTH HIS,13144.34,PAYMENT OF CLAIMS FOR JAN-26,04-May-2026
ADISADEL URBAN HEALTH CENTRE,OGUAMAN,27037.08,PAYMENT OF CLAIMS FOR FEB-26,04-May-2026
ADJEIKROM CHPS COMPOUND,AOWIN-SU,8256.42,PAYMENT OF CLAIMS FOR JAN-26,04-May-2026
ADJUAH CHPS COMPOUND,AHANTAMAN,2242.53,PAYMENT OF CLAIMS FOR JAN-26,04-May-2026
ADJUMAKO-MPATASE CHPS,AHANTAMAN,2478.47,PAYMENT OF CLAIMS FOR JAN-26,04-May-2026
ADJUMANKO CHPS COMPOUND,WASSA AMENFI EA,871.67,PAYMENT OF CLAIMS FOR JAN-26,04-May-2026
ADUHIMA CHPS COMPOUND,OKWAWUMAN S,8203.91,PAYMENT OF CLAIMS FOR JAN-26,04-May-2026
ADUM DOMINASE CHPS,MPOHOR WASS E,2147.98,PAYMENT OF CLAIMS FOR JAN-26,04-May-2026
ADUPRI CHPS,BIBIANI-AN BE,2398.45,PAYMENT OF CLAIMS FOR JAN-26,04-May-2026
ADUSUAZO CHPS COMPOUND,JOMORO,1148.72,PAYMENT OF CLAIMS FOR JAN-26,04-May-2026
ADWUMAM CHPS COMPOUND,ASUNAFO,4546.38,PAYMENT OF CLAIMS FOR FEB-26,04-May-2026
ADWUMAM CHPS COMPOUND,ASUNAFO,4248.73,ACCRUAL OF UNVETTED CLAIMS FOR OCT-25,04-May-2026
ADWUMAM CHPS COMPOUND,ASUNAFO,4716.39,PAYMENT OF CLAIMS FOR JAN-26,04-May-2026
ADWUMAMU CHPS,JUABOSO,428.53,PAYMENT OF CLAIMS FOR JAN-26,04-May-2026
AFAODE CHPS ZONE,NORTH TONGU,643.46,PAYMENT OF CLAIMS FOR JAN-26,04-May-2026
AFFIENA CHPS COMPOUND,AMENFIMAN,638.58,PAYMENT OF CLAIMS FOR JAN-26,04-May-2026
AFRICA CHPS,JUABOSO,1875.01,PAYMENT OF CLAIMS FOR JAN-26,04-May-2026
AGANDAA CHPS,KASENA-NANKANA,549.12,PAYMENT OF CLAIMS FOR JAN-26,04-May-2026
AGATUSI CHPS (BAWKU WEST),BAWKU WEST,3012.08,PAYMENT OF CLAIMS FOR JAN-26,04-May-2026
AGBATEH CHPS COMPOUND,SOUTH DAYI,2101.56,PAYMENT OF CLAIMS FOR JAN-26,04-May-2026
AGBEDRAFOR CHPS COMPOUND,AKATSI,1540.72,PAYMENT OF CLAIMS FOR JAN-26,04-May-2026
AGGRESSO CHPS,AMENFIMAN,533.52,PAYMENT OF CLAIMS FOR JAN-26,04-May-2026
AGOGO PRESBYTERIAN HOSPITAL,ASANTE AKIM NOR,886135.80,CLAIMS PAYMENT FOR DEC-2025,04-May-2026
AGONA GOVERNMENT HOSPITAL,AFIGYA SEK,189425.52,CLAIMS PAYMENT FOR DEC-2025,04-May-2026
AGONAFIE CHPS COMPOUND,AHANTA WEST,832.77,PAYMENT OF CLAIMS FOR JAN-26,04-May-2026
AGUADZEKOPE CHPS COMPOUND,OKWAWUMAN SOUTH,1189.94,PAYMENT OF CLAIMS FOR JAN-26,04-May-2026
AGYAN CHPS COMPOUND,NZEMA EAST,1622.92,PAYMENT OF CLAIMS FOR JAN-26,04-May-2026
AGYEMANDIEM CHPS COMPOUND,JUABOSO,3418.83,PAYMENT OF CLAIMS FOR JAN-26,04-May-2026
AHAFO ANO NORTH MUNICIPAL HOSPITAL (TEPA DISTRICT HOSPITAL),AHAFO ANO N,207486.37,PAYMENT OF CLAIMS FOR JAN-25,04-May-2026
AHAFO ANO NORTH MUNICIPAL HOSPITAL (TEPA DISTRICT HOSPITAL),AHAFO ANO N,159811.42,PAYMENT OF CLAIMS FOR FEB-25,04-May-2026
AHAMADONKO CHPS COMPOUND,AGONA,928.55,PAYMENT OF CLAIMS FOR JAN-26,04-May-2026
"AHANTA ABAASA CHPS COMPOUND,",SEKONDI SM,1378.97,PAYMENT OF CLAIMS FOR JAN-26,04-May-2026
"AHMADIYA MUSLIM HOSPITAL, KOKOFU",AMANSIE EAST,113189.14,PAYMENT OF CLAIMS FOR APRIL-25,04-May-2026
"AHMADIYA MUSLIM HOSPITAL, KOKOFU",AMANSIE EAST,164950.41,PAYMENT OF CLAIMS FOR DEC-25,04-May-2026
"AHMADIYA MUSLIM HOSPITAL, KOKOFU",AMANSIE EAST,130673.02,PAYMENT OF CLAIMS FOR JULY-25,04-May-2026
"AHMADIYA MUSLIM HOSPITAL, SEKYERE EAST",SEKYERE EAST-EF,131025.01,CLAIMS PAYMENT FOR DEC-2025,04-May-2026
AHMADIYYA MUSLIM HEALTH CENTRE -KALEO,NADOWLI,149849.02,PAYMENT OF CLAIMS FOR JAN-26,04-May-2026
AHMADIYYA MUSLIM HEALTH CENTRE -KALEO,NADOWLI,116868.18,PAYMENT OF CLAIMS FOR FEB-26,04-May-2026
AHMADIYYA MUSLIM MISSION (AGONA),AGONA NHIS,101182.60,CALIMS PAYMENT FOR DEC-2025,04-May-2026
AHOBRE CHPS ZONE,JOMORO MHIS,950.98,PAYMENT OF CLAIMS FOR JAN-26,04-May-2026
AHOKWA CHPS COMPOUND,SEFWI WIAWSO,3575.08,PAYMENT OF CLAIMS FOR JAN-26,04-May-2026
AKAA CHPS COMPOUND,JASIKAN,4480.77,PAYMENT OF CLAIMS FOR JAN-26,04-May-2026
AKAATISO CHPS (BIA),BIA,9430.71,PAYMENT OF CLAIMS FOR JAN-26,04-May-2026
AKARA CHPS COMPOUND,GARU,2080.69,PAYMENT OF CLAIMS FOR JAN-26,04-May-2026
AKETEKYI CHPS COMPOUND,AHANTAMAN,2013.76,PAYMENT OF CLAIMS FOR JAN-26,04-May-2026
AKLOMAIM CHPS COMPOUND,TLD,1768.64,PAYMENT OF CLAIMS FOR JAN-26,04-May-2026
AKOKOA HEALTH CENTRE,ATEBUBU,29315.91,CLAIMS PAYMENT FOR SEP-2025,04-May-2026
AKOKOA HEALTH CENTRE,ATEBUBU,33599.54,CLAIMS PAYMENT FOR OCT-2025,04-May-2026
AKOKOA HEALTH CENTRE,ATEBUBU,29016.08,CLAIMS PAYMENT FOR DEC-2025,04-May-2026
AKOMAA MEMORIAL SDA HOSPITAL (KORTWIA),AMANSIE EAST,127591.67,PAYMENT OF CLAIMS FOR FEB-26,04-May-2026
AKOMAA MEMORIAL SDA HOSPITAL (KORTWIA),AMANSIE EAST,143049.63,PAYMENT OF CLAIMS FOR JAN-26,04-May-2026
AKONTOMBRA GOVERNMENT HOSPITAL,SEFWI AKONTOMBR,75012.01,PAYMENT OF CLAIMS FOR FEB-26,04-May-2026
AKONTOMBRA GOVERNMENT HOSPITAL,SEFWI AKONTOMBR,83749.20,PAYMENT OF CLAIMS FOR JAN-26,04-May-2026
AKORE CHPS,TAIN DISTRICT,2105.62,PAYMENT OF CLAIMS FOR JAN-26,04-May-2026
AKOTI HEALTH CENTRE (ASSIN NORTH),ASSIN NORTH,18370.78,PAYMENT OF CLAIMS FOR FEB-26,04-May-2026
AKOTI-ETWEBO CHPS COMPOUND,SEFWI WIAWSO DM,4513.28,PAYMENT OF CLAIMS FOR JAN-26,04-May-2026
AKOTSI CHPS COMPOUND,GOMOAMAN,777.66,PAYMENT OF CLAIMS FOR JAN-26,04-May-2026
AKPAFUL CHPS COMPOUND,SEFWI AKONTOMBR,1216.72,PAYMENT OF CLAIMS FOR JAN-26,04-May-2026
AKROKERRI HEALTH CENTRE,ADANSI NORTH,53003.82,PAYMENT OF CLAIMS FOR JAN-26,04-May-2026
AKROSO HEALTH CENTRE,BIRIM SOUTH,27955.40,PAYMENT OF CLAIMS FOR JAN-26,04-May-2026
AKUTUASE CLINIC,MPOHOR WASSA EA,7169.30,PAYMENT OF CLAIMS FOR JAN-26,04-May-2026
AKWABOSO CHPS,UPPER DENKYIRA,1141.33,PAYMENT OF CLAIMS FOR JAN-26,04-May-2026
AKWANHYIAMU CHPS COMPOUND,ASSIN NORTH,1652.52,PAYMENT OF CLAIMS FOR JAN-26,04-May-2026
AKWIDAA CHPS ZONE,AHANTAMAN,543.45,PAYMENT OF CLAIMS FOR JAN-26,04-May-2026
AKYEKROM CHPS ZONE,BIRIM NORTH,990.92,PAYMENT OF CLAIMS FOR JAN-26,04-May-2026
AMAFIE CHPS,SEFWI WIAWSO,1967.40,PAYMENT OF CLAIMS FOR JAN-26,04-May-2026
AMANSHIA CHPS COMPOUND,AOWIN-SU,1785.94,PAYMENT OF CLAIMS FOR JAN-26,04-May-2026
AMANTEN HEALTH CENTRE,ATEBUBU,52056.93,PAYMENT OF CLAIMS FOR JAN-26,04-May-2026
AMOABIN CHPS ZONE,ASSIN SOUTH,1779.43,PAYMENT OF CLAIMS FOR JAN-26,04-May-2026
AMOAKOKROM CHPS,AMENFIMAN,1440.53,PAYMENT OF CLAIMS FOR JAN-26,04-May-2026
AMOAMO HEALTH CENTRE,AMANSIE EAST,5743.42,PAYMENT OF CLAIMS FOR FEB-26,04-May-2026
